# Alias OBJ Model File
# Exported from SketchUp, (c) 2000-2012 Trimble Navigation Limited
# File units = millimeters

mtllib grass.mtl

g Mesh1 Group2 Group1 Model

usemtl Marc_Shoes3
v 6384.82 0 -4625.8
vt 7.3946 122.447
vn -0.731043 0.39458 0.556671
v 6409.89 0 -4592.88
vt 9.02368 122.447
v 6428.52 61.2574 -4611.84
vt 8.87421 125.072
vn -0.706487 0.459851 0.537972
v 6408.05 61.2574 -4638.72
vt 7.54407 125.072
f 1/1/1 2/2/1 3/3/2 4/4/2 

vt 7.54407 164.81
vt 8.87421 164.81
v 6453.24 118.091 -4636.89
vt 8.67942 167.435
vn -0.636718 0.599597 0.484845
v 6438.77 118.091 -4655.89
vt 7.73887 167.435
f 4/5/2 3/6/2 5/7/3 6/8/3 

vt 7.73887 213.379
vt 8.67942 213.379
v 6481.61 167.504 -4673.5
vt 8.20914 216.004
vn -0.58969 0.671292 0.449034
f 6/9/3 5/10/3 7/11/4

g Mesh2 Group2 Group1 Model

v 7684.65 0 -4639.66
vt -27.774 43.0039
vn -0.887357 0.12206 0.444634
v 7706.14 0 -4596.78
vt -25.8854 43.0039
v 7711.44 66.1682 -4604.36
vt -26.0587 45.6285
vn -0.885558 0.137435 0.443732
v 7693.9 66.1682 -4639.37
vt -27.6007 45.6285
f 8/12/5 9/13/5 10/14/6 11/15/6 

vt -27.6007 56.4499
vt -26.0587 56.4499
v 7717.98 132.052 -4614.05
vt -26.2845 59.0746
vn -0.880733 0.171905 0.441314
v 7705.57 132.052 -4638.81
vt -27.3749 59.0746
f 11/16/6 10/17/6 12/18/7 13/19/7 

vt -27.3749 72.5227
vt -26.2845 72.5227
v 7723.16 197.492 -4632.13
vt -26.8297 75.1474
vn -0.877588 0.190968 0.439739
f 13/20/7 12/21/7 14/22/8

g Mesh3 Group2 Group1 Model

v 8011.93 0 -4365.91
vt 252.358 -94.6122
vn 0.892824 0.370085 0.256715
v 8023.34 0 -4405.59
vt 253.983 -94.6122
v 7998.58 61.9332 -4408.77
vt 253.834 -91.9876
vn 0.873482 0.417076 0.251153
v 7989.26 61.9332 -4376.37
vt 252.507 -91.9876
f 15/23/9 16/24/9 17/25/10 18/26/10 

vt 252.507 -115.749
vt 253.834 -115.749
v 7967.55 121.025 -4412.55
vt 253.64 -113.124
vn 0.822107 0.517942 0.236381
v 7960.97 121.025 -4389.65
vt 252.701 -113.124
f 18/27/10 17/28/10 19/29/11 20/30/11 

vt 252.701 -140.777
vt 253.64 -140.777
v 7927.68 175.762 -4411.62
vt 253.17 -138.152
vn 0.789086 0.570847 0.226887
f 20/31/11 19/32/11 21/33/12

g Mesh4 Group2 Group1 Model

v 6487.5 0 -5452.45
vt 315.764 -36.0587
vn 0.806781 0.334658 0.486937
v 6512.86 0 -5494.46
vt 317.696 -36.0587
v 6491.43 62.8226 -5502.13
vt 317.518 -33.4341
vn 0.793546 0.375356 0.478949
v 6470.73 62.8226 -5467.83
vt 315.941 -33.4341
f 22/34/13 23/35/13 24/36/14 25/37/14 

vt 315.941 -42.1377
vt 317.518 -42.1377
v 6464.69 123.467 -5511.42
vt 317.287 -39.513
vn 0.758673 0.463402 0.457901
v 6450.05 123.467 -5487.16
vt 316.172 -39.513
f 25/38/14 24/39/14 26/40/15 27/41/15 

vt 316.172 -49.7809
vt 317.287 -49.7809
v 6428.26 180.807 -5516.87
vt 316.73 -47.1562
vn 0.736368 0.510134 0.444439
f 27/42/15 26/43/15 28/44/16

g Mesh5 Group2 Group1 Model

v 7183.09 0 -4129.19
vt 16.7145 -84.9109
vn 0.86055 0.26065 -0.437625
v 7164.01 0 -4166.7
vt 18.3716 -84.9109
v 7150.27 64.3622 -4155.38
vt 18.2196 -82.2862
vn 0.8534 0.288724 -0.433989
v 7165.85 64.3622 -4124.75
vt 16.8666 -82.2862
f 29/45/17 30/46/17 31/47/18 32/48/18 

vt 16.8666 -100.502
vt 18.2196 -100.502
v 7133.74 127.601 -4141.33
vt 18.0214 -97.8773
vn 0.835035 0.349842 -0.424649
v 7144.76 127.601 -4119.67
vt 17.0647 -97.8773
f 32/49/18 31/50/18 33/51/19 34/52/19 

vt 17.0647 -119.448
vt 18.0214 -119.448
v 7116.51 189.192 -4118.94
vt 17.5431 -116.823
vn 0.823506 0.382695 -0.418787
f 34/53/19 33/54/19 35/55/20

g Mesh6 Group2 Group1 Model

v 6686.52 0 -5396.17
vt -174.363 -80.6815
vn 0.329591 0.278326 -0.902167
v 6641.94 0 -5412.46
vt -172.494 -80.6815
v 6639.66 64.0325 -5393.53
vt -172.666 -78.0568
vn 0.326417 0.308456 -0.89348
v 6676.06 64.0325 -5380.24
vt -174.192 -78.0568
f 36/56/21 37/57/21 38/58/22 39/59/22 

vt -174.192 -95.442
vt -172.666 -95.442
v 6637.25 126.769 -5370.4
vt -172.889 -92.8173
vn 0.318261 0.373897 -0.871155
v 6662.99 126.769 -5361
vt -173.968 -92.8173
f 39/60/22 38/61/22 40/62/23 41/63/23 

vt -173.968 -113.337
vt -172.889 -113.337
v 6640.77 187.605 -5340.09
vt -173.429 -110.712
vn 0.313141 0.40897 -0.857139
f 41/64/23 40/65/23 42/66/24

g Mesh7 Group2 Group1 Model

v 6370.77 0 -5493.08
vt -94.3943 -134.02
vn 0.489342 0.422188 -0.763087
v 6329.67 0 -5519.44
vt -92.4722 -134.02
v 6318.25 60.4339 -5493.32
vt -92.6485 -131.395
vn 0.469775 0.492593 -0.732574
v 6351.81 60.4339 -5471.81
vt -94.218 -131.395
f 43/67/25 44/68/25 45/69/26 46/70/26 

vt -94.218 -175.146
vt -92.6485 -175.146
v 6303.01 115.671 -5458.75
vt -92.8784 -172.522
vn 0.41434 0.640968 -0.646129
v 6326.74 115.671 -5443.54
vt -93.9881 -172.522
f 46/71/26 45/72/26 47/73/27 48/74/27 

vt -93.9881 -222.082
vt -92.8784 -222.082
v 6289.13 162.25 -5410.99
vt -93.4333 -219.457
vn 0.377156 0.715432 -0.588142
f 48/75/27 47/76/27 49/77/28

g Mesh8 Group2 Group1 Model

v 7203.03 0 -4424.15
vt -28.4764 -70.0754
vn 0.786035 0.211336 -0.580935
v 7177.12 0 -4459.21
vt -26.7598 -70.0754
v 7168.17 65.1609 -4447.62
vt -26.9173 -67.4508
vn 0.778899 0.248856 -0.575662
v 7189.33 65.1609 -4418.99
vt -28.3189 -67.4508
f 50/78/29 51/79/29 52/80/30 53/81/30 

vt -28.3189 -92.2178
vt -26.9173 -92.2178
v 7155.93 129.043 -4432.09
vt -27.1225 -89.5931
vn 0.757681 0.335174 -0.55998
v 7170.89 129.043 -4411.85
vt -28.1137 -89.5931
f 53/82/30 52/83/30 54/84/31 55/85/31 

vt -28.1137 -121.951
vt -27.1225 -121.951
v 7142.85 190.614 -4406.78
vt -27.6181 -119.327
vn 0.742729 0.383446 -0.548929
f 55/86/31 54/87/31 56/88/32

g Mesh9 Group2 Group1 Model

v 7212.47 0 -4783.63
vt 17.513 -60.6419
vn 0.846894 0.17821 -0.50101
v 7190.17 0 -4821.34
vt 19.2377 -60.6419
v 7181.99 65.5995 -4811.83
vt 19.0795 -58.0172
vn 0.843992 0.195917 -0.499293
v 7200.2 65.5995 -4781.04
vt 17.6713 -58.0172
f 57/89/33 58/90/33 59/91/34 60/92/34 

vt 17.6713 -70.0482
vt 19.0795 -70.0482
v 7172.4 130.728 -4800.07
vt 18.8733 -67.4235
vn 0.836656 0.234578 -0.494954
v 7185.28 130.728 -4778.3
vt 17.8775 -67.4235
f 60/93/34 59/94/34 61/95/35 62/96/35 

vt 17.8775 -81.6993
vt 18.8733 -81.6993
v 7164.18 195.182 -4780.52
vt 18.3754 -79.0746
vn 0.832108 0.255487 -0.492263
f 62/97/35 61/98/35 63/99/36

g Mesh10 Group2 Group1 Model

v 7329.95 0 -4584.57
vt 130.318 -18.4673
vn 0.984545 0.0587303 -0.164988
v 7322.85 0 -4626.92
vt 132.009 -18.4673
v 7319.64 66.5516 -4622.39
vt 131.853 -15.8427
vn 0.983933 0.0684667 -0.164886
v 7325.44 66.5516 -4587.81
vt 130.473 -15.8427
f 64/100/37 65/101/37 66/102/38 67/103/38 

vt 130.473 -21.9642
vt 131.853 -21.9642
v 7315.35 133.014 -4616.46
vt 131.651 -19.3395
vn 0.982144 0.0911328 -0.164586
v 7319.45 133.014 -4592.01
vt 130.675 -19.3395
f 67/104/38 66/105/38 68/106/39 69/107/39 

vt 130.675 -27.4732
vt 131.651 -27.4732
v 7310.56 199.319 -4603.09
vt 131.163 -24.8485
vn 0.980894 0.104054 -0.164376
f 69/108/39 68/109/39 70/110/40

g Mesh11 Group2 Group1 Model

v 6899.56 0 -5253.57
vt 317.183 58.3778
vn 0.238027 0.462079 0.854299
v 6943.24 0 -5265.74
vt 318.968 58.3778
v 6930.96 59.1226 -5294.3
vt 318.805 61.0025
vn 0.21173 0.614572 0.759916
v 6895.3 59.1226 -5284.37
vt 317.347 61.0025
f 71/111/41 72/112/41 73/113/42 74/114/42 

vt 317.347 96.8118
vt 318.805 96.8118
v 6912.38 103.454 -5340.81
vt 318.591 99.4364
vn 0.125838 0.883281 0.451642
v 6887.16 103.454 -5333.78
vt 317.561 99.4364
f 74/115/42 73/116/42 75/117/43 76/118/43 

vt 317.561 126.534
vt 318.591 126.534
v 6882.42 119.851 -5399.54
vt 318.076 129.158
vn 0.0660175 0.969278 0.236942
f 76/119/43 75/120/43 77/121/44

g Mesh12 Group2 Group1 Model

v 7960.15 0 -4259.21
vt -246.279 -44.1638
vn 0.304235 0.172326 -0.93688
v 7917.72 0 -4272.99
vt -244.523 -44.1638
v 7918.06 65.6693 -4260.8
vt -244.684 -41.5392
vn 0.302759 0.197719 -0.932333
v 7952.7 65.6693 -4249.55
vt -246.118 -41.5392
f 78/122/45 79/123/45 80/124/46 81/125/46 

vt -246.118 -54.5238
vt -244.684 -54.5238
v 7918.55 130.658 -4245.01
vt -244.894 -51.8992
vn 0.298619 0.255322 -0.919585
v 7943.04 130.658 -4237.06
vt -245.908 -51.8992
f 81/126/46 80/127/46 82/128/47 83/129/47 

vt -245.908 -68.4253
vt -244.894 -68.4253
v 7924.88 194.512 -4222.81
vt -245.401 -65.8006
vn 0.295827 0.287383 -0.910987
f 83/130/47 82/131/47 84/132/48

g Mesh13 Group2 Group1 Model

v 7900.03 0 -4323.94
vt -39.566 -144.421
vn 0.746264 0.409878 -0.52449
v 7874.28 0 -4360.57
vt -37.8033 -144.421
v 7854.29 60.8093 -4341.5
vt -37.965 -141.796
vn 0.722622 0.468915 -0.507874
v 7875.31 60.8093 -4311.59
vt -39.4043 -141.796
f 85/133/49 86/134/49 87/135/50 88/136/50 

vt -39.4043 -182.708
vt -37.965 -182.708
v 7828.68 117.511 -4316.96
vt -38.1758 -180.083
vn 0.658065 0.594173 -0.462502
v 7843.55 117.511 -4295.81
vt -39.1935 -180.083
f 88/137/50 87/138/50 89/139/51 90/140/51 

vt -39.1935 -226.883
vt -38.1758 -226.883
v 7800.2 167.69 -4281.15
vt -38.6846 -224.258
vn 0.615803 0.658386 -0.432799
f 90/141/51 89/142/51 91/143/52

g Mesh14 Group2 Group1 Model

v 7524.54 0 -4676.24
vt -262.979 84.5207
vn -0.888492 0.368895 -0.272942
v 7511.38 0 -4633.4
vt -261.215 84.5207
v 7536.1 61.9647 -4630.11
vt -261.377 87.1454
vn -0.8362 0.484544 -0.256878
v 7546.84 61.9647 -4665.08
vt -262.817 87.1454
f 92/144/53 93/145/53 94/146/54 95/147/54 

vt -262.817 138.237
vt -261.377 138.237
v 7575.41 115.681 -4623.64
vt -261.588 140.862
vn -0.653388 0.729929 -0.200719
v 7583.01 115.681 -4648.37
vt -262.606 140.862
f 95/148/54 94/149/54 96/150/55 97/151/55 

vt -262.606 197.691
vt -261.588 197.691
v 7632.92 151.557 -4619.5
vt -262.097 200.316
vn -0.51441 0.842858 -0.158025
f 97/152/55 96/153/55 98/154/56

g Mesh15 Group2 Group1 Model

v 6266.21 0 -5724.04
vt -302.576 13.2548
vn -0.919924 0.0935051 -0.380784
v 6249.94 0 -5684.75
vt -300.902 13.2548
v 6257.2 66.3746 -5685.97
vt -301.055 15.8795
vn -0.918689 0.106786 -0.380273
v 6270.48 66.3746 -5718.06
vt -302.422 15.8795
f 99/155/57 100/156/57 101/157/58 102/158/58 

vt -302.422 19.6411
vt -301.055 19.6411
v 6266.54 132.559 -5687.61
vt -301.256 22.2658
vn -0.915257 0.137026 -0.378852
v 6275.93 132.559 -5710.3
vt -302.222 22.2658
f 102/159/58 101/160/58 103/161/59 104/162/59 

vt -302.222 27.0681
vt -301.256 27.0681
v 6280.71 198.431 -5695.03
vt -301.739 29.6928
vn -0.912955 0.153964 -0.3779
f 104/163/59 103/164/59 105/165/60

g Mesh16 Group2 Group1 Model

v 7805.44 0 -4193.69
vt -306.937 -63.8331
vn 0.00203102 0.385043 -0.922897
v 7764.69 0 -4193.78
vt -305.332 -63.8331
v 7768.37 61.5266 -4168.11
vt -305.48 -61.2084
vn 0.00197861 0.437773 -0.899083
v 7801.64 61.5266 -4168.03
vt -306.789 -61.2084
f 106/166/61 107/167/61 108/168/62 109/169/62 

vt -306.789 -78.4666
vt -305.48 -78.4666
v 7773.17 119.677 -4135.49
vt -305.671 -75.8419
vn 0.00183694 0.550693 -0.834706
v 7796.7 119.677 -4135.44
vt -306.598 -75.8419
f 109/170/62 108/171/62 110/172/63 111/173/63 

vt -306.598 -95.9067
vt -305.671 -95.9067
v 7784.85 172.531 -4094.83
vt -306.134 -93.282
vn 0.00174472 0.609478 -0.792801
f 111/174/63 110/175/63 112/176/64

g Mesh17 Group2 Group1 Model

v 6212.8 0 -5819.27
vt -316.145 32.9152
vn -0.847344 0.295946 -0.440936
v 6192.39 0 -5780.05
vt -314.404 32.9152
v 6211.76 63.6803 -5774.54
vt -314.564 35.5398
vn -0.83763 0.329217 -0.435881
v 6228.43 63.6803 -5806.57
vt -315.985 35.5398
f 113/177/65 114/178/65 115/179/66 116/180/66 

vt -315.985 42.8894
vt -314.564 42.8894
v 6235.62 125.823 -5768.09
vt -314.772 45.5141
vn -0.812462 0.401446 -0.422784
v 6247.4 125.823 -5790.73
vt -315.777 45.5141
f 116/181/66 115/182/66 117/183/67 118/184/67 

vt -315.777 54.1539
vt -314.772 54.1539
v 6267.53 185.687 -5765.87
vt -315.274 56.7786
vn -0.796562 0.440079 -0.414511
f 118/185/67 117/186/67 119/187/68

g Mesh18 Group2 Group1 Model

v 6338.92 0 -5661.44
vt 164.826 -88.8643
vn 0.930588 0.30517 -0.202179
v 6329.16 0 -5706.36
vt 166.636 -88.8643
v 6310.17 63.4865 -5697.92
vt 166.47 -86.2396
vn 0.914759 0.351736 -0.19874
v 6318.14 63.4865 -5661.24
vt 164.992 -86.2396
f 120/188/69 121/189/69 122/190/70 123/191/70 

vt 164.992 -113.123
vt 166.47 -113.123
v 6285.45 124.662 -5686.93
vt 166.254 -110.498
vn 0.870312 0.454758 -0.189083
v 6291.08 124.662 -5660.99
vt 165.209 -110.498
f 123/192/70 122/193/70 124/194/71 125/195/71 

vt 165.209 -143.419
vt 166.254 -143.419
v 6255.02 181.997 -5666.74
vt 165.731 -140.794
vn 0.840424 0.510244 -0.18259
f 125/196/71 124/197/71 126/198/72

g Mesh19 Group2 Group1 Model

v 6453.29 0 -4836.45
vt -7.00397 -11.1075
vn 0.786303 0.0349928 -0.616849
v 6422.62 0 -4875.54
vt -5.04769 -11.1075
v 6423.6 66.6258 -4870.51
vt -5.22719 -8.48282
vn 0.786072 0.0425582 -0.616668
v 6448.64 66.6258 -4838.59
vt -6.82448 -8.48282
f 127/199/73 128/200/73 129/201/74 130/202/74 

vt -6.82448 -13.2852
vt -5.22719 -13.2852
v 6424.63 133.209 -4863.78
vt -5.4611 -10.6606
vn 0.785322 0.060945 -0.61608
v 6442.34 133.209 -4841.21
vt -6.59056 -10.6606
f 130/203/74 129/204/74 131/205/75 132/206/75 

vt -6.59056 -17.5318
vt -5.4611 -17.5318
v 6429.72 199.704 -4849.54
vt -6.02583 -14.9071
vn 0.784756 0.0717616 -0.615636
f 132/207/75 131/208/75 133/209/76

g Mesh20 Group2 Group1 Model

v 7021.07 0 -4586.2
vt -41.479 6.24975
vn -0.899122 0.0190803 0.437281
v 7042.29 0 -4542.58
vt -39.5692 6.24975
v 7041.49 66.6545 -4547.14
vt -39.7445 8.87442
vn -0.899072 0.0218391 0.437257
v 7024.16 66.6545 -4582.76
vt -41.3038 8.87442
f 134/210/77 135/211/77 136/212/78 137/213/78 

vt -41.3038 10.6816
vt -39.7445 10.6816
v 7040.42 133.301 -4553.07
vt -39.9728 13.3063
vn -0.89893 0.0281537 0.437188
v 7028.17 133.301 -4578.26
vt -41.0754 13.3063
f 137/214/78 136/215/78 138/216/79 139/217/79 

vt -41.0754 15.6355
vt -39.9728 15.6355
v 7036.2 199.934 -4566.59
vt -40.5241 18.2601
vn -0.898834 0.0317093 0.437141
f 139/218/79 138/219/79 140/220/80

g Mesh21 Group2 Group1 Model

v 6530.81 0 -5450.73
vt 201.284 -94.7916
vn 0.93399 0.35414 -0.0474123
v 6528.39 0 -5498.44
vt 203.165 -94.7916
v 6505.03 62.3462 -5492.87
vt 202.993 -92.1669
vn 0.91841 0.392874 -0.0466214
v 6507.01 62.3462 -5453.91
vt 201.457 -92.1669
f 141/221/81 142/222/81 143/223/82 144/224/82 

vt 201.457 -112.729
vt 202.993 -112.729
v 6476.63 122.505 -5485.7
vt 202.768 -110.104
vn 0.878415 0.475813 -0.0445912
v 6478.03 122.505 -5458.16
vt 201.682 -110.104
f 144/225/82 143/226/82 145/227/83 146/228/83 

vt 201.682 -133.86
vt 202.768 -133.86
v 6442.74 179.47 -5470.18
vt 202.225 -131.236
vn 0.853375 0.519495 -0.04332
f 146/229/83 145/230/83 147/231/84

g Mesh22 Group2 Group1 Model

v 6349.84 0 -5528.76
vt -44.2428 -123.324
vn 0.611534 0.375403 -0.69649
v 6315.71 0 -5558.74
vt -42.4544 -123.324
v 6302.33 61.7908 -5537.18
vt -42.6184 -120.699
vn 0.595419 0.430823 -0.678136
v 6330.2 61.7908 -5512.71
vt -44.0787 -120.699
f 148/232/85 149/233/85 150/234/86 151/235/86 

vt -44.0787 -156.611
vt -42.6184 -156.611
v 6285.09 120.104 -5509.32
vt -42.8323 -153.986
vn 0.55093 0.550238 -0.627467
v 6304.8 120.104 -5492.01
vt -43.8648 -153.986
f 151/236/86 150/237/86 152/238/87 153/239/87 

vt -43.8648 -196.119
vt -42.8323 -196.119
v 6268 172.798 -5469.98
vt -43.3486 -193.494
vn 0.521503 0.612581 -0.593952
f 153/240/87 152/241/87 154/242/88

g Mesh23 Group2 Group1 Model

v 6239.03 0 -5205.68
vt -10.1789 -207.132
vn 0.569108 0.64781 -0.506417
v 6207.22 0 -5241.43
vt -8.2947 -207.132
v 6177.87 50.7868 -5209.44
vt -8.46758 -204.507
vn 0.500584 0.742292 -0.445442
v 6203.85 50.7868 -5180.25
vt -10.006 -204.507
f 155/243/89 156/244/89 157/245/90 158/246/90 

vt -10.006 -260.902
vt -8.46758 -260.902
v 6140.64 88.569 -5168.65
vt -8.69287 -258.277
vn 0.324181 0.900939 -0.28847
v 6159.01 88.569 -5148.01
vt -9.78069 -258.277
f 158/247/90 157/248/90 159/249/91 160/250/91 

vt -9.78069 -301.201
vt -8.69287 -301.201
v 6102.18 107.964 -5115.93
vt -9.23678 -298.576
vn 0.217341 0.956744 -0.1934
f 160/251/91 159/252/91 161/253/92

g Mesh24 Group2 Group1 Model

v 6909.59 0 -4882.76
vt -59.1874 -73.3709
vn 0.683338 0.223829 -0.694946
v 6874.2 0 -4917.56
vt -57.2333 -73.3709
v 6866.98 64.9752 -4903.73
vt -57.4125 -70.7462
vn 0.677113 0.259477 -0.688615
v 6895.88 64.9752 -4875.31
vt -59.0081 -70.7462
f 162/254/93 163/255/93 164/256/94 165/257/94 

vt -59.0081 -94.0091
vt -57.4125 -94.0091
v 6857.44 128.68 -4885.55
vt -57.6462 -91.3844
vn 0.65928 0.340304 -0.670479
v 6877.87 128.68 -4865.46
vt -58.7744 -91.3844
f 165/258/94 164/259/94 166/260/95 167/261/95 

vt -58.7744 -121.019
vt -57.6462 -121.019
v 6849.66 190.206 -4857.2
vt -58.2103 -118.394
vn 0.647067 0.385049 -0.658059
f 167/262/95 166/263/95 168/264/96

g Mesh25 Group2 Group1 Model

v 7753.83 0 -4413.26
vt 134.859 -112.303
vn 0.931007 0.34626 -0.115459
v 7748.56 0 -4455.79
vt 136.546 -112.303
v 7726.13 62.5426 -4449.04
vt 136.392 -109.678
vn 0.918281 0.379197 -0.113881
v 7730.44 62.5426 -4414.32
vt 135.014 -109.678
f 169/265/97 170/266/97 171/267/98 172/268/98 

vt 135.014 -130.897
vt 136.392 -130.897
v 7699.53 123.298 -4440.58
vt 136.19 -128.272
vn 0.886562 0.449354 -0.109947
v 7702.57 123.298 -4416.03
vt 135.216 -128.272
f 172/269/98 171/270/98 173/271/99 174/272/99 

vt 135.216 -152.502
vt 136.19 -152.502
v 7668.88 181.553 -4424.31
vt 135.703 -149.877
vn 0.867169 0.486264 -0.107542
f 174/273/99 173/274/99 175/275/100

g Mesh26 Group2 Group1 Model

v 6531.41 0 -4835.16
vt 95.1093 5.77901
vn -0.590411 0.0189182 0.806881
v 6568.83 0 -4807.78
vt 96.9349 5.77901
v 6566.15 66.6547 -4811.31
vt 96.7674 8.40368
vn -0.590368 0.0223785 0.806824
v 6535.59 66.6547 -4833.67
vt 95.2768 8.40368
f 176/276/101 177/277/101 178/278/102 179/279/102 

vt 95.2768 10.5176
vt 96.7674 10.5176
v 6562.69 133.299 -4815.97
vt 96.5491 13.1422
vn -0.59024 0.0305633 0.806649
v 6541.08 133.299 -4831.78
vt 95.4951 13.1422
f 179/280/102 178/281/102 180/282/103 181/283/103 

vt 95.4951 16.0282
vt 96.5491 16.0282
v 6553.27 199.924 -4825.78
vt 96.0221 18.6529
vn -0.590148 0.0352874 0.806523
f 181/284/103 180/285/103 182/286/104

g Mesh27 Group2 Group1 Model

v 7921.4 0 -4408.21
vt -356.262 3.23022
vn -0.531624 0.150949 -0.833421
v 7879.52 0 -4381.5
vt -354.306 3.23022
v 7888.78 65.9028 -4375.46
vt -354.486 5.85489
vn -0.530366 0.165548 -0.831448
v 7922.97 65.9028 -4397.27
vt -356.083 5.85489
f 183/287/105 184/288/105 185/289/106 186/290/106 

vt -356.083 6.4778
vt -354.486 6.4778
v 7900.24 131.479 -4368.53
vt -354.72 9.10247
vn -0.527203 0.197418 -0.826489
v 7924.42 131.479 -4383.96
vt -355.849 9.10247
f 186/291/106 185/292/106 187/293/107 188/294/107 

vt -355.849 9.83585
vt -354.72 9.83585
v 7920.03 196.592 -4364.18
vt -355.284 12.4605
vn -0.52525 0.214662 -0.823427
f 188/295/107 187/296/107 189/297/108

g Mesh28 Group2 Group1 Model

v 6815.86 0 -4194.59
vt -100.445 -89.0362
vn 0.611021 0.298133 -0.733328
v 6783.34 0 -4221.68
vt -98.7786 -89.0362
v 6773.6 63.635 -4203.93
vt -98.9315 -86.4115
vn 0.603154 0.334954 -0.723886
v 6800.15 63.635 -4181.81
vt -100.292 -86.4115
f 190/298/109 191/299/109 192/300/110 193/301/110 

vt -100.292 -108.261
vt -98.9315 -108.261
v 6761.65 125.537 -4181.67
vt -99.1307 -105.637
vn 0.582299 0.415363 -0.698857
v 6780.42 125.537 -4166.03
vt -100.093 -105.637
f 193/302/110 192/303/110 194/304/111 195/305/111 

vt -100.093 -131.732
vt -99.1307 -131.732
v 6751.47 184.783 -4150.37
vt -99.6118 -129.107
vn 0.568881 0.458501 -0.682753
f 195/306/111 194/307/111 196/308/112

g Mesh29 Group2 Group1 Model

v 6727.56 0 -4493.38
vt 64.7614 -48.2542
vn 0.915968 0.154732 -0.370218
v 6712.18 0 -4531.43
vt 66.377 -48.2542
v 6704.03 65.8638 -4524.07
vt 66.2287 -45.6295
vn 0.903275 0.2254 -0.365088
v 6716.58 65.8638 -4493.01
vt 64.9096 -45.6295
f 197/309/113 198/310/113 199/311/114 200/312/114 

vt 64.9096 -89.3688
vt 66.2287 -89.3688
v 6687.64 129.566 -4512.15
vt 66.0356 -86.7441
vn 0.842591 0.417203 -0.340561
v 6696.52 129.566 -4490.19
vt 65.1028 -86.7441
f 200/313/114 199/314/114 201/315/115 202/316/115 

vt 65.1028 -161.072
vt 66.0356 -161.072
v 6659.17 186 -4487.87
vt 65.5692 -158.447
vn 0.784838 0.532356 -0.317218
f 202/317/115 201/318/115 203/319/116

g Mesh30 Group2 Group1 Model

v 6194.09 0 -5339.76
vt 19.3608 149.941
vn -0.633986 0.466544 0.616765
v 6225.08 0 -5307.91
vt 21.1104 149.941
v 6244.53 58.9665 -5332.52
vt 20.9499 152.565
vn -0.618355 0.505731 0.601558
v 6219.23 58.9665 -5358.52
vt 19.5213 152.565
f 204/320/117 205/321/117 206/322/118 207/323/118 

vt 19.5213 177.417
vt 20.9499 177.417
v 6266.82 114.91 -5361.61
vt 20.7407 180.041
vn -0.580494 0.586611 0.564725
v 6248.93 114.91 -5380
vt 19.7305 180.041
f 207/324/118 206/325/118 208/326/119 209/327/119 

vt 19.7305 206.935
vt 20.7407 206.935
v 6287.87 166.804 -5399.99
vt 20.2356 209.56
vn -0.55795 0.627747 0.542794
f 209/328/119 208/329/119 210/330/120

g Mesh31 Group2 Group1 Model

v 6733.98 0 -5246.32
vt 336.016 2.11178
vn 0.56678 0.324409 0.75731
v 6767.31 0 -5271.26
vt 337.655 2.11178
v 6751.29 63.0611 -5286.29
vt 337.505 4.73645
vn 0.55547 0.374962 0.742197
v 6724.08 63.0611 -5265.92
vt 336.167 4.73645
f 211/331/121 212/332/121 213/333/122 214/334/122 

vt 336.167 5.37223
vt 337.505 5.37223
v 6730.36 123.425 -5305.96
vt 337.309 7.9969
vn 0.523575 0.486266 0.699582
v 6711.11 123.425 -5291.56
vt 336.363 7.9969
f 214/335/122 213/336/122 215/337/123 216/338/123 

vt 336.363 8.69714
vt 337.309 8.69714
v 6698.93 179.288 -5327.89
vt 336.836 11.3218
vn 0.502082 0.545762 0.670863
f 216/339/123 215/340/123 217/341/124

g Mesh32 Group2 Group1 Model

v 6997.26 0 -4527.58
vt -137.966 -147.937
vn 0.462823 0.49692 -0.734074
v 6960.6 0 -4550.69
vt -136.259 -147.937
v 6946.29 57.8531 -4520.55
vt -136.416 -145.312
vn 0.434627 0.57956 -0.689354
v 6976.23 57.8531 -4501.68
vt -137.809 -145.312
f 218/342/125 219/343/125 220/344/126 221/345/126 

vt -137.809 -192.907
vt -136.416 -192.907
v 6927.33 108.134 -4480.76
vt -136.62 -190.282
vn 0.356199 0.744273 -0.56496
v 6948.5 108.134 -4467.41
vt -137.605 -190.282
f 221/346/126 220/347/126 222/348/127 223/349/127 

vt -137.605 -239.398
vt -136.62 -239.398
v 6908.73 146.229 -4427.8
vt -137.112 -236.774
vn 0.304757 0.820657 -0.483369
f 223/350/127 222/351/127 224/352/128

g Mesh33 Group2 Group1 Model

v 6448.55 0 -5094.68
vt -322.509 9.85121
vn -0.630049 0.379248 -0.67765
v 6418.59 0 -5066.81
vt -320.898 9.85121
v 6438.55 61.6863 -5050.85
vt -321.046 12.4759
vn -0.612818 0.43591 -0.659118
v 6463.02 61.6863 -5073.6
vt -322.361 12.4759
f 225/353/129 226/354/129 227/355/130 228/356/130 

vt -322.361 15.3558
vt -321.046 15.3558
v 6464.42 119.768 -5030.22
vt -321.238 17.9805
vn -0.565117 0.557858 -0.607813
v 6481.72 119.768 -5046.3
vt -322.168 17.9805
f 228/357/130 227/358/130 229/359/131 230/360/131 

vt -322.168 21.2541
vt -321.238 21.2541
v 6501.28 172.002 -5007.92
vt -321.703 23.8787
vn -0.53351 0.621369 -0.573818
f 230/361/131 229/362/131 231/363/132

g Mesh34 Group2 Group1 Model

v 7475.32 0 -4518.74
vt 224.456 70.9823
vn -0.298974 0.272437 0.914545
v 7516.17 0 -4505.39
vt 226.148 70.9823
v 7518.07 64.1449 -4523.88
vt 225.993 73.6069
vn -0.289734 0.361334 0.88628
v 7484.71 64.1449 -4534.78
vt 224.611 73.6069
f 232/364/133 233/365/133 234/366/134 235/367/134 

vt 224.611 119.057
vt 225.993 119.057
v 7522.44 123.779 -4553.8
vt 225.791 121.682
vn -0.255042 0.571231 0.78016
v 7498.86 123.779 -4561.51
vt 224.814 121.682
f 235/368/134 234/369/134 236/370/135 237/371/135 

vt 224.814 182.929
vt 225.791 182.929
v 7524.81 172.442 -4600.97
vt 225.302 185.553
vn -0.226818 0.683493 0.693823
f 237/372/135 236/373/135 238/374/136

g Mesh35 Group2 Group1 Model

v 7162.32 0 -4555.6
vt -297.079 -35.8344
vn -0.0881347 0.23413 -0.968202
v 7118.98 0 -4551.66
vt -295.366 -35.8344
v 7124.37 64.8137 -4536.48
vt -295.523 -33.2097
vn -0.0870137 0.280547 -0.955888
v 7159.76 64.8137 -4539.7
vt -296.922 -33.2097
f 239/375/137 240/376/137 241/377/138 242/378/138 

vt -296.922 -47.3313
vt -295.523 -47.3313
v 7131.53 127.831 -4515.28
vt -295.728 -44.7067
vn -0.083553 0.387985 -0.917871
v 7156.55 127.831 -4517.56
vt -296.717 -44.7067
f 242/379/138 241/380/138 243/381/139 244/382/139 

vt -296.717 -63.4035
vt -295.728 -63.4035
v 7146.74 187.435 -4486.68
vt -296.223 -60.7788
vn -0.0810498 0.447961 -0.890372
f 244/383/139 243/384/139 245/385/140

g Mesh36 Group2 Group1 Model

v 7653.32 0 -4508.77
vt 314.156 39.512
vn 0.0748511 0.257175 0.963462
v 7700.73 0 -4512.45
vt 316.028 39.512
v 7695.05 64.4243 -4529.21
vt 315.856 42.1367
vn 0.0738712 0.300715 0.950849
v 7656.34 64.4243 -4526.2
vt 314.328 42.1367
f 246/386/141 247/387/141 248/388/142 249/389/142 

vt 314.328 55.4098
vt 315.856 55.4098
v 7687.61 127.031 -4551.61
vt 315.632 58.0345
vn 0.071016 0.399228 0.914097
v 7660.23 127.031 -4549.48
vt 314.551 58.0345
f 249/390/142 248/391/142 250/392/143 251/393/143 

vt 314.551 74.8305
vt 315.632 74.8305
v 7671.58 186.452 -4580.68
vt 315.092 77.4552
vn 0.0690379 0.453387 0.888636
f 251/394/143 250/395/143 252/396/144

g Mesh37 Group2 Group1 Model

v 7402.96 0 -4277.52
vt 101.683 96.2163
vn -0.643248 0.299846 0.704503
v 7433.04 0 -4250.06
vt 103.286 96.2163
v 7443.75 63.5992 -4267.34
vt 103.139 98.841
vn -0.632629 0.345988 0.692873
v 7419.2 63.5992 -4289.76
vt 101.83 98.841
f 253/397/145 254/398/145 255/399/146 256/400/146 

vt 101.83 128.177
vt 103.139 128.177
v 7457.75 124.95 -4289.89
vt 102.947 130.802
vn -0.602722 0.448297 0.660118
v 7440.38 124.95 -4305.74
vt 102.021 130.802
f 256/401/146 255/402/146 257/403/147 258/404/147 

vt 102.021 166.736
vt 102.947 166.736
v 7471.7 182.549 -4322.6
vt 102.484 169.36
vn -0.582561 0.503519 0.638037
f 258/405/147 257/406/147 259/407/148

g Mesh38 Group2 Group1 Model

v 6290.73 0 -4585.02
vt -85.7264 -126.92
vn 0.551333 0.431354 -0.714119
v 6258.48 0 -4609.92
vt -84.1222 -126.92
v 6243.86 60.1455 -4584.87
vt -84.2694 -124.295
vn 0.537233 0.476619 -0.695856
v 6270.2 60.1455 -4564.54
vt -85.5792 -124.295
f 260/408/149 261/409/149 262/410/150 263/411/150 

vt -85.5792 -150.583
vt -84.2694 -150.583
v 6226.51 117.063 -4554.42
vt -84.4612 -147.959
vn 0.501537 0.571361 -0.649621
v 6245.13 117.063 -4540.04
vt -85.3874 -147.959
f 263/412/150 262/413/150 264/414/151 265/415/151 

vt -85.3874 -177.253
vt -84.4612 -177.253
v 6210.56 169.371 -4514.52
vt -84.9243 -174.629
vn 0.47949 0.619976 -0.621064
f 265/416/151 264/417/151 266/418/152

g Mesh39 Group2 Group1 Model

v 7124.64 0 -4984.2
vt 215.378 107.392
vn -0.252735 0.403613 0.87933
v 7167.55 0 -4971.87
vt 217.136 107.392
v 7171.04 60.9953 -4998.86
vt 216.975 110.017
vn -0.234734 0.527163 0.8167
v 7136.01 60.9953 -5008.93
vt 215.54 110.017
f 267/419/153 268/420/153 269/421/154 270/422/154 

vt 215.54 172.925
vt 216.975 172.925
v 7177.71 112.197 -5041.37
vt 216.765 175.55
vn -0.173724 0.777484 0.604432
v 7152.93 112.197 -5048.49
vt 215.75 175.55
f 270/423/154 269/424/154 271/425/155 272/426/155 

vt 215.75 239.931
vt 216.765 239.931
v 7181.61 143.25 -5101.63
vt 216.257 242.555
vn -0.12867 0.88489 0.447676
f 272/427/155 271/428/155 273/429/156

g Mesh40 Group2 Group1 Model

v 6639.94 0 -4578.07
vt 23.2805 112.043
vn -0.729031 0.353813 0.585944
v 6665.87 0 -4545.8
vt 24.9101 112.043
v 6681.88 62.3544 -4563.54
vt 24.7606 114.668
vn -0.712184 0.406386 0.572403
v 6660.7 62.3544 -4589.88
vt 23.43 114.668
f 274/430/157 275/431/157 276/432/158 277/433/158 

vt 23.43 147.532
vt 24.7606 147.532
v 6702.56 121.63 -4586.51
vt 24.5657 150.157
vn -0.665472 0.520646 0.534859
v 6687.59 121.63 -4605.14
vt 23.6249 150.157
f 277/434/158 276/435/158 278/436/159 279/437/159 

vt 23.6249 189.099
vt 24.5657 189.099
v 6725.26 175.894 -4620.09
vt 24.0953 191.724
vn -0.634436 0.580928 0.509915
f 279/438/159 278/439/159 280/440/160

g Mesh41 Group2 Group1 Model

v 6204.98 0 -5845.92
vt 314.023 -42.1284
vn 0.839809 0.355566 0.410236
v 6226.86 0 -5890.7
vt 315.986 -42.1284
v 6203.55 62.3101 -5897
vt 315.806 -39.5037
vn 0.827609 0.389389 0.404276
v 6185.69 62.3101 -5860.43
vt 314.203 -39.5037
f 281/441/161 282/442/161 283/443/162 284/444/162 

vt 314.203 -47.4642
vt 315.806 -47.4642
v 6175.62 122.728 -5904.01
vt 315.571 -44.8396
vn 0.797211 0.461304 0.389427
v 6162.98 122.728 -5878.15
vt 314.438 -44.8396
f 284/445/162 283/446/162 285/447/163 286/448/163 

vt 314.438 -53.9234
vt 315.571 -53.9234
v 6139.41 180.499 -5905.69
vt 315.005 -51.2987
vn 0.778634 0.499059 0.380353
f 286/449/163 285/450/163 287/451/164

g Mesh42 Group2 Group1 Model

v 6214.33 0 -5011
vt -13.8352 -197.182
vn 0.58371 0.627995 -0.514689
v 6181.67 0 -5048.04
vt -11.891 -197.182
v 6153.27 51.8812 -5016.95
vt -12.0693 -194.557
vn 0.472226 0.776932 -0.416388
v 6179.93 51.8812 -4986.71
vt -13.6568 -194.557
f 288/452/165 289/453/165 290/454/166 291/455/166 

vt -13.6568 -277.515
vt -12.0693 -277.515
v 6112.59 82.0863 -4973.22
vt -12.3018 -274.89
vn 0.17228 0.973264 -0.151909
v 6131.45 82.0863 -4951.83
vt -13.4243 -274.89
f 291/456/166 290/457/166 292/458/167 293/459/167 

vt 13.4243 310.013
vt 12.3018 310.013
v 6072.02 81.6397 -4918.43
vt 12.8631 307.388
vn -0.00502408 0.999978 0.00443001
f 293/460/167 292/461/167 294/462/168

g Mesh43 Group2 Group1 Model

v 7824.36 0 -4442.44
vt -130.032 -154.687
vn 0.554199 0.469452 -0.68737
v 7790.55 0 -4469.7
vt -128.322 -154.687
v 7774.01 58.8639 -4442.84
vt -128.479 -152.062
vn 0.538753 0.513068 -0.668212
v 7801.62 58.8639 -4420.58
vt -129.875 -152.062
f 295/463/169 296/464/169 297/465/170 298/466/170 

vt -129.875 -180.395
vt -128.479 -180.395
v 7754.81 114.303 -4410.75
vt -128.683 -177.77
vn 0.500666 0.603097 -0.620973
v 7774.33 114.303 -4395.01
vt -129.67 -177.77
f 298/467/170 297/468/170 299/469/171 300/470/171 

vt -129.67 -208.591
vt -128.683 -208.591
v 7737.43 165.037 -4369.21
vt -129.177 -205.966
vn 0.477662 0.648731 -0.592442
f 300/471/171 299/472/171 301/473/172

g Mesh44 Group2 Group1 Model

v 7102.06 0 -4783.84
vt 258.655 56.6815
vn -0.0996975 0.262149 0.959864
v 7141.91 0 -4779.7
vt 260.232 56.6815
v 7140.06 64.3352 -4797.46
vt 260.088 59.3062
vn -0.0988243 0.291485 0.951457
v 7107.52 64.3352 -4800.84
vt 258.8 59.3062
f 302/474/173 303/475/173 304/476/174 305/477/174 

vt 258.8 71.9286
vt 260.088 71.9286
v 7137.5 127.484 -4819.21
vt 259.899 74.5533
vn -0.0965613 0.355515 0.929669
v 7114.49 127.484 -4821.6
vt 258.988 74.5533
f 305/478/174 304/479/174 306/480/175 307/481/175 

vt 258.988 89.5413
vt 259.899 89.5413
v 7128.68 188.872 -4846.27
vt 259.444 92.166
vn -0.0951303 0.38999 0.915892
f 307/482/175 306/483/175 308/484/176

g Mesh45 Group2 Group1 Model

v 7399.87 0 -4416.79
vt -337.849 8.29785
vn -0.567907 0.266374 -0.778798
v 7366.3 0 -4392.31
vt -336.214 8.29785
v 7379.84 64.258 -4380.21
vt -336.364 10.9225
vn -0.561934 0.300657 -0.770607
v 7407.25 64.258 -4400.19
vt -337.699 10.9225
f 309/485/177 310/486/177 311/487/178 312/488/178 

vt -337.699 13.0397
vt -336.364 13.0397
v 7397 127.083 -4365.11
vt -336.559 15.6644
vn -0.545902 0.376241 -0.748621
v 7416.38 127.083 -4379.25
vt -337.504 15.6644
f 312/489/178 311/490/178 313/491/179 314/492/179 

vt -337.504 18.2006
vt -336.559 18.2006
v 7423.08 187.671 -4349.71
vt -337.032 20.8253
vn -0.535475 0.417178 -0.734322
f 314/493/179 313/494/179 315/495/180

g Mesh46 Group2 Group1 Model

v 7309.12 0 -4235.7
vt 256.755 -97.176
vn 0.832174 0.459668 0.310149
v 7324.3 0 -4276.43
vt 258.466 -97.176
v 7294.19 59.206 -4283.39
vt 258.309 -94.5514
vn 0.759824 0.585213 0.283184
v 7281.8 59.206 -4250.14
vt 256.912 -94.5514
f 316/496/181 317/497/181 318/498/182 319/499/182 

vt 256.912 -145.059
vt 258.309 -145.059
v 7248.77 106.943 -4294.77
vt 258.105 -142.434
vn 0.530413 0.824369 0.197683
v 7240.01 106.943 -4271.26
vt 257.117 -142.434
f 319/500/182 318/501/182 320/502/183 321/503/183 

vt 257.117 -189.826
vt 258.105 -189.826
v 7186.98 133.229 -4304.41
vt 257.611 -187.201
vn 0.369458 0.918989 0.137696
f 321/504/183 320/505/183 322/506/184

g Mesh47 Group2 Group1 Model

v 6905.38 0 -4615.05
vt 72.6403 125.434
vn -0.631781 0.393431 0.66788
v 6935.63 0 -4586.43
vt 74.2796 125.434
v 6950.88 61.2903 -4608.11
vt 74.1292 128.059
vn -0.619141 0.4339 0.654518
v 6926.18 61.2903 -4631.48
vt 72.7907 128.059
f 323/507/185 324/508/185 325/509/186 326/510/186 

vt 72.7907 153.58
vt 74.1292 153.58
v 6968.95 120.009 -4634.47
vt 73.9332 156.205
vn -0.587196 0.519493 0.620748
v 6951.49 120.009 -4650.99
vt 72.9868 156.205
f 326/511/186 325/512/186 327/513/187 328/514/187 

vt 72.9868 185.005
vt 73.9332 185.005
v 6986.06 175.06 -4670.04
vt 73.46 187.63
vn -0.567466 0.564015 0.599891
f 328/515/187 327/516/187 329/517/188

g Mesh48 Group2 Group1 Model

v 6597.12 0 -4176.65
vt -201.812 -114.095
vn 0.249126 0.492038 -0.834167
v 6552.89 0 -4189.86
vt -199.995 -114.095
v 6547.56 58.0382 -4157.22
vt -200.162 -111.471
vn 0.228165 0.603551 -0.763981
v 6583.67 58.0382 -4146.44
vt -201.645 -111.471
f 330/518/189 331/519/189 332/520/190 333/521/190 

vt -201.645 -160.788
vt -200.162 -160.788
v 6539.41 105.364 -4110.65
vt -200.379 -158.164
vn 0.165521 0.815743 -0.554226
v 6564.95 105.364 -4103.02
vt -201.428 -158.164
f 333/522/190 332/523/190 334/524/191 335/525/191 

vt -201.428 -204.759
vt -200.379 -204.759
v 6534.95 134.015 -4049.16
vt -200.904 -202.134
vn 0.122984 0.902939 -0.411797
f 335/526/191 334/527/191 336/528/192

g Mesh49 Group2 Group1 Model

v 6180.48 0 -4887.26
vt 293.091 -29.3888
vn 0.806983 0.289191 0.514925
v 6206.4 0 -4927.89
vt 294.988 -29.3888
v 6187.77 63.8181 -4934.53
vt 294.814 -26.7642
vn 0.794723 0.33356 0.507102
v 6166.61 63.8181 -4901.36
vt 293.265 -26.7642
f 337/529/193 338/530/193 339/531/194 340/532/194 

vt 293.265 -35.7198
vt 294.814 -35.7198
v 6163.48 125.56 -4943.2
vt 294.587 -33.0951
vn 0.760192 0.432224 0.485068
v 6148.51 125.56 -4919.74
vt 293.492 -33.0951
f 340/533/194 339/534/194 341/535/195 342/536/195 

vt 293.492 -44.1863
vt 294.587 -44.1863
v 6128.7 183.836 -4948.89
vt 294.04 -41.5616
vn 0.7369 0.485679 0.470206
f 342/537/195 341/538/195 343/539/196

g Mesh50 Group2 Group1 Model

v 6842.72 0 -4664.41
vt -37.5981 -26.2784
vn 0.75333 0.0811414 -0.652618
v 6814.03 0 -4697.52
vt -35.8732 -26.2784
v 6812.57 66.4468 -4690.94
vt -36.0315 -23.6537
vn 0.752752 0.0900381 -0.652118
v 6836 66.4468 -4663.91
vt -37.4398 -23.6537
f 344/540/197 345/541/197 346/542/198 347/543/198 

vt -37.4398 -29.4144
vt -36.0315 -29.4144
v 6811.02 132.786 -4682.66
vt -36.2377 -26.7897
vn 0.751256 0.10975 -0.650822
v 6827.58 132.786 -4663.55
vt -37.2336 -26.7897
f 347/544/198 346/545/198 348/546/199 349/547/199 

vt -37.2336 -33.7979
vt -36.2377 -33.7979
v 6813.23 198.967 -4667.84
vt -36.7356 -31.1732
vn 0.750309 0.12056 -0.650001
f 349/548/199 348/549/199 350/550/200

g Mesh51 Group2 Group1 Model

v 8343.69 0 -4192.76
vt -312.533 -49.1389
vn 0.0859054 0.253828 -0.963427
v 8298.97 0 -4196.74
vt -310.765 -49.1389
v 8301.57 64.4833 -4179.52
vt -310.928 -46.5142
vn 0.0852827 0.279182 -0.956444
v 8338.08 64.4833 -4176.27
vt -312.371 -46.5142
f 351/551/201 352/552/201 353/553/202 354/554/202 

vt -312.371 -56.2972
vt -310.928 -56.2972
v 8305.11 127.987 -4158.84
vt -311.139 -53.6725
vn 0.0837097 0.33413 -0.938802
v 8330.93 127.987 -4156.53
vt -312.16 -53.6725
f 354/555/202 353/556/202 355/557/203 356/558/203 

vt -312.16 -65.1607
vt -311.139 -65.1607
v 8315.87 190.091 -4133.54
vt -311.649 -62.536
vn 0.0827357 0.363587 -0.927879
f 356/559/203 355/560/203 357/561/204

g Mesh52 Group2 Group1 Model

v 6256.17 0 -5051.75
vt 274.678 -58.5337
vn 0.865076 0.371877 0.336677
v 6273.96 0 -5097.48
vt 276.61 -58.5337
v 6249.23 61.8855 -5102.27
vt 276.432 -55.909
vn 0.837355 0.438899 0.325889
v 6234.7 61.8855 -5064.94
vt 274.855 -55.909
f 358/562/205 359/563/205 360/564/206 361/565/206 

vt 274.855 -76.6644
vt 276.432 -76.6644
v 6215.81 119.483 -5108.98
vt 276.201 -74.0397
vn 0.756265 0.584324 0.294329
v 6205.54 119.483 -5082.58
vt 275.086 -74.0397
f 361/566/206 360/567/206 362/568/207 363/569/207 

vt 275.086 -98.781
vt 276.201 -98.781
v 6169.69 169.587 -5111.73
vt 275.644 -96.1563
vn 0.700384 0.659668 0.272581
f 363/570/207 362/571/207 364/572/208

g Mesh53 Group2 Group1 Model

v 6305.27 0 -5405.84
vt -119.556 60.6236
vn -0.925666 0.199194 0.321658
v 6321.1 0 -5360.29
vt -117.657 60.6236
v 6332.19 65.3307 -5368.83
vt -117.831 63.2482
vn -0.919081 0.230854 0.31937
v 6319.27 65.3307 -5406.02
vt -119.381 63.2482
f 365/573/209 366/574/209 367/575/210 368/576/210 

vt -119.381 82.4397
vt -117.831 82.4397
v 6346.82 129.664 -5380.01
vt -118.058 85.0644
vn -0.900199 0.302973 0.312809
v 6337.68 129.664 -5406.31
vt -119.154 85.0644
f 368/577/210 367/578/210 369/579/211 370/580/211 

vt -119.154 109.64
vt -118.058 109.64
v 6363.86 192.283 -5400.67
vt -118.606 112.264
vn -0.887248 0.343129 0.308309
f 370/581/211 369/582/211 371/583/212

g Mesh54 Group2 Group1 Model

v 6330.05 0 -5309.31
vt 160.095 -36.0129
vn 0.975258 0.12719 -0.180814
v 6322.71 0 -5348.87
vt 161.679 -36.0129
v 6315.05 66.1252 -5343.7
vt 161.534 -33.3883
vn 0.972249 0.149127 -0.180256
v 6321.04 66.1252 -5311.39
vt 160.24 -33.3883
f 372/584/213 373/585/213 374/586/214 375/587/214 

vt 160.24 -45.7929
vt 161.534 -45.7929
v 6304.72 131.81 -5336.89
vt 161.344 -43.1682
vn 0.963345 0.200168 -0.178605
v 6308.95 131.81 -5314.04
vt 160.43 -43.1682
f 375/588/214 374/589/214 376/590/215 377/591/215 

vt 160.43 -59.6571
vt 161.344 -59.6571
v 6291.82 196.703 -5322.68
vt 160.887 -57.0324
vn 0.957077 0.229169 -0.177443
f 377/592/215 376/593/215 378/594/216

g Mesh55 Group2 Group1 Model

v 6348.87 0 -4960.14
vt 163.957 -88.497
vn 0.938601 0.325916 -0.113164
v 6343.33 0 -5006.03
vt 165.777 -88.497
v 6322.27 63.0266 -4999.22
vt 165.61 -85.8723
vn 0.913131 0.392518 -0.110094
v 6326.79 63.0266 -4961.75
vt 164.124 -85.8723
f 379/595/217 380/596/217 381/597/218 382/598/218 

vt 164.124 -121.526
vt 165.61 -121.526
v 6292.68 122.32 -4990.09
vt 165.393 -118.901
vn 0.83483 0.541228 -0.100653
v 6295.87 122.32 -4963.59
vt 164.342 -118.901
f 382/599/218 381/600/218 383/601/219 384/602/219 

vt 164.342 -163.361
vt 165.393 -163.361
v 6253.22 174.615 -4971.89
vt 164.867 -160.737
vn 0.778779 0.620232 -0.0938951
f 384/603/219 383/604/219 385/605/220

g Mesh56 Group2 Group1 Model

v 7487.55 0 -4760.28
vt 328.829 17.3164
vn 0.217897 0.146909 0.964851
v 7531.95 0 -4770.31
vt 330.621 17.3164
v 7525.72 65.9433 -4778.94
vt 330.456 19.9411
vn 0.216828 0.176535 0.960115
v 7489.46 65.9433 -4770.76
vt 328.993 19.9411
f 386/606/221 387/607/221 388/608/222 389/609/222 

vt 328.993 26.9016
vt 330.456 26.9016
v 7517.38 131.18 -4791.14
vt 330.242 29.5263
vn 0.213474 0.246779 0.945267
v 7491.75 131.18 -4785.35
vt 329.207 29.5263
f 389/610/222 388/611/222 390/612/223 391/613/223 

vt 329.207 39.0568
vt 330.242 39.0568
v 7500.35 195.04 -4806.92
vt 329.725 41.6815
vn 0.211012 0.287124 0.934363
f 391/614/223 390/615/223 392/616/224

g Mesh57 Group2 Group1 Model

v 7533.85 0 -4312.65
vt -300.703 69.2238
vn -0.76855 0.426182 -0.47718
v 7509.57 0 -4273.54
vt -298.891 69.2238
v 7535.94 60.3092 -4262.14
vt -299.057 71.8485
vn -0.72442 0.522412 -0.44978
v 7555.76 60.3092 -4294.07
vt -300.536 71.8485
f 393/617/225 394/618/225 395/619/226 396/620/226 

vt -300.536 102.032
vt -299.057 102.032
v 7573.53 113.013 -4245.28
vt -299.273 104.657
vn -0.588512 0.721206 -0.365397
v 7587.54 113.013 -4267.86
vt -300.32 104.657
f 396/621/226 395/622/226 397/623/227 398/624/227 

vt -300.32 137.111
vt -299.273 137.111
v 7626.67 151.683 -4227.93
vt -299.797 139.736
vn -0.492796 0.814577 -0.305969
f 398/625/227 397/626/227 399/627/228

g Mesh58 Group2 Group1 Model

v 6360.03 0 -4977.21
vt 316.329 -10.9241
vn 0.651357 0.340204 0.67823
v 6390.61 0 -5006.57
vt 317.998 -10.9241
v 6372.09 62.6901 -5020.24
vt 317.845 -8.29943
vn 0.635845 0.396677 0.662079
v 6347.12 62.6901 -4996.26
vt 316.482 -8.29943
f 400/628/229 401/629/229 402/630/230 403/631/230 

vt 316.482 -11.8985
vt 317.845 -11.8985
v 6347.58 122.169 -5038.45
vt 317.645 -9.27384
vn 0.591359 0.520709 0.615757
v 6329.92 122.169 -5021.49
vt 316.682 -9.27384
f 403/632/230 402/633/230 404/634/231 405/635/231 

vt 316.682 -13.7175
vt 317.645 -13.7175
v 6311.67 176.166 -5058.17
vt 317.164 -11.0928
vn 0.561039 0.586482 0.584186
f 405/636/231 404/637/231 406/638/232

g Mesh59 Group2 Group1 Model

v 6456.84 0 -4816.13
vt 113.826 -116.554
vn 0.884983 0.393762 -0.24851
v 6444.89 0 -4858.69
vt 115.566 -116.554
v 6420.71 61.2808 -4847.69
vt 115.406 -113.93
vn 0.858863 0.451873 -0.241175
v 6430.47 61.2808 -4812.94
vt 113.985 -113.93
f 407/639/233 408/640/233 409/641/234 410/642/234 

vt 113.985 -147.803
vt 115.406 -147.803
v 6389.53 118.7 -4833.44
vt 115.198 -145.178
vn 0.78693 0.576117 -0.220976
v 6396.43 118.7 -4808.87
vt 114.193 -145.178
f 410/643/234 409/644/234 411/645/235 412/646/235 

vt 114.193 -184.435
vt 115.198 -184.435
v 6351.88 169.906 -4809.61
vt 114.696 -181.81
vn 0.739494 0.640334 -0.207656
f 412/647/235 411/648/235 413/649/236

g Mesh60 Group2 Group1 Model

v 6957.27 0 -5273.43
vt -35.5129 -36.0724
vn 0.726183 0.105518 -0.679356
v 6929.86 0 -5302.73
vt -33.9331 -36.0724
v 6927.23 66.2945 -5295.23
vt -34.078 -33.4477
vn 0.724045 0.130182 -0.677356
v 6949.62 66.2945 -5271.31
vt -35.3679 -33.4477
f 414/650/237 415/651/237 416/652/238 417/653/238 

vt -35.3679 -50.2871
vt -34.078 -50.2871
v 6922.98 132.158 -5284.68
vt -34.2669 -47.6624
vn 0.716886 0.190506 -0.670658
v 6938.8 132.158 -5267.76
vt -35.179 -47.6624
f 417/654/238 416/655/238 418/656/239 419/657/239 

vt -35.179 -72.0358
vt -34.2669 -72.0358
v 6919.89 197.1 -5265.93
vt -34.723 -69.4111
vn 0.711367 0.225995 -0.665495
f 419/658/239 418/659/239 420/660/240

g Mesh61 Group2 Group1 Model

v 6179.88 0 -5008.73
vt 32.3162 -138.114
vn 0.750865 0.443371 -0.489514
v 6156.59 0 -5044.46
vt 33.9951 -138.114
v 6133.96 59.7559 -5025.04
vt 33.841 -135.489
vn 0.720163 0.510819 -0.469499
v 6152.98 59.7559 -4995.87
vt 32.4702 -135.489
f 421/661/241 422/662/241 423/663/242 424/664/242 

vt 32.4702 -176.604
vt 33.841 -176.604
v 6104.62 114.287 -4999.82
vt 33.6403 -173.979
vn 0.635587 0.651409 -0.414361
v 6118.07 114.287 -4979.2
vt 32.671 -173.979
f 424/665/242 423/666/242 425/667/243 426/668/243 

vt 32.671 -219.707
vt 33.6403 -219.707
v 6071.05 160.449 -4963.24
vt 33.1556 -217.083
vn 0.58004 0.721497 -0.378148
f 426/669/243 425/670/243 427/671/244

g Mesh62 Group2 Group1 Model

v 6447.16 0 -5118.02
vt 103.013 126.783
vn -0.496414 0.412608 0.763759
v 6483.1 0 -5094.66
vt 104.701 126.783
v 6494.8 60.7272 -5119.86
vt 104.546 129.408
vn -0.485758 0.453307 0.747363
v 6465.45 60.7272 -5138.94
vt 103.168 129.408
f 428/672/245 429/673/245 430/674/246 431/675/246 

vt 103.168 154.124
vt 104.546 154.124
v 6508.41 118.726 -5150.22
vt 104.344 156.749
vn -0.459086 0.538834 0.706327
v 6487.66 118.726 -5163.71
vt 103.37 156.749
f 431/676/246 430/677/246 432/678/247 433/679/247 

vt 103.37 184.339
vt 104.344 184.339
v 6519.22 172.889 -5189.55
vt 103.857 186.963
vn -0.442751 0.583049 0.681194
f 433/680/247 432/681/247 434/682/248

g Mesh63 Group2 Group1 Model

v 8055.98 0 -4379.77
vt -144.984 104.594
vn -0.945238 0.316364 0.0802466
v 8059.68 0 -4336.11
vt -143.259 104.594
v 8080.36 63.2425 -4341.9
vt -143.418 107.219
vn -0.905471 0.417389 0.0768705
v 8077.33 63.2425 -4377.54
vt -144.826 107.219
f 435/683/249 436/684/249 437/685/250 438/686/250 

vt -144.826 172.329
vt -143.418 172.329
v 8114.02 120.449 -4350.02
vt -143.624 174.954
vn -0.760924 0.645617 0.0645992
v 8111.88 120.449 -4375.22
vt -144.62 174.954
f 438/687/250 437/688/250 439/689/251 440/690/251 

vt -144.62 256.238
vt -143.624 256.238
v 8163.49 163.721 -4366.91
vt -144.122 258.863
vn -0.646759 0.760716 0.054907
f 440/691/251 439/692/251 441/693/252

g Mesh64 Group2 Group1 Model

v 7359.66 0 -4150.47
vt -331.48 11.2906
vn -0.514286 0.405018 -0.755957
v 7318.96 0 -4122.78
vt -329.542 11.2906
v 7337.88 60.9539 -4103
vt -329.72 13.9152
vn -0.493341 0.480358 -0.72517
v 7371.11 60.9539 -4125.61
vt -331.302 13.9152
f 442/694/253 443/695/253 444/696/254 445/697/254 

vt -331.302 17.9841
vt -329.72 17.9841
v 7363.46 116.53 -4075.87
vt -329.952 20.6088
vn -0.431928 0.64058 -0.634898
v 7386.96 116.53 -4091.85
vt -331.071 20.6088
f 445/698/254 444/699/254 446/700/255 447/701/255 

vt -331.071 25.0922
vt -329.952 25.0922
v 7402.25 162.719 -4044.11
vt -330.511 27.7168
vn -0.389711 0.721094 -0.572842
f 447/702/255 446/703/255 448/704/256

g Mesh65 Group2 Group1 Model

v 6288.51 0 -4715.41
vt -283.37 63.0537
vn -0.750567 0.507094 -0.42368
v 6264.09 0 -4672.15
vt -281.414 63.0537
v 6295.77 57.4594 -4659.5
vt -281.594 65.6783
vn -0.715523 0.569994 -0.403899
v 6315.71 57.4594 -4694.82
vt -283.191 65.6783
f 449/705/257 450/706/257 451/707/258 452/708/258 

vt -283.191 80.8962
vt -281.594 80.8962
v 6335.25 109.248 -4644.03
vt -281.828 83.5208
vn -0.624371 0.697097 -0.352445
v 6349.35 109.248 -4669.01
vt -282.957 83.5208
f 452/709/258 451/710/258 453/711/259 454/712/259 

vt -282.957 99.419
vt -281.828 99.419
v 6386.35 152.668 -4631.65
vt -282.392 102.044
vn -0.567181 0.758816 -0.320162
f 454/713/259 453/714/259 455/715/260

g Mesh66 Group2 Group1 Model

v 6759.67 0 -4224.97
vt 280.801 -44.5191
vn 0.808752 0.317644 0.494998
v 6781.53 0 -4260.67
vt 282.45 -44.5191
v 6761.46 63.214 -4268.45
vt 282.299 -41.8944
vn 0.798621 0.351114 0.488798
v 6743.62 63.214 -4239.3
vt 280.953 -41.8944
f 456/716/261 457/717/261 458/718/262 459/719/262 

vt 280.953 -51.2209
vt 282.299 -51.2209
v 6737.01 124.766 -4277.55
vt 282.101 -48.5962
vn 0.772786 0.423186 0.472985
v 6724.39 124.766 -4256.94
vt 281.15 -48.5962
f 459/720/262 458/721/262 460/722/263 461/723/263 

vt 281.15 -59.4678
vt 282.101 -59.4678
v 6704.46 183.91 -4283.3
vt 281.626 -56.8431
vn 0.756681 0.46146 0.463128
f 461/724/263 460/725/263 462/726/264

g Mesh67 Group2 Group1 Model

v 7256.32 0 -4807.37
vt -90.1594 112.449
vn -0.892972 0.340119 0.294822
v 7271.31 0 -4762
vt -88.2781 112.449
v 7291.46 62.6922 -4773.27
vt -88.4507 115.074
vn -0.867871 0.40583 0.286535
v 7279.23 62.6922 -4810.32
vt -89.9868 115.074
f 463/727/265 464/728/265 465/729/266 466/730/266 

vt -89.9868 157.825
vt -88.4507 157.825
v 7319.39 121.554 -4788.51
vt -88.6757 160.449
vn -0.792356 0.551122 0.261603
v 7310.74 121.554 -4814.71
vt -89.7619 160.449
f 466/731/266 465/732/266 467/733/267 468/734/267 

vt -89.7619 212.611
vt -88.6757 212.611
v 7354.81 173.447 -4814.73
vt -89.2188 215.235
vn -0.739154 0.627771 0.244038
f 468/735/267 467/736/267 469/737/268

g Mesh68 Group2 Group1 Model

v 6255.75 0 -5681.23
vt 217.935 -92.9555
vn 0.928872 0.369782 -0.0214136
v 6254.69 0 -5727.17
vt 219.744 -92.9555
v 6230.14 61.9412 -5722.38
vt 219.578 -90.3308
vn 0.913676 0.405898 -0.0210633
v 6231.01 61.9412 -5684.87
vt 218.101 -90.3308
f 470/738/269 471/739/269 472/740/270 473/741/270 

vt 218.101 -108.339
vt 219.578 -108.339
v 6200.85 121.762 -5716.21
vt 219.361 -105.715
vn 0.875633 0.482554 -0.0201863
v 6201.46 121.762 -5689.69
vt 218.317 -105.715
f 473/742/270 472/743/270 474/744/271 475/745/271 

vt 218.317 -126.191
vt 219.361 -126.191
v 6166.32 178.598 -5702.15
vt 218.839 -123.566
vn 0.852303 0.522679 -0.0196485
f 475/746/271 474/747/271 476/748/272

g Mesh69 Group2 Group1 Model

v 6754.11 0 -5393.88
vt -331.206 47.1087
vn -0.627734 0.602861 -0.492451
v 6729.33 0 -5362.29
vt -329.625 47.1087
v 6763.22 53.1897 -5340.38
vt -329.771 49.7334
vn -0.589652 0.662069 -0.462575
v 6783.46 53.1897 -5366.17
vt -331.061 49.7334
f 477/749/273 478/750/273 479/751/274 480/752/274 

vt -331.061 58.6533
vt -329.771 58.6533
v 6803.82 99.6336 -5314.64
vt -329.96 61.278
vn -0.496091 0.776166 -0.389178
v 6818.12 99.6336 -5332.88
vt -330.872 61.278
f 480/753/274 479/754/274 481/755/275 482/756/275 

vt -330.872 69.835
vt -329.96 69.835
v 6854.45 136.931 -5289.65
vt -330.416 72.4596
vn -0.44018 0.828854 -0.345316
f 482/757/275 481/758/275 483/759/276

g Mesh70 Group2 Group1 Model

v 7238.81 0 -4170.38
vt 66.0417 197.463
vn -0.591551 0.612846 0.523915
v 7269.31 0 -4135.95
vt 67.8523 197.463
v 7297.09 52.6801 -4166.2
vt 67.6862 200.088
vn -0.490679 0.755234 0.434576
v 7272.2 52.6801 -4194.31
vt 66.2078 200.088
f 484/760/277 485/761/277 486/762/278 487/763/278 

vt 66.2078 282.293
vt 67.6862 282.293
v 7336.8 85.7147 -4208.71
vt 67.4697 284.917
vn -0.214638 0.958016 0.190096
v 7319.19 85.7147 -4228.58
vt 66.4243 284.917
f 487/764/278 486/765/278 488/766/279 489/767/279 

vt 66.4243 325.658
vt 67.4697 325.658
v 7377.8 89.9227 -4262.76
vt 66.947 328.282
vn -0.0472517 0.998006 0.0418491
f 489/768/279 488/769/279 490/770/280

g Mesh71 Group2 Group1 Model

v 6325.9 0 -5651.44
vt 302.466 35.6924
vn 0.277963 0.252094 0.926922
v 6366.17 0 -5663.52
vt 304.121 35.6924
v 6357.64 64.5135 -5678.51
vt 303.969 38.3171
vn 0.27562 0.281559 0.919107
v 6324.77 64.5135 -5668.65
vt 302.618 38.3171
f 491/771/281 492/772/281 493/773/282 494/774/282 

vt 302.618 46.6185
vt 303.969 46.6185
v 6346.88 127.879 -5696.91
vt 303.771 49.2432
vn 0.269479 0.346187 0.89863
v 6323.63 127.879 -5689.94
vt 302.816 49.2432
f 494/775/282 493/776/282 495/777/283 496/778/283 

vt 302.816 59.179
vt 303.771 59.179
v 6327.96 189.514 -5717.76
vt 303.294 61.8036
vn 0.26556 0.381126 0.885562
f 496/779/283 495/780/283 497/781/284

g Mesh72 Group2 Group1 Model

v 6280.85 0 -4280.67
vt -134.658 -120.17
vn 0.432768 0.449674 -0.781348
v 6242.95 0 -4301.66
vt -132.952 -120.17
v 6231.91 59.5462 -4273.51
vt -133.109 -117.545
vn 0.421566 0.492922 -0.761124
v 6262.85 59.5462 -4256.37
vt -134.501 -117.545
f 498/782/285 499/783/285 500/784/286 501/785/286 

vt -134.501 -140.356
vt -133.109 -140.356
v 6219.16 115.87 -4239.8
vt -133.313 -137.731
vn 0.393731 0.582788 -0.710869
v 6241.04 115.87 -4227.68
vt -134.297 -137.731
f 501/786/286 500/787/286 502/788/287 503/789/287 

vt -134.297 -162.828
vt -133.313 -162.828
v 6209.79 167.716 -4197.08
vt -133.805 -160.203
vn 0.376802 0.628654 -0.680304
f 503/790/287 502/791/287 504/792/288

g Mesh73 Group2 Group1 Model

v 7685.46 0 -4396.19
vt 53.8733 117.736
vn -0.73381 0.341864 0.58707
v 7712.16 0 -4362.81
vt 55.5559 117.736
v 7727.5 62.65 -4380.11
vt 55.4016 120.36
vn -0.721284 0.383098 0.577049
v 7705.71 62.65 -4407.36
vt 54.0277 120.36
f 505/793/289 506/794/289 507/795/290 508/796/290 

vt 54.0277 148.493
vt 55.4016 148.493
v 7746.36 123.04 -4401.74
vt 55.2004 151.118
vn -0.688361 0.4721 0.550709
v 7730.95 123.04 -4421.01
vt 54.2289 151.118
f 508/797/290 507/798/290 509/799/291 510/800/291 

vt 54.2289 184.002
vt 55.2004 184.002
v 7765.69 180.016 -4433
vt 54.7146 186.626
vn -0.667349 0.519228 0.533899
f 510/801/291 509/802/291 511/803/292

g Mesh74 Group2 Group1 Model

v 6201.16 0 -4804.34
vt 288.209 -22.15
vn 0.838391 0.199586 0.507214
v 6224.62 0 -4843.11
vt 289.993 -22.15
v 6211.08 65.3254 -4846.44
vt 289.83 -19.5253
vn 0.833361 0.22654 0.504171
v 6191.93 65.3254 -4814.78
vt 288.373 -19.5253
f 512/804/293 513/805/293 514/806/294 515/807/294 

vt 288.373 -25.4929
vt 289.83 -25.4929
v 6193.82 129.817 -4850.55
vt 289.616 -22.8683
vn 0.819637 0.286899 0.495868
v 6180.28 129.817 -4828.16
vt 288.586 -22.8683
f 515/808/294 514/809/294 516/810/295 517/811/295 

vt 288.586 -30.305
vt 289.616 -30.305
v 6168.79 192.976 -4850.4
vt 289.101 -27.6803
vn 0.810579 0.320126 0.490388
f 517/812/295 516/813/295 518/814/296

g Mesh75 Group2 Group1 Model

v 7268.99 0 -4580.84
vt 308.793 45.7796
vn 0.13331 0.331493 0.933992
v 7311.8 0 -4586.95
vt 310.495 45.7796
v 7304.75 62.8972 -4608.27
vt 310.339 48.4043
vn 0.128673 0.413198 0.901505
v 7269.8 62.8972 -4603.28
vt 308.949 48.4043
f 519/815/297 520/816/297 521/817/298 522/818/298 

vt 308.949 70.4885
vt 310.339 70.4885
v 7295 120.948 -4639.99
vt 310.135 73.1132
vn 0.113466 0.595961 0.794957
v 7270.29 120.948 -4636.46
vt 309.152 73.1132
f 522/819/298 521/820/298 523/821/299 524/822/299 

vt 309.152 100.364
vt 310.135 100.364
v 7276.13 169.138 -4683.83
vt 309.644 102.989
vn 0.102138 0.691008 0.715595
f 524/823/299 523/824/299 525/825/300

g Mesh76 Group2 Group1 Model

v 6169.72 0 -5361.74
vt 292.621 51.3666
vn 0.260753 0.383562 0.885939
v 6212.29 0 -5374.27
vt 294.368 51.3666
v 6201.17 61.5677 -5397.65
vt 294.208 53.9913
vn 0.248554 0.474401 0.844491
v 6166.4 61.5677 -5387.42
vt 292.781 53.9913
f 526/826/301 527/827/301 528/828/302 529/829/302 

vt 292.781 77.6259
vt 294.208 77.6259
v 6185.53 116.781 -5432
vt 293.999 80.2505
vn 0.209805 0.669213 0.712837
v 6160.95 116.781 -5424.76
vt 292.99 80.2505
f 529/830/302 528/831/302 530/832/303 531/833/303 

vt 292.99 107.334
vt 293.999 107.334
v 6158.83 159.699 -5477.32
vt 293.494 109.959
vn 0.181767 0.765219 0.617576
f 531/834/303 530/835/303 532/836/304

g Mesh77 Group2 Group1 Model

v 6267.43 0 -5542.96
vt -320.815 -10.4427
vn -0.470585 0.139719 -0.871222
v 6231.51 0 -5523.55
vt -319.207 -10.4427
v 6239.23 66.0127 -5517.14
vt -319.354 -7.81801
vn -0.468878 0.16316 -0.868062
v 6268.56 66.0127 -5532.98
vt -320.667 -7.81801
f 533/837/305 534/838/305 535/839/306 536/840/306 

vt -320.667 -11.3181
vt -319.354 -11.3181
v 6249.43 131.51 -5508.52
vt -319.547 -8.69343
vn -0.463878 0.217414 -0.858806
v 6270.18 131.51 -5519.72
vt -320.475 -8.69343
f 536/841/306 535/842/306 537/843/307 538/844/307 

vt -320.475 -13.3151
vt -319.547 -13.3151
v 6267.67 196.092 -5499.57
vt -320.011 -10.6905
vn -0.460387 0.248101 -0.852343
f 538/845/307 537/846/307 539/847/308

g Mesh78 Group2 Group1 Model

v 6548.37 0 -4552.05
vt 285.522 -37.8938
vn 0.823616 0.290113 0.48733
v 6573.37 0 -4594.3
vt 287.455 -37.8938
v 6554.43 63.7995 -4600.27
vt 287.278 -35.2691
vn 0.815971 0.317944 0.482807
v 6534.01 63.7995 -4565.77
vt 285.699 -35.2691
f 540/848/309 541/849/309 542/850/310 543/851/310 

vt 285.699 -42.5085
vt 287.278 -42.5085
v 6531.61 126.361 -4606.95
vt 287.046 -39.8838
vn 0.796845 0.377803 0.47149
v 6517.18 126.361 -4582.55
vt 285.93 -39.8838
f 543/852/310 542/853/310 544/854/311 545/855/311 

vt 285.93 -48.2855
vt 287.046 -48.2855
v 6500.89 187.177 -4608.66
vt 286.488 -45.6609
vn 0.785104 0.409649 0.464542
f 545/856/311 544/857/311 546/858/312

g Mesh79 Group2 Group1 Model

v 7393.1 0 -4691.1
vt -332.237 -31.901
vn -0.273132 0.347075 -0.897184
v 7347.17 0 -4677.11
vt -330.347 -31.901
v 7358.12 62.5225 -4656.26
vt -330.521 -29.2763
vn -0.267522 0.395247 -0.878756
v 7395.62 62.5225 -4667.68
vt -332.064 -29.2763
f 547/859/313 548/860/313 549/861/314 550/862/314 

vt -332.064 -38.0481
vt -330.521 -38.0481
v 7372.2 122.312 -4629.72
vt -330.747 -35.4234
vn -0.252244 0.499841 -0.828572
v 7398.72 122.312 -4637.79
vt -331.838 -35.4234
f 550/863/314 549/864/314 551/865/315 552/866/315 

vt -331.838 -45.8754
vt -330.747 -45.8754
v 7396.24 177.759 -4598.35
vt -331.292 -43.2507
vn -0.242225 0.555203 -0.795661
f 552/867/315 551/868/315 553/869/316

g Mesh80 Group2 Group1 Model

v 6990.42 0 -4408.16
vt 88.8315 112.091
vn -0.623787 0.358114 0.694726
v 7022.97 0 -4378.93
vt 90.5539 112.091
v 7035.94 62.2452 -4399.38
vt 90.3958 114.715
vn -0.611841 0.40164 0.681422
v 7009.36 62.2452 -4423.24
vt 88.9895 114.715
f 554/870/317 555/871/317 556/872/318 557/873/318 

vt 88.9895 141.673
vt 90.3958 141.673
v 7051.83 121.971 -4424.91
vt 90.1899 144.298
vn -0.58042 0.49522 0.646428
v 7033.04 121.971 -4441.79
vt 89.1955 144.298
f 557/874/318 556/875/318 558/876/319 559/877/319 

vt 89.1955 175.609
vt 90.1899 175.609
v 7066.69 177.888 -4460.36
vt 89.6927 178.234
vn -0.560367 0.544514 0.624094
f 559/878/319 558/879/319 560/880/320

g Mesh81 Group2 Group1 Model

v 8081.87 0 -4133.82
vt 158.894 -69.7444
vn 0.975908 0.217865 -0.0117872
v 8081.38 0 -4173.87
vt 160.471 -69.7444
v 8066.91 65.0653 -4170.02
vt 160.326 -67.1197
vn 0.966639 0.255876 -0.0116753
v 8067.3 65.0653 -4137.32
vt 159.039 -67.1197
f 561/881/321 562/882/321 563/883/322 564/884/322 

vt 159.039 -91.3387
vt 160.326 -91.3387
v 8047.4 128.796 -4164.99
vt 160.138 -88.714
vn 0.93926 0.343019 -0.0113446
v 8047.68 128.796 -4141.87
vt 159.227 -88.714
f 564/885/322 563/886/322 565/887/323 566/888/323 

vt 159.227 -120.172
vt 160.138 -120.172
v 8021.43 190.138 -4153.12
vt 159.683 -117.548
vn 0.920066 0.391607 -0.0111128
f 566/889/323 565/890/323 567/891/324

g Mesh82 Group2 Group1 Model

v 7446.97 0 -4500.49
vt 305.425 33.266
vn 0.0718341 0.214423 0.974096
v 7496.72 0 -4504.16
vt 307.389 33.266
v 7491.1 65.1161 -4518.08
vt 307.208 35.8907
vn 0.0713726 0.241239 0.967838
v 7450.49 65.1161 -4515.08
vt 305.605 35.8907
f 568/892/325 569/893/325 570/894/326 571/895/326 

vt 305.605 44.1789
vt 307.208 44.1789
v 7483.84 129.346 -4535.45
vt 306.974 46.8036
vn 0.0701404 0.300725 0.951128
v 7455.12 129.346 -4533.33
vt 305.84 46.8036
f 571/896/326 570/897/326 572/898/327 573/899/327 

vt 305.84 56.9207
vt 306.974 56.9207
v 7467.85 192.203 -4556.54
vt 306.407 59.5453
vn 0.0693414 0.333226 0.940294
f 573/900/327 572/901/327 574/902/328

g Mesh83 Group2 Group1 Model

v 6574.34 0 -4729.23
vt -315.079 28.5352
vn -0.569295 0.584181 -0.578478
v 6541.45 0 -4696.86
vt -313.262 28.5352
v 6571.78 54.1082 -4672.07
vt -313.429 31.1598
vn -0.497289 0.705241 -0.505311
v 6598.64 54.1082 -4698.5
vt -314.912 31.1598
f 575/903/329 576/904/329 577/905/330 578/906/330 

vt -314.912 41.9873
vt -313.429 41.9873
v 6613.52 93.3383 -4637.53
vt -313.646 44.6119
vn -0.296846 0.906035 -0.301635
v 6632.51 93.3383 -4656.21
vt -314.695 44.6119
f 578/907/330 577/908/330 579/909/331 580/910/331 

vt -314.695 51.8271
vt -313.646 51.8271
v 6668.39 109.497 -4600.77
vt -314.171 54.4517
vn -0.17001 0.970182 -0.172752
f 580/911/331 579/912/331 581/913/332

g Mesh84 Group2 Group1 Model

v 7273.23 0 -4408.95
vt -68.783 135.138
vn -0.85945 0.412369 0.302156
v 7287.91 0 -4367.21
vt -67.0408 135.138
v 7312.5 60.7345 -4380.15
vt -67.2006 137.762
vn -0.792666 0.542236 0.278676
v 7300.51 60.7345 -4414.24
vt -68.6232 137.762
f 582/914/333 583/915/333 584/916/334 585/917/334 

vt -68.6232 218.879
vt -67.2006 218.879
v 7352.27 110.805 -4399.75
vt -67.409 221.503
vn -0.566241 0.799839 0.199072
v 7343.79 110.805 -4423.85
vt -68.4149 221.503
f 585/918/334 584/919/334 586/920/335 587/921/335 

vt -68.4149 301.191
vt -67.409 301.191
v 7404.99 139.073 -4431.82
vt -67.9119 303.816
vn -0.400022 0.905651 0.140635
f 587/922/335 586/923/335 588/924/336

g Mesh85 Group2 Group1 Model

v 8047.52 0 -4143.25
vt 347.561 -39.0352
vn 0.558102 0.496072 0.665158
v 8081.45 0 -4171.71
vt 349.304 -39.0352
v 8057.08 57.8854 -4194.44
vt 349.144 -36.4105
vn 0.501665 0.625183 0.597895
v 8029.38 57.8854 -4171.19
vt 347.721 -36.4105
f 589/925/337 590/926/337 591/927/338 592/928/338 

vt 347.721 -55.6575
vt 349.144 -55.6575
v 8021.35 102.795 -4228.78
vt 348.936 -53.0328
vn 0.328937 0.859133 0.392034
v 8001.76 102.795 -4212.34
vt 347.929 -53.0328
f 592/929/338 591/930/338 593/931/339 594/932/339 

vt 347.929 -69.9132
vt 348.936 -69.9132
v 7971.09 124.733 -4268.78
vt 348.432 -67.2885
vn 0.211511 0.944308 0.252084
f 594/933/339 593/934/339 595/935/340

g Mesh86 Group2 Group1 Model

v 8361.68 0 -4140.02
vt -196.655 -123.29
vn 0.476626 0.397368 -0.784172
v 8324.05 0 -4162.89
vt -194.922 -123.29
v 8313.75 61.1773 -4138.16
vt -195.081 -120.666
vn 0.466195 0.440859 -0.767011
v 8344.47 61.1773 -4119.48
vt -196.496 -120.666
f 596/936/341 597/937/341 598/938/342 599/939/342 

vt -196.496 -147.352
vt -195.081 -147.352
v 8301.51 119.54 -4107.89
vt -195.288 -144.727
vn 0.439487 0.532939 -0.723068
v 8323.23 119.54 -4094.68
vt -196.289 -144.727
f 599/940/342 598/941/342 600/942/343 601/943/343 

vt -196.289 -175.021
vt -195.288 -175.021
v 8292.26 173.811 -4068.2
vt -195.789 -172.396
vn 0.422821 0.580771 -0.695649
f 601/944/343 600/945/343 602/946/344

g Mesh87 Group2 Group1 Model

v 6480.94 0 -4639.38
vt 257.804 54.4802
vn 0.0139563 0.304538 0.952398
v 6524.63 0 -4640.02
vt 259.524 54.4802
v 6520.32 63.5 -4660.26
vt 259.366 57.1049
vn 0.0137983 0.336401 0.941618
v 6484.65 63.5 -4659.74
vt 257.962 57.1049
f 603/947/345 604/948/345 605/949/346 606/950/346 

vt 257.962 68.431
vt 259.366 68.431
v 6514.74 125.491 -4684.71
vt 259.161 71.0557
vn 0.0133959 0.405146 0.914154
v 6489.51 125.491 -4684.34
vt 258.167 71.0557
f 606/951/346 605/952/346 607/953/347 608/954/347 

vt 258.167 84.2382
vt 259.161 84.2382
v 6501.69 185.301 -4713.97
vt 258.664 86.8628
vn 0.0131451 0.441747 0.897043
f 608/955/347 607/956/347 609/957/348

g Mesh88 Group2 Group1 Model

v 7160.23 0 -4507.11
vt -220.987 69.654
vn -0.947335 0.27947 -0.156374
v 7153.26 0 -4464.87
vt -219.302 69.654
v 7172.28 64.0103 -4465.71
vt -219.456 72.2786
vn -0.931778 0.328838 -0.153806
v 7177.97 64.0103 -4500.2
vt -220.832 72.2786
f 610/958/349 611/959/349 612/960/350 613/961/350 

vt -220.832 96.6527
vt -219.456 96.6527
v 7197.93 125.749 -4466.67
vt -219.658 99.2774
vn -0.885915 0.440192 -0.146236
v 7201.96 125.749 -4491.05
vt -220.631 99.2774
f 613/962/350 612/963/350 614/964/351 615/965/351 

vt -220.631 130.009
vt -219.658 130.009
v 7232.9 183.447 -4473.42
vt -220.144 132.633
vn -0.853907 0.500974 -0.140952
f 615/966/351 614/967/351 616/968/352

g Mesh89 Group2 Group1 Model

v 7238.65 0 -4767.79
vt -152.945 43.035
vn -0.98315 0.141072 0.116249
v 7243.74 0 -4724.71
vt -151.238 43.035
v 7252.61 66 -4729.77
vt -151.395 45.6597
vn -0.980926 0.155987 0.115986
v 7248.45 66 -4764.94
vt -152.789 45.6597
f 617/969/353 618/970/353 619/971/354 620/972/354 

vt -152.789 54.7474
vt -151.395 54.7474
v 7263.31 131.686 -4736.26
vt -151.599 57.3721
vn -0.975219 0.188816 0.115312
v 7260.37 131.686 -4761.13
vt -152.585 57.3721
f 620/973/354 619/974/354 621/975/355 622/976/355 

vt -152.585 68.2974
vt -151.599 68.2974
v 7275.53 196.913 -4750.31
vt -152.092 70.9221
vn -0.971635 0.206702 0.114888
f 622/977/355 621/978/355 623/979/356

g Mesh90 Group2 Group1 Model

v 7447.75 0 -4303.59
vt 298.01 -50.7654
vn 0.80802 0.315597 0.497496
v 7473.15 0 -4344.83
vt 299.917 -50.7654
v 7452.9 63.2595 -4352.08
vt 299.742 -48.1408
vn 0.78028 0.400453 0.480417
v 7432.17 63.2595 -4318.41
vt 298.185 -48.1408
f 624/980/357 625/981/357 626/982/358 627/983/358 

vt 298.185 -74.9507
vt 299.742 -74.9507
v 7422.5 121.671 -4364
vt 299.514 -72.3261
vn 0.685792 0.592792 0.422241
v 7407.84 121.671 -4340.18
vt 298.413 -72.3261
f 627/984/358 626/985/358 628/986/359 629/987/359 

vt 298.413 -106.623
vt 299.514 -106.623
v 7375.81 169.712 -4376.32
vt 298.964 -103.998
vn 0.613633 0.693334 0.377812
f 629/988/359 628/989/359 630/990/360

g Mesh91 Group2 Group1 Model

v 8327.46 0 -4134.08
vt 59.9175 -120.173
vn 0.901887 0.332804 -0.275393
v 8313.81 0 -4178.78
vt 61.7575 -120.173
v 8293.84 62.8664 -4168.2
vt 61.5887 -117.548
vn 0.871061 0.412926 -0.26598
v 8304.98 62.8664 -4131.7
vt 60.0863 -117.548
f 631/991/361 632/992/361 633/993/362 634/994/362 

vt 60.0863 -174.338
vt 61.5887 -174.338
v 8264.23 120.982 -4153.31
vt 61.3686 -171.713
vn 0.770854 0.591928 -0.235382
v 8272.11 120.982 -4127.51
vt 60.3063 -171.713
f 634/995/362 633/996/362 635/997/363 636/998/363 

vt 60.3063 -242.463
vt 61.3686 -242.463
v 8224.48 169.541 -4127.07
vt 60.8375 -239.838
vn 0.696625 0.685176 -0.212716
f 636/999/363 635/1000/363 637/1001/364

g Mesh92 Group2 Group1 Model

v 6916.61 0 -4352.04
vt 321.674 1.99297
vn 0.486382 0.339082 0.805268
v 6951.96 0 -4373.39
vt 323.3 1.99297
v 6937.03 62.7171 -4390.78
vt 323.151 4.61764
vn 0.479759 0.372712 0.794303
v 6908.16 62.7171 -4373.35
vt 321.823 4.61764
f 638/1002/365 639/1003/365 640/1004/366 641/1005/366 

vt 321.823 5.00332
vt 323.151 5.00332
v 6918.81 123.646 -4411.39
vt 322.956 7.62799
vn 0.463104 0.444592 0.766728
v 6898.4 123.646 -4399.06
vt 322.018 7.62799
f 641/1006/366 640/1007/366 642/1008/367 643/1009/367 

vt 322.018 8.04319
vt 322.956 8.04319
v 6891.98 182.039 -4432.76
vt 322.487 10.6679
vn 0.452844 0.482512 0.749743
f 643/1010/367 642/1011/367 644/1012/368

g Mesh93 Group2 Group1 Model

v 7743.46 0 -4347.33
vt 290.55 87.6387
vn -0.0697733 0.450679 0.889955
v 7785.07 0 -4344.06
vt 292.194 87.6387
v 7783.6 59.5124 -4374.32
vt 292.043 90.2634
vn -0.0680226 0.492546 0.867624
v 7749.63 59.5124 -4376.98
vt 290.701 90.2634
f 645/1013/369 646/1014/369 647/1015/370 648/1016/370 

vt 290.701 106.319
vt 292.043 106.319
v 7781.41 115.907 -4410.15
vt 291.846 108.943
vn -0.0637007 0.579472 0.812499
v 7757.38 115.907 -4412.03
vt 290.898 108.943
f 648/1017/370 647/1018/370 649/1019/371 650/1020/371 

vt 290.898 126.491
vt 291.846 126.491
v 7772.65 168.01 -4452.56
vt 291.372 129.116
vn -0.0610862 0.623852 0.779151
f 650/1021/371 649/1022/371 651/1023/372

g Mesh94 Group2 Group1 Model

v 6271 0 -5549.53
vt 301.928 -64.4109
vn 0.793022 0.486486 0.366671
v 6288.48 0 -5587.34
vt 303.568 -64.4109
v 6257.44 58.2459 -5597.48
vt 303.418 -61.7863
vn 0.771483 0.52685 0.356712
v 6243.17 58.2459 -5566.61
vt 302.079 -61.7863
f 652/1024/373 653/1025/373 654/1026/374 655/1027/374 

vt 302.079 -72.3334
vt 303.418 -72.3334
v 6221.1 113.204 -5608.8
vt 303.222 -69.7088
vn 0.719473 0.609667 0.332664
v 6211 113.204 -5586.97
vt 302.275 -69.7088
f 655/1028/374 654/1029/374 656/1030/375 657/1031/375 

vt 302.275 -81.0782
vt 303.222 -81.0782
v 6176.63 163.78 -5616.11
vt 302.748 -78.4535
vn 0.688602 0.651502 0.31839
f 657/1032/375 656/1033/375 658/1034/376

g Mesh95 Group2 Group1 Model

v 6527.5 0 -4541.98
vt -110.344 -14.2682
vn 0.566193 0.0486987 -0.822833
v 6488.59 0 -4568.75
vt -108.484 -14.2682
v 6490.32 66.5876 -4563.62
vt -108.655 -11.6436
vn 0.565998 0.0553053 -0.82255
v 6522.09 66.5876 -4541.76
vt -110.173 -11.6436
f 659/1035/377 660/1036/377 661/1037/378 662/1038/378 

vt -110.173 -15.5144
vt -108.655 -15.5144
v 6492.63 133.126 -4557.02
vt -108.877 -12.8897
vn 0.565463 0.0702992 -0.821772
v 6515.1 133.126 -4541.56
vt -109.951 -12.8897
f 662/1039/378 661/1040/378 663/1041/379 664/1042/379 

vt -109.951 -17.8058
vt -108.877 -17.8058
v 6500.89 199.586 -4544.97
vt -109.414 -15.1811
vn 0.565108 0.078684 -0.821256
f 664/1043/379 663/1044/379 665/1045/380

g Mesh96 Group2 Group1 Model

v 7533.48 0 -4286.37
vt -78.9418 -30.2699
vn 0.728134 0.0911786 -0.679343
v 7499.95 0 -4322.31
vt -77.0065 -30.2699
v 7498.58 66.389 -4314.87
vt -77.184 -27.6453
vn 0.727203 0.104156 -0.678474
v 7525.96 66.389 -4285.52
vt -78.7643 -27.6453
f 666/1046/381 667/1047/381 668/1048/382 669/1049/382 

vt -78.7643 -36.2566
vt -77.184 -36.2566
v 7496.88 132.597 -4305.24
vt -77.4155 -33.6319
vn 0.724614 0.133715 -0.676059
v 7516.24 132.597 -4284.49
vt -78.5329 -33.6319
f 669/1050/382 668/1051/382 670/1052/383 671/1053/383 

vt -78.5329 -44.6471
vt -77.4155 -44.6471
v 7499.24 198.506 -4288.03
vt -77.9742 -42.0224
vn 0.722876 0.150279 -0.674438
f 671/1054/383 670/1055/383 672/1056/384

g Mesh97 Group2 Group1 Model

v 6934.86 0 -4609.26
vt 293.412 -35.1648
vn 0.84146 0.240479 0.483855
v 6954.89 0 -4644.09
vt 294.994 -35.1648
v 6939.15 64.7103 -4648.88
vt 294.849 -32.5401
vn 0.832012 0.280836 0.478422
v 6922.8 64.7103 -4620.45
vt 293.558 -32.5401
f 673/1057/385 674/1058/385 675/1059/386 676/1060/386 

vt 293.558 -44.2802
vt 294.849 -44.2802
v 6918.22 127.856 -4655.38
vt 294.66 -41.6556
vn 0.804519 0.372476 0.462613
v 6906.66 127.856 -4635.27
vt 293.747 -41.6556
f 676/1061/386 675/1062/386 677/1063/387 678/1064/387 

vt 293.747 -56.687
vt 294.66 -56.687
v 6887.99 188.261 -4659.38
vt 294.203 -54.0623
vn 0.785477 0.423114 0.451664
f 678/1065/387 677/1066/387 679/1067/388

g Mesh98 Group2 Group1 Model

v 6949.66 0 -4108.04
vt 186.864 -86.5813
vn 0.937378 0.336759 0.0889736
v 6953.98 0 -4153.6
vt 188.666 -86.5813
v 6931.23 62.7727 -4151.54
vt 188.501 -83.9566
vn 0.919253 0.383877 0.0872532
v 6927.7 62.7727 -4114.34
vt 187.029 -83.9566
f 680/1068/389 681/1069/389 682/1070/390 683/1071/390 

vt 187.029 -107.946
vt 188.501 -107.946
v 6902.18 122.961 -4148.8
vt 188.285 -105.322
vn 0.869739 0.486557 0.0825535
v 6899.68 122.961 -4122.5
vt 187.245 -105.322
f 683/1072/390 682/1073/390 684/1074/391 685/1075/391 

vt 187.245 -133.965
vt 188.285 -133.965
v 6865.01 179.023 -4139.06
vt 187.765 -131.341
vn 0.837176 0.54113 0.0794627
f 685/1076/391 684/1077/391 686/1078/392

g Mesh99 Group2 Group1 Model

v 6321.74 0 -5510.79
vt -328.266 11.3102
vn -0.695936 0.318896 -0.643411
v 6293.88 0 -5480.66
vt -326.651 11.3102
v 6312.04 63.186 -5468.99
vt -326.799 13.9349
vn -0.687377 0.351647 -0.635498
v 6334.79 63.186 -5493.59
vt -328.118 13.9349
f 687/1079/393 688/1080/393 689/1081/394 690/1082/394 

vt -328.118 16.2366
vt -326.799 16.2366
v 6334.17 124.742 -5455.22
vt -326.992 18.8613
vn -0.665671 0.42205 -0.615431
v 6350.26 124.742 -5472.61
vt -327.925 18.8613
f 690/1083/394 689/1084/394 691/1085/395 692/1086/395 

vt -327.925 21.503
vt -326.992 21.503
v 6364.7 183.958 -5443.12
vt -327.458 24.1276
vn -0.652204 0.459396 -0.60298
f 692/1087/395 691/1088/395 693/1089/396

g Mesh100 Group2 Group1 Model

v 7233.24 0 -4374.37
vt 123.678 -75.6328
vn 0.9567 0.244794 -0.157485
v 7225.24 0 -4422.98
vt 125.617 -75.6328
v 7209.87 64.6383 -4415.87
vt 125.439 -73.0081
vn 0.939958 0.304199 -0.154729
v 7216.41 64.6383 -4376.18
vt 123.856 -73.0081
f 694/1090/397 695/1091/397 696/1092/398 697/1093/398 

vt 123.856 -109.378
vt 125.439 -109.378
v 7186.99 126.772 -4406.13
vt 125.207 -106.753
vn 0.884082 0.444094 -0.145531
v 7191.61 126.772 -4378.07
vt 124.088 -106.753
f 697/1094/398 696/1095/398 698/1096/399 699/1097/399 

vt 124.088 -156.255
vt 125.207 -156.255
v 7154.95 183.627 -4386.45
vt 124.647 -153.63
vn 0.841494 0.522208 -0.13852
f 699/1098/399 698/1099/399 700/1100/400

g Mesh101 Group2 Group1 Model

v 6402.88 0 -5708.75
vt -5.26785 -143.9
vn 0.665771 0.426136 -0.612501
v 6373.91 0 -5740.24
vt -3.58328 -143.9
v 6355.66 60.3106 -5718.11
vt -3.73784 -141.275
vn 0.645012 0.48149 -0.593403
v 6379.31 60.3106 -5692.4
vt -5.11329 -141.275
f 701/1101/401 702/1102/401 703/1103/402 704/1104/402 

vt -5.11329 -178.053
vt -3.73784 -178.053
v 6332.88 116.635 -5690.2
vt -3.93927 -175.428
vn 0.589873 0.597958 -0.542675
v 6349.6 116.635 -5672.02
vt -4.91186 -175.428
f 704/1105/402 703/1106/402 705/1107/403 706/1108/403 

vt -4.91186 -216.888
vt -3.93927 -216.888
v 6308.98 166.869 -5651.43
vt -4.42556 -214.264
vn 0.554535 0.657436 -0.510165
f 706/1109/403 705/1110/403 707/1111/404

g Mesh102 Group2 Group1 Model

v 6750.59 0 -4164.88
vt -79.5824 -108.917
vn 0.642761 0.360684 -0.675845
v 6721.13 0 -4192.9
vt -77.9816 -108.917
v 6707.26 62.1792 -4172.91
vt -78.1285 -106.292
vn 0.621633 0.431672 -0.65363
v 6731.32 62.1792 -4150.03
vt -79.4356 -106.292
f 708/1112/405 709/1113/405 710/1114/406 711/1115/406 

vt -79.4356 -148.417
vt -78.1285 -148.417
v 6687.81 119.911 -4145.4
vt -78.3199 -145.792
vn 0.557964 0.586923 -0.586684
v 6704.82 119.911 -4129.22
vt -79.2441 -145.792
f 711/1116/406 710/1117/406 712/1118/407 713/1119/407 

vt -79.2441 -196.537
vt -78.3199 -196.537
v 6665.65 169.553 -4105.07
vt -78.782 -193.912
vn 0.513161 0.667477 -0.539574
f 713/1120/407 712/1121/407 714/1122/408

g Mesh103 Group2 Group1 Model

v 7091.87 0 -5084.92
vt 9.06861 125.399
vn -0.741995 0.365124 0.562252
v 7116.96 0 -5051.81
vt 10.7039 125.399
v 7134.06 62.0639 -5069.55
vt 10.5539 128.024
vn -0.726852 0.41028 0.550778
v 7113.58 62.0639 -5096.58
vt 9.21865 128.024
f 715/1123/409 716/1124/409 717/1125/410 718/1126/410 

vt 9.21865 158.69
vt 10.5539 158.69
v 7155.21 121.449 -5091.81
vt 10.3583 161.314
vn -0.686875 0.507246 0.520485
v 7140.72 121.449 -5110.92
vt 9.41419 161.314
f 718/1127/410 717/1128/410 719/1129/411 720/1130/411 

vt 9.41419 196.877
vt 10.3583 196.877
v 7177.62 176.762 -5123.84
vt 9.88625 199.502
vn -0.661294 0.5582 0.501101
f 720/1131/411 719/1132/411 721/1133/412

g Mesh104 Group2 Group1 Model

v 6211 0 -5757.85
vt -56.8704 174.312
vn -0.710812 0.530545 0.46181
v 6237.73 0 -5716.71
vt -54.9389 174.312
v 6264.93 56.5105 -5739.75
vt -55.1161 176.936
vn -0.686687 0.573954 0.446136
v 6243.11 56.5105 -5773.35
vt -56.6932 176.936
f 722/1134/413 723/1135/413 724/1136/414 725/1137/414 

vt -56.6932 204.935
vt -55.1161 204.935
v 6296.16 109.037 -5767.04
vt -55.3471 207.559
vn -0.628724 0.661704 0.408478
v 6280.73 109.037 -5790.79
vt -56.4623 207.559
f 725/1138/414 724/1139/414 726/1140/415 727/1141/415 

vt -56.4623 236.875
vt -55.3471 236.875
v 6327.87 156.301 -5804.53
vt -55.9047 239.5
vn -0.594509 0.705246 0.386249
f 727/1142/415 726/1143/415 728/1144/416

g Mesh105 Group2 Group1 Model

v 6740.87 0 -4235.46
vt 212.416 -52.7168
vn 0.957115 0.228736 0.177796
v 6749.61 0 -4282.52
vt 214.3 -52.7168
v 6733.81 64.8992 -4280.99
vt 214.127 -50.0921
vn 0.949536 0.259363 0.176388
v 6726.68 64.8992 -4242.56
vt 212.589 -50.0921
f 729/1145/417 730/1146/417 731/1147/418 732/1148/418 

vt 212.589 -64.1546
vt 214.127 -64.1546
v 6713.78 128.706 -4278.89
vt 213.902 -61.5299
vn 0.928933 0.327577 0.172561
v 6708.73 128.706 -4251.72
vt 212.814 -61.5299
f 732/1149/418 731/1150/418 733/1151/419 734/1152/419 

vt 212.814 -78.8853
vt 213.902 -78.8853
v 6687.34 190.776 -4269.74
vt 213.358 -76.2606
vn 0.915385 0.364905 0.170044
f 734/1153/419 733/1154/419 735/1155/420

g Mesh106 Group2 Group1 Model

v 6422.77 0 -5013.79
vt 320.244 10.814
vn 0.463359 0.579219 0.670674
v 6463.88 0 -5042.19
vt 322.211 10.814
v 6438.16 54.3448 -5071.35
vt 322.031 13.4387
vn 0.422362 0.669239 0.611334
v 6404.59 54.3448 -5048.17
vt 320.424 13.4387
f 736/1156/421 737/1157/421 738/1158/422 739/1159/422 

vt 320.424 16.5642
vt 322.031 16.5642
v 6404.81 98.4138 -5109.11
vt 321.795 19.1889
vn 0.312775 0.834997 0.452716
v 6381.07 98.4138 -5092.72
vt 320.66 19.1889
f 739/1160/422 738/1161/422 740/1162/423 741/1163/423 

vt 320.66 21.6806
vt 321.795 21.6806
v 6358.7 126.999 -5150.47
vt 321.228 24.3053
vn 0.243726 0.90341 0.352773
f 741/1164/423 740/1165/423 742/1166/424

g Mesh107 Group2 Group1 Model

v 6740.33 0 -4880.75
vt 285.029 -75.7062
vn 0.803583 0.46859 0.366985
v 6760.77 0 -4925.51
vt 286.966 -75.7062
v 6730.48 58.8944 -4934.38
vt 286.788 -73.0816
vn 0.754584 0.558434 0.344608
v 6713.79 58.8944 -4897.83
vt 285.206 -73.0816
f 743/1167/425 744/1168/425 745/1169/426 746/1170/426 

vt 285.206 -101.18
vt 286.788 -101.18
v 6689.09 110 -4946.81
vt 286.557 -98.5552
vn 0.612317 0.739508 0.279637
v 6677.29 110 -4920.97
vt 285.438 -98.5552
f 746/1171/426 745/1172/426 747/1173/427 748/1174/427 

vt 285.438 -128.172
vt 286.557 -128.172
v 6633.26 147.83 -4956.7
vt 285.997 -125.547
vn 0.516181 0.8234 0.235733
f 748/1175/427 747/1176/427 749/1177/428

g Mesh108 Group2 Group1 Model

v 7199.42 0 -4874.52
vt -120.831 -30.0432
vn 0.574293 0.0938079 -0.813257
v 7158.74 0 -4903.25
vt -118.87 -30.0432
v 7158.86 66.3727 -4895.51
vt -119.05 -27.4186
vn 0.573245 0.111411 -0.811774
v 7192.08 66.3727 -4872.05
vt -120.651 -27.4186
f 750/1178/429 751/1179/429 752/1180/430 753/1181/430 

vt -120.651 -38.684
vt -119.05 -38.684
v 7158.77 132.483 -4885.05
vt -119.285 -36.0593
vn 0.570043 0.153021 -0.807239
v 7182.25 132.483 -4868.46
vt -120.417 -36.0593
f 753/1182/430 752/1183/430 754/1184/431 755/1185/431 

vt -120.417 -51.4411
vt -119.285 -51.4411
v 7163.7 198.097 -4867.12
vt -119.851 -48.8164
vn 0.567732 0.176973 -0.803966
f 755/1186/431 754/1187/431 756/1188/432

g Mesh109 Group2 Group1 Model

v 7198.38 0 -4400.02
vt -243.364 79.7986
vn -0.900813 0.353015 -0.252819
v 7186.84 0 -4358.89
vt -241.682 79.7986
v 7210.55 62.3745 -4356.3
vt -241.837 82.4233
vn -0.884729 0.39446 -0.248305
v 7219.98 62.3745 -4389.89
vt -243.21 82.4233
f 757/1189/433 758/1190/433 759/1191/434 760/1192/434 

vt -243.21 100.972
vt -241.837 100.972
v 7239.86 122.399 -4353.38
vt -242.038 103.597
vn -0.842761 0.483539 -0.236526
v 7246.53 122.399 -4377.13
vt -243.009 103.597
f 760/1193/434 759/1194/434 761/1195/435 762/1196/435 

vt -243.009 125.106
vt -242.038 125.106
v 7277.25 178.911 -4355.7
vt -242.523 127.731
vn -0.816137 0.530522 -0.229054
f 762/1197/435 761/1198/435 763/1199/436

g Mesh110 Group2 Group1 Model

v 6963.87 0 -4695.32
vt 285.956 -58.6818
vn 0.841724 0.353422 0.408159
v 6983.95 0 -4736.73
vt 287.768 -58.6818
v 6960.91 62.3643 -4743.21
vt 287.601 -56.0572
vn 0.823885 0.402001 0.39951
v 6944.52 62.3643 -4709.4
vt 286.122 -56.0572
f 764/1200/437 765/1201/437 766/1202/438 767/1203/438 

vt 286.122 -72.02
vt 287.601 -72.02
v 6931.55 121.917 -4751.34
vt 287.385 -69.3953
vn 0.775461 0.507211 0.376028
v 6919.96 121.917 -4727.43
vt 286.339 -69.3953
f 767/1204/438 766/1205/438 768/1206/439 769/1207/439 

vt 286.339 -88.2856
vt 287.385 -88.2856
v 6891.99 177.025 -4755.75
vt 286.862 -85.661
vn 0.74379 0.562755 0.360671
f 769/1208/439 768/1209/439 770/1210/440

g Mesh111 Group2 Group1 Model

v 7123.82 0 -4284.36
vt -69.4109 -212.543
vn 0.544119 0.66454 -0.512174
v 7090.71 0 -4319.53
vt -67.5093 -212.543
v 7061.49 49.8169 -4285.94
vt -67.6838 -209.918
vn 0.470742 0.762929 -0.443105
v 7088.52 49.8169 -4257.22
vt -69.2364 -209.918
f 771/1211/441 772/1212/441 773/1213/442 774/1214/442 

vt -69.2364 -268.118
vt -67.6838 -268.118
v 7024.37 85.3428 -4243.06
vt -67.9112 -265.494
vn 0.283131 0.921309 -0.266509
v 7043.49 85.3428 -4222.76
vt -69.0091 -265.494
f 774/1215/442 773/1216/442 775/1217/443 776/1218/443 

vt -69.0091 -306.273
vt -67.9112 -306.273
v 6986.74 100.977 -4188.49
vt -68.4601 -303.649
vn 0.170761 0.972113 -0.160736
f 776/1219/443 775/1220/443 777/1221/444

g Mesh112 Group2 Group1 Model

v 7399.46 0 -4739.92
vt -172.953 -118.394
vn 0.422218 0.395138 -0.815842
v 7362.78 0 -4758.9
vt -171.327 -118.394
v 7354.03 61.2415 -4733.76
vt -171.476 -115.769
vn 0.390162 0.52859 -0.753901
v 7383.98 61.2415 -4718.26
vt -172.804 -115.769
f 778/1222/445 779/1223/445 780/1224/446 781/1225/446 

vt -172.804 -192.269
vt -171.476 -192.269
v 7338.5 111.9 -4693.01
vt -171.67 -189.644
vn 0.278067 0.796231 -0.537303
v 7359.68 111.9 -4682.05
vt -172.609 -189.644
f 781/1226/446 780/1227/446 782/1228/447 783/1229/447 

vt -172.609 -267.201
vt -171.67 -267.201
v 7321.32 140.078 -4633.87
vt -172.14 -264.576
vn 0.194262 0.90629 -0.375368
f 783/1230/447 782/1231/447 784/1232/448

g Mesh113 Group2 Group1 Model

v 6937.29 0 -4870.82
vt 253.521 -38.0827
vn 0.953712 0.175483 0.24421
v 6948.57 0 -4914.86
vt 255.311 -38.0827
v 6936.2 65.6322 -4913.72
vt 255.147 -35.458
vn 0.945536 0.21758 0.242116
v 6926.99 65.6322 -4877.76
vt 253.685 -35.458
f 785/1233/449 786/1234/449 787/1235/450 788/1236/450 

vt 253.685 -53.6523
vt 255.147 -53.6523
v 6918.11 130.019 -4912.74
vt 254.933 -51.0276
vn 0.918043 0.319274 0.235076
v 6911.59 130.019 -4887.31
vt 253.899 -51.0276
f 788/1237/450 787/1238/450 789/1239/451 790/1240/451 

vt 253.899 -76.8653
vt 254.933 -76.8653
v 6890.44 191.739 -4906.28
vt 254.416 -74.2407
vn 0.896863 0.378016 0.229653
f 790/1241/451 789/1242/451 791/1243/452

g Mesh114 Group2 Group1 Model

v 7283.25 0 -4210.23
vt -85.3104 -186.026
vn 0.575805 0.58128 -0.574945
v 7251.79 0 -4241.74
vt -83.5572 -186.026
v 7227.25 54.2469 -4211.47
vt -83.718 -183.402
vn 0.501763 0.705138 -0.501014
v 7252.94 54.2469 -4185.74
vt -85.1495 -183.402
f 792/1244/453 793/1245/453 794/1246/454 795/1247/454 

vt -85.1495 -256.883
vt -83.718 -256.883
v 7192.78 93.3 -4169.52
vt -83.9277 -254.258
vn 0.294592 0.909225 -0.294153
v 7210.94 93.3 -4151.33
vt -84.9399 -254.258
f 795/1248/454 794/1249/454 796/1250/455 797/1251/455 

vt -84.9399 -306.987
vt -83.9277 -306.987
v 7155.96 108.686 -4114.59
vt -84.4338 -304.362
vn 0.163319 0.973002 -0.163075
f 797/1252/455 796/1253/455 798/1254/456

g Mesh115 Group2 Group1 Model

v 7255.4 0 -4244.9
vt -315.493 53.4539
vn -0.62699 0.534872 -0.566389
v 7224.43 0 -4210.62
vt -313.674 53.4539
v 7253.73 56.3289 -4189.86
vt -313.841 56.0786
vn -0.540033 0.685842 -0.487837
v 7279.02 56.3289 -4217.85
vt -315.326 56.0786
f 799/1255/457 800/1256/457 801/1257/458 802/1258/458 

vt -315.326 83.5605
vt -313.841 83.5605
v 7297.6 95.2613 -4157.68
vt -314.058 86.1852
vn -0.280414 0.925852 -0.253311
v 7315.47 95.2613 -4177.47
vt -315.108 86.1852
f 802/1259/458 801/1260/458 803/1261/459 804/1262/459 

vt -315.108 102.854
vt -314.058 102.854
v 7355.44 105.316 -4123.4
vt -314.583 105.479
vn -0.111914 0.988562 -0.101097
f 804/1263/459 803/1264/459 805/1265/460

g Mesh116 Group2 Group1 Model

v 7231.65 0 -4325.87
vt 294.91 -88.3292
vn 0.691204 0.581241 0.429413
v 7255.17 0 -4363.72
vt 296.664 -88.3292
v 7220.09 54.2488 -4380.7
vt 296.503 -85.7045
vn 0.617486 0.686695 0.383615
v 7200.89 54.2488 -4349.79
vt 295.071 -85.7045
f 806/1266/461 807/1267/461 808/1268/462 809/1269/462 

vt 295.071 -115.907
vt 296.503 -115.907
v 7173.15 96.0221 -4403.59
vt 296.293 -113.282
vn 0.415529 0.872178 0.258149
v 7159.57 96.0221 -4381.73
vt 295.28 -113.282
f 809/1270/462 808/1271/462 810/1272/463 811/1273/463 

vt 295.28 -138.366
vt 296.293 -138.366
v 7113.07 118.577 -4425.77
vt 295.787 -135.741
vn 0.287381 0.94103 0.178536
f 811/1274/463 810/1275/463 812/1276/464

g Mesh117 Group2 Group1 Model

v 6462.27 0 -4715.53
vt 296.555 -15.2277
vn 0.818507 0.143561 0.55627
v 6489.17 0 -4755.11
vt 298.439 -15.2277
v 6478.79 65.9761 -4756.86
vt 298.266 -12.603
vn 0.816133 0.162121 0.554657
v 6456.83 65.9761 -4724.54
vt 296.728 -12.603
f 813/1277/465 814/1278/465 815/1279/466 816/1280/466 

vt 296.728 -16.5363
vt 298.266 -16.5363
v 6465.61 131.546 -4758.9
vt 298.041 -13.9116
vn 0.809721 0.203771 0.550299
v 6450.08 131.546 -4736.05
vt 296.953 -13.9116
f 816/1281/466 815/1282/466 817/1283/467 818/1284/467 

vt 296.953 -18.8204
vt 298.041 -18.8204
v 6445.34 196.476 -4755.97
vt 297.497 -16.1957
vn 0.805521 0.226804 0.547445
f 818/1285/467 817/1286/467 819/1287/468

g Mesh118 Group2 Group1 Model

v 7401.14 0 -4575.89
vt -92.8808 -152.905
vn 0.599041 0.463705 -0.652784
v 7371.16 0 -4603.41
vt -91.2786 -152.905
v 7353.01 59.066 -4578.11
vt -91.4256 -150.28
vn 0.57088 0.535809 -0.622097
v 7377.49 59.066 -4555.64
vt -92.7338 -150.28
f 820/1288/469 821/1289/469 822/1290/470 823/1291/470 

vt -92.7338 -196.644
vt -91.4256 -196.644
v 7329.36 112.188 -4545.14
vt -91.6172 -194.019
vn 0.49318 0.684066 -0.537426
v 7346.67 112.188 -4529.25
vt -92.5422 -194.019
f 823/1292/470 822/1293/470 824/1294/471 825/1295/471 

vt -92.5422 -244.432
vt -91.6172 -244.432
v 7303.92 155.791 -4500.04
vt -92.0797 -241.807
vn 0.442212 0.756462 -0.481885
f 825/1296/471 824/1297/471 826/1298/472

g Mesh119 Group2 Group1 Model

v 6780.95 0 -4247.4
vt -261.659 48.0459
vn -0.877917 0.273906 -0.392731
v 6762.69 0 -4206.58
vt -259.898 48.0459
v 6781.04 64.1171 -4202.87
vt -260.059 50.6706
vn -0.86701 0.312835 -0.387851
v 6795.95 64.1171 -4236.2
vt -261.497 50.6706
f 827/1299/473 828/1300/473 829/1301/474 830/1302/474 

vt -261.497 64.2279
vt -260.059 64.2279
v 6804.59 126.536 -4198.19
vt -260.27 66.8525
vn -0.836933 0.399213 -0.374396
v 6815.14 126.536 -4221.76
vt -261.286 66.8525
f 830/1303/474 829/1304/474 831/1305/475 832/1306/475 

vt -261.286 83.4432
vt -260.27 83.4432
v 6837.01 186.201 -4197.83
vt -260.778 86.0679
vn -0.816959 0.446113 -0.365461
f 832/1307/475 831/1308/475 833/1309/476

g Mesh120 Group2 Group1 Model

v 7083.33 0 -4390.27
vt 303.789 58.5919
vn 0.146939 0.472813 0.868825
v 7131.82 0 -4398.48
vt 305.726 58.5919
v 7122.12 58.7442 -4428.8
vt 305.548 61.2166
vn 0.139909 0.54412 0.82726
v 7082.52 58.7442 -4422.11
vt 303.967 61.2166
f 834/1310/477 835/1311/477 836/1312/478 837/1313/478 

vt 303.967 78.3909
vt 305.548 78.3909
v 7109.52 111.484 -4468.03
vt 305.317 81.0156
vn 0.120692 0.690045 0.713633
v 7081.52 111.484 -4463.3
vt 304.199 81.0156
f 837/1314/478 836/1315/478 838/1316/479 839/1317/479 

vt 304.199 99.3221
vt 305.317 99.3221
v 7087.06 154.731 -4515.69
vt 304.758 101.947
vn 0.108177 0.761032 0.639631
f 839/1318/479 838/1319/479 840/1320/480

g Mesh121 Group2 Group1 Model

v 6896.85 0 -4803.5
vt -327.257 19.7239
vn -0.628382 0.403001 -0.665377
v 6864.39 0 -4772.84
vt -325.499 19.7239
v 6885.82 61.0133 -4756.12
vt -325.66 22.3486
vn -0.602142 0.480522 -0.637592
v 6912.32 61.0133 -4781.15
vt -327.096 22.3486
f 841/1321/481 842/1322/481 843/1323/482 844/1324/482 

vt -327.096 29.7219
vt -325.66 29.7219
v 6915.08 116.494 -4732.91
vt -325.871 32.3466
vn -0.524407 0.645492 -0.555281
v 6933.82 116.494 -4750.61
vt -326.886 32.3466
f 844/1325/482 843/1326/482 845/1327/483 846/1328/483 

vt -326.886 40.6112
vt -325.871 40.6112
v 6957.78 162.188 -4706.47
vt -326.378 43.2359
vn -0.470607 0.728157 -0.498313
f 846/1329/483 845/1330/483 847/1331/484

g Mesh122 Group2 Group1 Model

v 7789.81 0 -4575.18
vt 321.644 -50.8724
vn 0.778274 0.335105 0.531031
v 7812.42 0 -4608.32
vt 323.223 -50.8724
v 7791.89 62.8121 -4617.87
vt 323.078 -48.2478
vn 0.764146 0.379779 0.521391
v 7773.43 62.8121 -4590.81
vt 321.788 -48.2478
f 848/1332/485 849/1333/485 850/1334/486 851/1335/486 

vt 321.788 -61.692
vt 323.078 -61.692
v 7765.86 123.202 -4629.82
vt 322.889 -59.0673
vn 0.726041 0.47692 0.495391
v 7752.81 123.202 -4610.69
vt 321.977 -59.0673
f 851/1336/486 850/1337/486 852/1338/487 853/1339/487 

vt 321.977 -75.0698
vt 322.889 -75.0698
v 7730.23 179.796 -4640.12
vt 322.433 -72.4451
vn 0.701221 0.528553 0.478457
f 853/1340/487 852/1341/487 854/1342/488

g Mesh123 Group2 Group1 Model

v 7004.71 0 -5090.02
vt -86.6053 -86.0585
vn 0.611143 0.261011 -0.747247
v 6971.7 0 -5117.02
vt -84.9263 -86.0585
v 6963.72 64.3557 -5101.07
vt -85.0804 -83.4338
vn 0.598503 0.325996 -0.731793
v 6990.67 64.3557 -5079.03
vt -86.4512 -83.4338
f 855/1343/489 856/1344/489 857/1345/490 858/1346/490 

vt -86.4512 -125.814
vt -85.0804 -125.814
v 6951.22 125.758 -5077.74
vt -85.2811 -123.189
vn 0.556029 0.478145 -0.679859
v 6970.28 125.758 -5062.16
vt -86.2505 -123.189
f 858/1347/490 857/1348/490 859/1349/491 860/1350/491 

vt -86.2505 -180.304
vt -85.2811 -180.304
v 6937.03 180.892 -5040.94
vt -85.7658 -177.679
vn 0.523573 0.562182 -0.640174
f 860/1351/491 859/1352/491 861/1353/492

g Mesh124 Group2 Group1 Model

v 6774.06 0 -4566.56
vt -304.919 22.862
vn -0.773704 0.223388 -0.592858
v 6744.56 0 -4528.06
vt -303.009 22.862
v 6759.09 64.982 -4522.54
vt -303.185 25.4867
vn -0.766602 0.259353 -0.587416
v 6783.18 64.982 -4553.97
vt -304.744 25.4867
f 862/1354/493 863/1355/493 864/1356/494 865/1357/494 

vt -304.744 32.8044
vt -303.185 32.8044
v 6778.23 128.683 -4515.18
vt -303.413 35.4291
vn -0.746188 0.340998 -0.571773
v 6795.26 128.683 -4537.41
vt -304.515 35.4291
f 865/1358/494 864/1359/494 866/1360/495 867/1361/495 

vt -304.515 44.7261
vt -303.413 44.7261
v 6807.18 190.176 -4510.63
vt -303.964 47.3508
vn -0.732168 0.38623 -0.561031
f 867/1362/495 866/1363/495 868/1364/496

g Mesh125 Group2 Group1 Model

v 6601.45 0 -4304.29
vt -54.0664 -184.056
vn 0.582401 0.60244 -0.545779
v 6571.73 0 -4336
vt -52.3556 -184.056
v 6545.15 53.211 -4305.62
vt -52.5126 -181.432
vn 0.549958 0.657216 -0.515376
v 6569.42 53.211 -4279.73
vt -53.9094 -181.432
f 869/1365/497 870/1366/497 871/1367/498 872/1368/498 

vt -53.9094 -213.929
vt -52.5126 -213.929
v 6514.23 100.243 -4269.52
vt -52.7171 -211.304
vn 0.471212 0.763522 -0.441581
v 6531.39 100.243 -4251.22
vt -53.7049 -211.304
f 872/1369/498 871/1370/498 873/1371/499 874/1372/499 

vt -53.7049 -243.385
vt -52.7171 -243.385
v 6483.25 139.032 -4223.3
vt -53.211 -240.76
vn 0.424551 0.813307 -0.397855
f 874/1373/499 873/1374/499 875/1375/500

g Mesh126 Group2 Group1 Model

v 6963.44 0 -4790.91
vt -330.35 17.7836
vn -0.593055 0.443967 -0.671699
v 6930.45 0 -4761.78
vt -328.617 17.7836
v 6953.07 59.7362 -4742.26
vt -328.776 20.4083
vn -0.558825 0.535831 -0.63293
v 6980 59.7362 -4766.05
vt -330.191 20.4083
f 876/1376/501 877/1377/501 878/1378/502 879/1379/502 

vt -330.191 27.4709
vt -328.776 27.4709
v 6984.44 111.951 -4714.67
vt -328.984 30.0956
vn -0.456592 0.723941 -0.51714
v 7003.49 111.951 -4731.49
vt -329.984 30.0956
f 879/1380/502 878/1381/502 880/1382/503 881/1383/503 

vt -329.984 37.3793
vt -328.984 37.3793
v 7029.81 150.837 -4682.49
vt -329.484 40.0039
vn -0.38605 0.812271 -0.437243
f 881/1384/503 880/1385/503 882/1386/504

g Mesh127 Group2 Group1 Model

v 7500.67 0 -4356.38
vt -83.6221 -146.105
vn 0.642001 0.441272 -0.626987
v 7470.77 0 -4387.01
vt -81.9369 -146.105
v 7452.46 59.8249 -4363.64
vt -82.0916 -143.48
vn 0.611146 0.519871 -0.596854
v 7476.88 59.8249 -4338.64
vt -83.4675 -143.48
f 883/1387/505 884/1388/505 885/1389/506 886/1390/506 

vt -83.4675 -194.187
vt -82.0916 -194.187
v 7427.69 113.442 -4332.3
vt -82.2931 -191.562
vn 0.522549 0.683014 -0.510328
v 7444.96 113.442 -4314.62
vt -83.266 -191.562
f 886/1391/506 885/1392/506 887/1393/507 888/1394/507 

vt -83.266 -247.546
vt -82.2931 -247.546
v 7399.95 156.563 -4287.93
vt -82.7795 -244.922
vn 0.462756 0.762636 -0.451933
f 888/1395/507 887/1396/507 889/1397/508

g Mesh128 Group2 Group1 Model

v 6127.87 0 -4226.22
vt 289.568 14.7793
vn 0.410221 0.327332 0.851218
v 6169.72 0 -4246.39
vt 291.397 14.7793
v 6156.4 62.994 -4264.19
vt 291.229 17.404
vn 0.395267 0.413586 0.820189
v 6122.24 62.994 -4247.73
vt 289.736 17.404
f 890/1398/509 891/1399/509 892/1400/510 893/1401/510 

vt 289.736 24.9866
vt 291.229 24.9866
v 6137.04 120.872 -4291.59
vt 291.011 27.6113
vn 0.344941 0.607209 0.71576
v 6112.88 120.872 -4279.94
vt 289.955 27.6113
f 893/1402/510 892/1403/510 894/1404/511 895/1405/511 

vt 289.955 36.8317
vt 291.011 36.8317
v 6104.48 167.994 -4328.25
vt 290.483 39.4563
vn 0.306862 0.707382 0.636747
f 895/1406/511 894/1407/511 896/1408/512

g Mesh129 Group2 Group1 Model

v 6633.99 0 -4671.42
vt -139.325 -87.9543
vn 0.461398 0.30598 -0.832759
v 6593.78 0 -4693.7
vt -137.515 -87.9543
v 6587.58 63.4692 -4673.81
vt -137.681 -85.3297
vn 0.456597 0.335242 -0.824094
v 6620.41 63.4692 -4655.62
vt -139.159 -85.3297
f 897/1409/513 898/1410/513 899/1411/514 900/1412/514 

vt -139.159 -102.066
vt -137.681 -102.066
v 6580.62 125.558 -4649.91
vt -137.898 -99.441
vn 0.4446 0.398019 -0.802441
v 6603.84 125.558 -4637.05
vt -138.943 -99.441
f 900/1413/514 899/1414/514 901/1415/515 902/1416/515 

vt -138.943 -118.765
vt -137.898 -118.765
v 6578.29 185.704 -4618.33
vt -138.42 -116.14
vn 0.437244 0.43132 -0.789164
f 902/1417/515 901/1418/515 903/1419/516

g Mesh130 Group2 Group1 Model

v 6552.65 0 -5372.16
vt -23.481 -84.6842
vn 0.702854 0.254484 -0.664254
v 6524.57 0 -5401.87
vt -21.8716 -84.6842
v 6514.82 64.4718 -5387.49
vt -22.0193 -82.0595
vn 0.69721 0.282351 -0.65892
v 6537.74 64.4718 -5363.23
vt -23.3333 -82.0595
f 904/1420/517 905/1421/517 906/1422/518 907/1423/518 

vt -23.3333 -100.532
vt -22.0193 -100.532
v 6503.16 127.855 -5369.75
vt -22.2117 -97.9074
vn 0.682653 0.343147 -0.645163
v 6519.37 127.855 -5352.59
vt -23.1409 -97.9074
f 907/1424/518 906/1425/518 908/1426/519 909/1427/519 

vt -23.1409 -119.862
vt -22.2117 -119.862
v 6493.05 189.632 -5343.96
vt -22.6763 -117.238
vn 0.673483 0.375889 -0.636497
f 909/1428/519 908/1429/519 910/1430/520

g Mesh131 Group2 Group1 Model

v 6807.39 0 -4732.86
vt 28.1574 100.949
vn -0.730779 0.31042 0.607948
v 6833.75 0 -4701.18
vt 29.7799 100.949
v 6847.24 63.3733 -4717.32
vt 29.631 103.573
vn -0.72135 0.34573 0.600104
v 6825.72 63.3733 -4743.19
vt 28.3063 103.573
f 911/1431/521 912/1432/521 913/1433/522 914/1434/522 

vt 28.3063 126.375
vt 29.631 126.375
v 6863.59 125.024 -4737.33
vt 29.437 128.999
vn -0.69687 0.422227 0.579738
v 6848.37 125.024 -4755.62
vt 28.5003 128.999
f 914/1435/522 913/1436/522 915/1437/523 916/1438/523 

vt 28.5003 155.778
vt 29.437 155.778
v 6879.71 184.114 -4766.22
vt 28.9686 158.403
vn -0.681384 0.463024 0.566855
f 916/1439/523 915/1440/523 917/1441/524

g Mesh132 Group2 Group1 Model

v 7182.32 0 -4484.31
vt -67.4783 -175.737
vn 0.609709 0.538318 -0.581781
v 7148.24 0 -4520.03
vt -65.5346 -175.737
v 7125.41 56.1828 -4491.97
vt -65.7129 -173.113
vn 0.587211 0.584151 -0.560313
v 7153.23 56.1828 -4462.81
vt -67.3 -173.113
f 918/1442/525 919/1443/525 920/1444/526 921/1445/526 

vt -67.3 -202.469
vt -65.7129 -202.469
v 7099.18 108.053 -4458.79
vt -65.9453 -199.844
vn 0.532836 0.676451 -0.508429
v 7118.86 108.053 -4438.17
vt -67.0675 -199.844
f 921/1446/526 920/1447/526 922/1448/527 923/1449/527 

vt -67.0675 -230.536
vt -65.9453 -230.536
v 7074.2 154.182 -4415.25
vt -66.5064 -227.911
vn 0.500599 0.721965 -0.477669
f 923/1450/527 922/1451/527 924/1452/528

g Mesh133 Group2 Group1 Model

v 7651.58 0 -4429.12
vt 48.4107 107.562
vn -0.748056 0.312054 0.585691
v 7676.92 0 -4396.74
vt 50.0295 107.562
v 7690.98 63.3376 -4412.54
vt 49.881 110.186
vn -0.733033 0.365061 0.573928
v 7670.28 63.3376 -4438.97
vt 48.5593 110.186
f 925/1453/529 926/1454/529 927/1455/530 928/1456/530 

vt 48.5593 146.312
vt 49.881 146.312
v 7709.83 123.934 -4433.54
vt 49.6874 148.937
vn -0.689477 0.482918 0.539826
v 7695.2 123.934 -4452.24
vt 48.7528 148.937
f 928/1457/530 927/1458/530 929/1459/531 930/1460/531 

vt 48.7528 193.431
vt 49.6874 193.431
v 7731.19 179.774 -4465.34
vt 49.2201 196.056
vn -0.659503 0.546288 0.516358
f 930/1461/531 929/1462/531 931/1463/532

g Mesh134 Group2 Group1 Model

v 7011.1 0 -4356.07
vt 259.266 22.093
vn -0.0904668 0.112767 0.989495
v 7056.27 0 -4351.94
vt 261.052 22.093
v 7052.81 66.2414 -4359.8
vt 260.888 24.7177
vn -0.0903361 0.12477 0.988065
v 7015.93 66.2414 -4363.18
vt 259.43 24.7177
f 932/1464/533 933/1465/533 934/1466/534 935/1467/534 

vt 259.43 29.4168
vt 260.888 29.4168
v 7048.24 132.282 -4369.38
vt 260.675 32.0414
vn -0.09 0.151253 0.984389
v 7022.16 132.282 -4371.76
vt 259.644 32.0414
f 935/1468/534 934/1469/534 936/1470/535 937/1471/535 

vt 259.644 37.7115
vt 260.675 37.7115
v 7036.2 198.027 -4381.57
vt 260.159 40.3361
vn -0.0897886 0.165717 0.982077
f 937/1472/535 936/1473/535 938/1474/536

g Mesh135 Group2 Group1 Model

v 6762.33 0 -4385.72
vt 52.3007 143.658
vn -0.655527 0.458996 0.599673
v 6792.32 0 -4352.93
vt 54.05 143.658
v 6812.15 59.2292 -4376.59
vt 53.8895 146.283
vn -0.627992 0.52497 0.574485
v 6787.66 59.2292 -4403.36
vt 52.4612 146.283
f 939/1475/537 940/1476/537 941/1477/538 942/1478/538 

vt 52.4612 186.606
vt 53.8895 186.606
v 6837.48 113.157 -4406.97
vt 53.6804 189.231
vn -0.553396 0.661415 0.506244
v 6820.17 113.157 -4425.9
vt 52.6703 189.231
f 942/1479/538 941/1480/538 943/1481/539 944/1482/539 

vt 52.6703 233.229
vt 53.6804 233.229
v 6864.68 158.788 -4449.24
vt 53.1754 235.853
vn -0.505034 0.729036 0.462003
f 944/1483/539 943/1484/539 945/1485/540

g Mesh136 Group2 Group1 Model

v 6389.06 0 -4414.93
vt 47.9479 -54.929
vn 0.886619 0.181904 -0.425227
v 6369.52 0 -4455.67
vt 49.7268 -54.929
v 6360.37 65.5544 -4446.68
vt 49.5636 -52.3043
vn 0.875815 0.23772 -0.420045
v 6376.33 65.5544 -4413.42
vt 48.1111 -52.3043
f 946/1486/541 947/1487/541 948/1488/542 949/1489/542 

vt 48.1111 -85.7968
vt 49.5636 -85.7968
v 6345.11 129.3 -4433.37
vt 49.3509 -83.1721
vn 0.835022 0.377299 -0.400481
v 6356.39 129.3 -4409.85
vt 48.3238 -83.1721
f 949/1490/542 948/1491/542 950/1492/543 951/1493/543 

vt 48.3238 -133.447
vt 49.3509 -133.447
v 6323.17 188.536 -4408.39
vt 48.8374 -130.822
vn 0.801163 0.458798 -0.384242
f 951/1494/543 950/1495/543 952/1496/544

g Mesh137 Group2 Group1 Model

v 6668.76 0 -5403.83
vt -336.26 20.1791
vn -0.561792 0.601963 -0.567477
v 6635.44 0 -5370.84
vt -334.414 20.1791
v 6666.73 53.2349 -5345.35
vt -334.583 22.8037
vn -0.535174 0.649117 -0.540589
v 6693.94 53.2349 -5372.28
vt -336.091 22.8037
f 953/1497/545 954/1498/545 955/1499/546 956/1500/546 

vt -336.091 25.8664
vt -334.583 25.8664
v 6703.26 101.24 -5316.42
vt -334.804 28.4911
vn -0.471987 0.74157 -0.476763
v 6722.5 101.24 -5335.46
vt -335.87 28.4911
f 956/1501/546 955/1502/546 957/1503/547 958/1504/547 

vt -335.87 31.4782
vt -334.804 31.4782
v 6749.74 142.475 -5288.71
vt -335.337 34.1029
vn -0.43516 0.785761 -0.439563
f 958/1505/547 957/1506/547 959/1507/548

g Mesh138 Group2 Group1 Model

v 6906.19 0 -5306.78
vt -99.0682 -177.737
vn 0.49023 0.541428 -0.68303
v 6866.29 0 -5335.41
vt -97.1345 -177.737
v 6848.91 56.0498 -5303.46
vt -97.312 -175.113
vn 0.452069 0.631592 -0.629861
v 6881.48 56.0498 -5280.08
vt -98.8907 -175.113
f 960/1508/549 961/1509/549 962/1510/550 963/1511/550 

vt -98.8907 -231.801
vt -97.312 -231.801
v 6825.93 102.732 -5261.37
vt -97.5432 -229.176
vn 0.347348 0.803204 -0.483955
v 6848.96 102.732 -5244.84
vt -98.6595 -229.176
f 963/1512/550 962/1513/550 964/1514/551 965/1515/551 

vt -98.6595 -283.168
vt -97.5432 -283.168
v 6803.34 134.726 -5205.59
vt -98.1013 -280.544
vn 0.279835 0.877313 -0.38989
f 965/1516/551 964/1517/551 966/1518/552

g Mesh139 Group2 Group1 Model

v 7176.84 0 -4227.33
vt 59.5385 136.675
vn -0.683988 0.423832 0.593739
v 7209.14 0 -4190.12
vt 61.4783 136.675
v 7227.51 60.3827 -4212.05
vt 61.3004 139.3
vn -0.618811 0.573175 0.537162
v 7201.14 60.3827 -4242.44
vt 59.7165 139.3
f 967/1519/553 968/1520/553 969/1521/554 970/1522/554 

vt 59.7165 229.965
vt 61.3004 229.965
v 7259.17 107.632 -4247.33
vt 61.0684 232.589
vn -0.395151 0.852172 0.343013
v 7240.52 107.632 -4268.82
vt 59.9484 232.589
f 970/1523/554 969/1524/554 971/1525/555 972/1526/555 

vt 59.9484 310.871
vt 61.0684 310.871
v 7297.73 128.2 -4299.64
vt 60.5084 313.496
vn -0.23298 0.95122 0.20224
f 972/1527/555 971/1528/555 973/1529/556

g Mesh140 Group2 Group1 Model

v 7224.39 0 -4188.39
vt 193.309 -30.8588
vn 0.987965 0.11604 0.102278
v 7228.85 0 -4231.48
vt 195.015 -30.8588
v 7220.75 66.2163 -4228.33
vt 194.858 -28.2341
vn 0.986002 0.131834 0.102075
v 7217.11 66.2163 -4193.14
vt 193.466 -28.2341
f 974/1530/557 975/1531/557 976/1532/558 977/1533/558 

vt 193.466 -36.6269
vt 194.858 -36.6269
v 7210.43 132.153 -4224.19
vt 194.654 -34.0023
vn 0.980621 0.16756 0.101518
v 7207.85 132.153 -4199.31
vt 193.669 -34.0023
f 977/1534/558 976/1535/558 978/1536/559 979/1537/559 

vt 193.669 -44.6104
vt 194.654 -44.6104
v 7196.71 197.638 -4213.04
vt 194.162 -41.9858
vn 0.977051 0.187456 0.101148
f 979/1538/559 978/1539/559 980/1540/560

g Mesh141 Group2 Group1 Model

v 7794.73 0 -4298.98
vt -336.303 42.5913
vn -0.640151 0.431972 -0.635301
v 7763.14 0 -4267.14
vt -334.537 42.5913
v 7786.48 60.1258 -4249.78
vt -334.699 45.216
vn -0.580651 0.575133 -0.576252
v 7812.27 60.1258 -4275.77
vt -336.141 45.216
f 981/1541/561 982/1542/561 983/1543/562 984/1544/562 

vt -336.141 71.7422
vt -334.699 71.7422
v 7823.49 107.574 -4220.6
vt -334.91 74.3669
vn -0.380239 0.844404 -0.377359
v 7841.74 107.574 -4238.98
vt -335.929 74.3669
f 984/1545/562 983/1546/562 985/1547/563 986/1548/563 

vt -335.929 97.2099
vt -334.91 97.2099
v 7877.25 129.727 -4185.49
vt -335.42 99.8346
vn -0.235866 0.943172 -0.234079
f 986/1549/563 985/1550/563 987/1551/564

g Mesh142 Group2 Group1 Model

v 7081.05 0 -4151.01
vt 14.0575 -147.81
vn 0.785801 0.457835 -0.415817
v 7061.39 0 -4188.16
vt 15.7122 -147.81
v 7036.22 59.2691 -4170.47
vt 15.5604 -145.185
vn 0.755961 0.518171 -0.400027
v 7052.27 59.2691 -4140.14
vt 14.2093 -145.185
f 988/1552/565 989/1553/565 990/1554/566 991/1555/566 

vt 14.2093 -183.369
vt 15.5604 -183.369
v 7004.62 113.764 -4148.07
vt 15.3626 -180.744
vn 0.676747 0.643251 -0.35811
v 7015.97 113.764 -4126.62
vt 14.4072 -180.744
f 991/1556/566 990/1557/566 992/1558/567 993/1559/567 

vt 14.4072 -222.79
vt 15.3626 -222.79
v 6968.71 160.989 -4115.33
vt 14.8849 -220.165
vn 0.626113 0.705841 -0.331317
f 993/1560/567 992/1561/567 994/1562/568

g Mesh143 Group2 Group1 Model

v 6397.45 0 -5012.7
vt -305.462 -27.5378
vn -0.339279 0.289027 -0.895184
v 6355.22 0 -4996.69
vt -303.684 -27.5378
v 6365.92 63.8214 -4980.14
vt -303.847 -24.9131
vn -0.335117 0.325392 -0.884204
v 6400.41 63.8214 -4993.21
vt -305.299 -24.9131
f 995/1563/569 996/1564/569 997/1565/570 998/1566/570 

vt -305.299 -31.8051
vt -303.847 -31.8051
v 6379.51 125.985 -4959.54
vt -304.06 -29.1804
vn -0.324028 0.405065 -0.854944
v 6403.89 125.985 -4968.78
vt -305.086 -29.1804
f 998/1567/570 997/1568/570 999/1569/571 1000/1570/571 

vt -305.086 -37.4793
vt -304.06 -37.4793
v 6402.29 185.589 -4936.23
vt -304.573 -34.8546
vn -0.31686 0.447938 -0.836033
f 1000/1571/571 999/1572/571 1001/1573/572

g Mesh144 Group2 Group1 Model

v 6493.28 0 -5079.6
vt -262.289 -36.3909
vn -0.0333602 0.190347 -0.98115
v 6445.29 0 -5077.97
vt -260.399 -36.3909
v 6450.12 65.4478 -5065.44
vt -260.572 -33.7662
vn -0.033165 0.217897 -0.975408
v 6489.31 65.4478 -5066.77
vt -262.116 -33.7662
f 1002/1574/573 1003/1575/573 1004/1576/574 1005/1577/574 

vt -262.116 -44.2713
vt -260.572 -44.2713
v 6456.42 130.078 -5049.29
vt -260.798 -41.6466
vn -0.0326212 0.280111 -0.959413
v 6484.13 130.078 -5050.23
vt -261.89 -41.6466
f 1005/1578/574 1004/1579/574 1006/1580/575 1007/1581/575 

vt -261.89 -54.9219
vt -260.798 -54.9219
v 6470.98 193.36 -5028.8
vt -261.344 -52.2972
vn -0.0322563 0.314584 -0.948681
f 1007/1582/575 1006/1583/575 1008/1584/576

g Mesh145 Group2 Group1 Model

v 7864.83 0 -4410.61
vt -159.125 -54.2655
vn 0.552181 0.170998 -0.816
v 7828.11 0 -4435.46
vt -157.38 -54.2655
v 7825.09 65.6848 -4423.74
vt -157.54 -51.6408
vn 0.549696 0.194824 -0.812329
v 7855.07 65.6848 -4403.45
vt -158.965 -51.6408
f 1009/1585/577 1010/1586/577 1011/1587/578 1012/1588/578 

vt -158.965 -66.7299
vt -157.54 -66.7299
v 7821.32 130.74 -4408.7
vt -157.749 -64.1053
vn 0.542847 0.248556 -0.802207
v 7842.52 130.74 -4394.36
vt -158.756 -64.1053
f 1012/1589/578 1011/1590/578 1013/1591/579 1014/1592/579 

vt -158.756 -83.1016
vt -157.749 -83.1016
v 7821.52 194.772 -4386.16
vt -158.252 -80.4769
vn 0.538288 0.27834 -0.79547
f 1014/1593/579 1013/1594/579 1015/1595/580

g Mesh146 Group2 Group1 Model

v 6212.85 0 -5066.13
vt -311.618 19.6084
vn -0.687175 0.391746 -0.611822
v 6184.15 0 -5033.9
vt -309.919 19.6084
v 6206.29 61.3382 -5019.49
vt -310.075 22.233
vn -0.665328 0.454352 -0.59237
v 6229.73 61.3382 -5045.81
vt -311.462 22.233
f 1016/1596/581 1017/1597/581 1018/1598/582 1019/1599/582 

vt -311.462 28.3668
vt -310.075 28.3668
v 6235.36 118.493 -5000.52
vt -310.278 30.9915
vn -0.603824 0.588533 -0.537611
v 6251.93 118.493 -5019.13
vt -311.259 30.9915
f 1019/1600/582 1018/1601/582 1020/1602/583 1021/1603/583 

vt -311.259 37.998
vt -310.278 37.998
v 6276.39 168.713 -4980.67
vt -310.769 40.6227
vn -0.562621 0.657672 -0.500925
f 1021/1604/583 1020/1605/583 1022/1606/584

g Mesh147 Group2 Group1 Model

v 6579.47 0 -4572.54
vt -293.886 -40.6268
vn -0.218157 0.354449 -0.909271
v 6535.5 0 -4561.99
vt -292.105 -40.6268
v 6545.04 62.3384 -4539.98
vt -292.269 -38.0021
vn -0.215181 0.386431 -0.896866
v 6580.95 62.3384 -4548.59
vt -293.722 -38.0021
f 1023/1607/585 1024/1608/585 1025/1609/586 1026/1610/586 

vt -293.722 -45.2874
vt -292.269 -45.2874
v 6556.8 122.903 -4514.15
vt -292.481 -42.6628
vn -0.207841 0.454281 -0.866274
v 6582.19 122.903 -4520.24
vt -293.509 -42.6628
f 1026/1611/586 1025/1612/586 1027/1613/587 1028/1614/587 

vt -293.509 -50.9367
vt -292.481 -50.9367
v 6577.12 181.023 -4485.44
vt -292.995 -48.3121
vn -0.203394 0.489866 -0.84774
f 1028/1615/587 1027/1616/587 1029/1617/588

g Mesh148 Group2 Group1 Model

v 6874.29 0 -5140.64
vt -8.2967 94.9897
vn -0.782414 0.281164 0.555675
v 6901.28 0 -5102.64
vt -6.46194 94.9897
v 6914.08 63.9773 -5116.98
vt -6.63029 97.6143
vn -0.754999 0.37744 0.536205
v 6892.05 63.9773 -5148.01
vt -8.12835 97.6143
f 1030/1618/589 1031/1619/589 1032/1620/590 1033/1621/590 

vt -8.12835 161.286
vt -6.63029 161.286
v 6936.39 122.829 -5139.66
vt -6.84967 163.911
vn -0.650439 0.602938 0.461946
v 6920.81 122.829 -5161.6
vt -7.90897 163.911
f 1033/1622/590 1032/1623/590 1034/1624/591 1035/1625/591 

vt -7.90897 248.371
vt -6.84967 248.371
v 6967.79 169.022 -5178.46
vt -7.37932 250.996
vn -0.564917 0.721042 0.401208
f 1035/1626/591 1034/1627/591 1036/1628/592

g Mesh149 Group2 Group1 Model

v 7911.39 0 -4478.45
vt -349.625 30.0766
vn -0.613785 0.392746 -0.684849
v 7879.99 0 -4450.3
vt -347.965 30.0766
v 7900.34 61.3098 -4433.39
vt -348.118 32.7012
vn -0.602032 0.431659 -0.671735
v 7925.99 61.3098 -4456.37
vt -349.473 32.7012
f 1037/1629/593 1038/1630/593 1039/1631/594 1040/1632/594 

vt -349.473 38.5912
vt -348.118 38.5912
v 7925 120.162 -4413.43
vt -348.316 41.2159
vn -0.572556 0.513863 -0.638846
v 7943.13 120.162 -4429.68
vt -349.275 41.2159
f 1040/1633/594 1039/1634/594 1041/1635/595 1042/1636/595 

vt -349.275 47.8167
vt -348.316 47.8167
v 7958.83 175.546 -4393.92
vt -348.795 50.4414
vn -0.554464 0.556625 -0.618659
f 1042/1637/595 1041/1638/595 1043/1639/596

g Mesh150 Group2 Group1 Model

v 6867.29 0 -4850.55
vt -102.548 52.9491
vn -0.941727 0.168241 0.291282
v 6880.44 0 -4808.06
vt -100.797 52.9491
v 6889.94 65.7164 -4815.28
vt -100.957 55.5738
vn -0.937894 0.19026 0.290096
v 6879.21 65.7164 -4849.97
vt -102.387 55.5738
f 1044/1640/597 1045/1641/597 1046/1642/598 1047/1643/598 

vt -102.387 69.4011
vt -100.957 69.4011
v 6901.89 130.865 -4824.54
vt -101.167 72.0257
vn -0.927515 0.239609 0.286886
v 6894.3 130.865 -4849.07
vt -102.177 72.0257
f 1047/1644/598 1046/1645/598 1048/1646/599 1049/1647/599 

vt -102.177 89.2134
vt -101.167 89.2134
v 6915.09 195.114 -4842.06
vt -101.672 91.8381
vn -0.920704 0.266844 0.284779
f 1049/1648/599 1048/1649/599 1050/1650/600

g Mesh151 Group2 Group1 Model

v 7178.19 0 -5629.72
vt -358.617 -8.53523
vn -0.516196 0.434692 -0.737959
v 7144.24 0 -5605.97
vt -356.985 -8.53523
v 7163.96 60.0386 -5584.4
vt -357.135 -5.91055
vn -0.503537 0.477755 -0.719862
v 7191.68 60.0386 -5603.79
vt -358.467 -5.91055
f 1051/1651/601 1052/1652/601 1053/1653/602 1054/1654/602 

vt -358.467 -7.59194
vt -357.135 -7.59194
v 7187.88 116.995 -5558.85
vt -357.33 -4.96727
vn -0.471867 0.567692 -0.674586
v 7207.48 116.995 -5572.56
vt -358.272 -4.96727
f 1054/1655/602 1053/1656/602 1055/1657/603 1056/1658/603 

vt -358.272 -6.87874
vt -357.33 -6.87874
v 7221.14 169.625 -5532.17
vt -357.801 -4.25407
vn -0.452493 0.61383 -0.646888
f 1056/1659/603 1055/1660/603 1057/1661/604

g Mesh152 Group2 Group1 Model

v 7337.87 0 -5026.23
vt 348.235 -19.8244
vn 0.545917 0.539808 0.640767
v 7368.36 0 -5052.21
vt 349.813 -19.8244
v 7342.23 56.1192 -5077.22
vt 349.668 -17.1997
vn 0.497919 0.640719 0.584428
v 7317.33 56.1192 -5056.01
vt 348.38 -17.1997
f 1058/1662/605 1059/1663/605 1060/1664/606 1061/1665/606 

vt 348.38 -24.325
vt 349.668 -24.325
v 7306.95 101.568 -5111.24
vt 349.479 -21.7003
vn 0.363103 0.828564 0.426189
v 7289.34 101.568 -5096.24
vt 348.569 -21.7003
f 1061/1666/606 1060/1667/606 1062/1668/607 1063/1669/607 

vt 348.569 -28.5334
vt 349.479 -28.5334
v 7259 129.867 -5149.69
vt 349.024 -25.9087
vn 0.275279 0.905441 0.323106
f 1063/1670/607 1062/1671/607 1064/1672/608

g Mesh153 Group2 Group1 Model

v 7289.44 0 -5717.1
vt 240.489 71.9771
vn -0.178177 0.262494 0.94834
v 7334.58 0 -5708.62
vt 242.297 71.9771
v 7333.67 64.3289 -5726.59
vt 242.131 74.6018
vn -0.176604 0.292026 0.939964
v 7296.81 64.3289 -5733.52
vt 240.655 74.6018
f 1065/1673/609 1066/1674/609 1067/1675/610 1068/1676/610 

vt 240.655 90.7169
vt 242.131 90.7169
v 7332.23 127.461 -5748.66
vt 241.915 93.3416
vn -0.17252 0.356507 0.918227
v 7306.17 127.461 -5753.55
vt 240.871 93.3416
f 1068/1677/610 1067/1678/610 1069/1679/611 1070/1680/611 

vt 240.871 112.495
vt 241.915 112.495
v 7324.01 188.814 -5776.74
vt 241.393 115.12
vn -0.169934 0.391231 0.904467
f 1070/1681/611 1069/1682/611 1071/1683/612

g Mesh154 Group2 Group1 Model

v 7666.54 0 -5259.17
vt 363.805 -19.6529
vn 0.569818 0.488253 0.660997
v 7701.47 0 -5289.28
vt 365.62 -19.6529
v 7677.01 58.1801 -5311.17
vt 365.454 -17.0282
vn 0.554321 0.528445 0.64302
v 7648.49 58.1801 -5286.58
vt 363.971 -17.0282
f 1072/1684/613 1073/1685/613 1074/1686/614 1075/1687/614 

vt 363.971 -20.2289
vt 365.454 -20.2289
v 7648.13 113.072 -5336.23
vt 365.237 -17.6042
vn 0.516954 0.610861 0.599673
v 7627.97 113.072 -5318.84
vt 364.188 -17.6042
f 1075/1688/614 1074/1689/614 1076/1690/615 1077/1691/615 

vt 364.188 -21.0815
vt 365.237 -21.0815
v 7609.65 163.593 -5360.48
vt 364.713 -18.4568
vn 0.494801 0.652474 0.573977
f 1077/1692/615 1076/1693/615 1078/1694/616

g Mesh155 Group2 Group1 Model

v 7957 0 -4516.65
vt 351.627 34.3331
vn 0.26332 0.439035 0.859017
v 8001.69 0 -4530.35
vt 353.467 34.3331
v 7989.01 59.898 -4557.08
vt 353.298 36.9578
vn 0.2551 0.492307 0.8322
v 7952.52 59.898 -4545.89
vt 351.796 36.9578
f 1079/1695/617 1080/1696/617 1081/1697/618 1082/1698/618 

vt 351.796 45.1312
vt 353.298 45.1312
v 7973.04 115.846 -4590.1
vt 353.078 47.7559
vn 0.233638 0.603726 0.762187
v 7947.24 115.846 -4582.19
vt 352.016 47.7559
f 1082/1699/618 1081/1700/618 1083/1701/619 1084/1702/619 

vt 352.016 56.7742
vt 353.078 56.7742
v 7947.24 165.906 -4628.24
vt 352.547 59.3989
vn 0.22007 0.660421 0.717923
f 1084/1703/619 1083/1704/619 1085/1705/620

g Mesh156 Group2 Group1 Model

v 8023.12 0 -4628.66
vt -273.76 52.5314
vn -0.924577 0.218054 -0.312426
v 8010.06 0 -4590.03
vt -272.155 52.5314
v 8025.03 65.0624 -4588.92
vt -272.302 55.1561
vn -0.918323 0.24574 -0.310313
v 8035.69 65.0624 -4620.46
vt -273.613 55.1561
f 1086/1706/621 1087/1707/621 1088/1708/622 1089/1709/622 

vt -273.613 68.4434
vt -272.302 68.4434
v 8043.85 129.192 -4587.71
vt -272.494 71.068
vn -0.901561 0.307208 -0.304649
v 8051.39 129.192 -4610.01
vt -273.421 71.068
f 1089/1710/622 1088/1711/622 1090/1712/623 1091/1713/623 

vt -273.421 87.3243
vt -272.494 87.3243
v 8069.14 191.868 -4591.58
vt -272.957 89.9489
vn -0.890659 0.340803 -0.300965
f 1091/1714/623 1090/1715/623 1092/1716/624

g Mesh157 Group2 Group1 Model

v 8011.52 0 -5257.93
vt 196.632 20.8923
vn -0.426636 0.0648864 0.902093
v 8052.49 0 -5238.56
vt 198.416 20.8923
v 8050.58 66.5262 -5244.25
vt 198.252 23.517
vn -0.426287 0.0764128 0.901355
v 8017.13 66.5262 -5260.07
vt 196.795 23.517
f 1093/1717/625 1094/1718/625 1095/1719/626 1096/1720/626 

vt 196.795 30.9356
vt 198.252 30.9356
v 8048.19 132.935 -5251.86
vt 198.039 33.5603
vn -0.42524 0.103504 0.899143
v 8024.54 132.935 -5263.05
vt 197.009 33.5603
f 1096/1721/626 1095/1722/626 1097/1723/627 1098/1724/627 

vt 197.009 43.5773
vt 198.039 43.5773
v 8039.76 199.127 -5264.63
vt 197.524 46.202
vn -0.424496 0.119053 0.897569
f 1098/1725/627 1097/1726/627 1099/1727/628

g Mesh158 Group2 Group1 Model

v 7189.9 0 -5936.03
vt -182.465 100.648
vn -0.935096 0.315994 0.16045
v 7197.07 0 -5894.23
vt -180.795 100.648
v 7217.17 63.2508 -5901.63
vt -180.948 103.273
vn -0.920938 0.356234 0.158021
v 7211.32 63.2508 -5935.76
vt -182.312 103.273
f 1100/1728/629 1101/1729/629 1102/1730/630 1103/1731/630 

vt -182.312 128.69
vt -180.948 128.69
v 7242.32 124.473 -5911.09
vt -181.148 131.314
vn -0.883154 0.443931 0.151538
v 7238.18 124.473 -5935.22
vt -182.112 131.314
f 1103/1732/630 1102/1733/630 1104/1734/631 1105/1735/631 

vt -182.112 161.51
vt -181.148 161.51
v 7272.5 182.558 -5928.69
vt -181.63 164.134
vn -0.858728 0.490791 0.147346
f 1105/1736/631 1104/1737/631 1106/1738/632

g Mesh159 Group2 Group1 Model

v 7897.73 0 -5084.03
vt 213.857 58.403
vn -0.365878 0.193595 0.910305
v 7941.24 0 -5066.54
vt 215.703 58.403
v 7942.06 65.4054 -5080.12
vt 215.534 61.0276
vn -0.363407 0.224578 0.904157
v 7906.53 65.4054 -5094.4
vt 214.026 61.0276
f 1107/1739/633 1108/1740/633 1109/1741/634 1110/1742/634 

vt 214.026 79.6484
vt 215.534 79.6484
v 7943.21 129.862 -5098.01
vt 215.313 82.2731
vn -0.356304 0.295283 0.886485
v 7918.08 129.862 -5108.1
vt 214.247 82.2731
f 1110/1743/634 1109/1744/634 1111/1745/635 1112/1746/635 

vt 214.247 106.189
vt 215.313 106.189
v 7938.97 192.683 -5123.76
vt 214.78 108.814
vn -0.351421 0.33472 0.874337
f 1112/1747/635 1111/1748/635 1113/1749/636

g Mesh160 Group2 Group1 Model

v 7718.23 0 -4912.21
vt 297.378 -43.1735
vn 0.898314 0.212435 0.384582
v 7736.02 0 -4953.77
vt 299.158 -43.1735
v 7721.37 65.145 -4955.53
vt 298.995 -40.5488
vn 0.891257 0.245098 0.38156
v 7706.85 65.145 -4921.6
vt 297.541 -40.5488
f 1114/1750/637 1115/1751/637 1116/1752/638 1117/1753/638 

vt 297.541 -53.7747
vt 298.995 -53.7747
v 7702.24 129.194 -4957.84
vt 298.782 -51.15
vn 0.871251 0.319054 0.372996
v 7691.97 129.194 -4933.85
vt 297.754 -51.15
f 1117/1754/638 1116/1755/638 1118/1756/639 1119/1757/639 

vt 297.754 -67.9587
vt 298.782 -67.9587
v 7675.04 191.39 -4955.29
vt 298.268 -65.334
vn 0.857654 0.360018 0.367174
f 1119/1758/639 1118/1759/639 1120/1760/640

g Mesh161 Group2 Group1 Model

v 8422.02 0 -4300.54
vt -354.137 -53.5746
vn -0.139571 0.46637 -0.873509
v 8375.03 0 -4293.03
vt -352.263 -53.5746
v 8384.24 58.9726 -4263.02
vt -352.435 -50.9499
vn -0.132123 0.54661 -0.826898
v 8422.62 58.9726 -4269.15
vt -353.965 -50.9499
f 1121/1761/641 1122/1762/641 1123/1763/642 1124/1764/642 

vt -353.965 -68.8864
vt -352.435 -68.8864
v 8396.41 111.168 -4222.96
vt -352.659 -66.2618
vn -0.111064 0.710281 -0.695101
v 8423.54 111.168 -4227.3
vt -353.741 -66.2618
f 1124/1765/642 1123/1766/642 1125/1767/643 1126/1768/643 

vt -353.741 -85.6343
vt -352.659 -85.6343
v 8418.27 152.171 -4173.22
vt -353.2 -83.0096
vn -0.0970416 0.788494 -0.607339
f 1126/1769/643 1125/1770/643 1127/1771/644

g Mesh162 Group2 Group1 Model

v 7678.97 0 -5336.97
vt 111.307 -159.127
vn 0.85142 0.453431 -0.263597
v 7664.81 0 -5382.71
vt 113.192 -159.127
v 7637.24 59.4194 -5369.58
vt 113.019 -156.502
vn 0.761373 0.603943 -0.235719
v 7648.8 59.4194 -5332.23
vt 111.48 -156.502
f 1128/1772/645 1129/1773/645 1130/1774/646 1131/1775/646 

vt 111.48 -255.623
vt 113.019 -255.623
v 7592.1 104.594 -5349.61
vt 112.794 -252.998
vn 0.464377 0.87389 -0.14377
v 7600.27 104.594 -5323.2
vt 111.705 -252.998
f 1131/1776/646 1130/1777/646 1132/1778/647 1133/1779/647 

vt 111.705 -334.045
vt 112.794 -334.045
v 7534.82 122.426 -5317.4
vt 112.249 -331.421
vn 0.255506 0.963566 -0.0791038
f 1133/1780/647 1132/1781/647 1134/1782/648

g Mesh163 Group2 Group1 Model

v 8012.91 0 -4852.55
vt -366.005 4.89462
vn -0.615703 0.107865 -0.780561
v 7975.1 0 -4822.72
vt -364.109 4.89462
v 7983.02 66.2777 -4819.81
vt -364.283 7.51929
vn -0.614665 0.12233 -0.779245
v 8013.9 66.2777 -4844.17
vt -365.831 7.51929
f 1135/1783/649 1136/1784/649 1137/1785/650 1138/1786/650 

vt -365.831 8.82981
vt -364.283 8.82981
v 7993.19 132.318 -4816.22
vt -364.51 11.4545
vn -0.61183 0.155016 -0.775651
v 8015.02 132.318 -4833.44
vt -365.605 11.4545
f 1138/1787/650 1137/1788/650 1139/1789/651 1140/1790/651 

vt -365.605 13.1016
vt -364.51 13.1016
v 8011.26 197.977 -4815.76
vt -365.057 15.7263
vn -0.609955 0.17321 -0.773274
f 1140/1791/651 1139/1792/651 1141/1793/652

g Mesh164 Group2 Group1 Model

v 7933.72 0 -5326.41
vt -170.854 98.6821
vn -0.948823 0.294414 0.114257
v 7939.33 0 -5279.76
vt -169.004 98.6821
v 7958.3 63.7119 -5286.39
vt -169.173 101.307
vn -0.91805 0.38074 0.110552
v 7953.72 63.7119 -5324.48
vt -170.684 101.307
f 1142/1794/653 1143/1795/653 1144/1796/654 1145/1797/654 

vt -170.684 158.059
vt -169.173 158.059
v 7988.34 122.772 -5295.66
vt -169.395 160.684
vn -0.808674 0.580141 0.0973806
v 7985.09 122.772 -5322.6
vt -170.463 160.684
f 1145/1798/654 1144/1799/654 1146/1800/655 1147/1801/655 

vt -170.463 234.69
vt -169.395 234.69
v 8032.09 171.303 -5314.59
vt -169.929 237.314
vn -0.72274 0.685618 0.0870325
f 1147/1802/655 1146/1803/655 1148/1804/656

g Mesh165 Group2 Group1 Model

v 7329.98 0 -5409.22
vt 355.792 -12.5217
vn 0.663465 0.276957 0.69506
v 7361.52 0 -5439.32
vt 357.509 -12.5217
v 7345.88 64.0588 -5449.92
vt 357.351 -9.89701
vn 0.652099 0.328737 0.683153
v 7320.13 64.0588 -5425.34
vt 355.95 -9.89701
f 1149/1805/657 1150/1806/657 1151/1807/658 1152/1808/658 

vt 355.95 -14.5508
vt 357.351 -14.5508
v 7324.64 125.737 -5464.62
vt 357.146 -11.9261
vn 0.617932 0.446192 0.647359
v 7306.43 125.737 -5447.24
vt 356.155 -11.9261
f 1152/1809/658 1151/1810/658 1153/1811/659 1154/1812/659 

vt 356.155 -17.9418
vt 357.146 -17.9418
v 7292.03 183.064 -5480.55
vt 356.65 -15.3172
vn 0.593746 0.510447 0.622021
f 1154/1813/659 1153/1814/659 1155/1815/660

g Mesh166 Group2 Group1 Model

v 7977.16 0 -5179.44
vt 61.0915 -162.024
vn 0.823499 0.438571 -0.359869
v 7959.69 0 -5219.4
vt 62.8085 -162.024
v 7934.5 59.9131 -5204.03
vt 62.651 -159.4
vn 0.787128 0.511967 -0.343975
v 7948.76 59.9131 -5171.4
vt 61.249 -159.4
f 1156/1816/661 1157/1817/661 1158/1818/662 1159/1819/662 

vt 61.249 -212.35
vt 62.651 -212.35
v 7901.05 114.135 -5183.72
vt 62.4457 -209.725
vn 0.684341 0.665013 -0.299057
v 7911.13 114.135 -5160.65
vt 61.4543 -209.725
f 1159/1820/662 1158/1821/662 1160/1822/663 1161/1823/663 

vt 61.4543 -268.632
vt 62.4457 -268.632
v 7860.85 158.926 -5152.41
vt 61.95 -266.007
vn 0.61564 0.74068 -0.269035
f 1161/1824/663 1160/1825/663 1162/1826/664

g Mesh167 Group2 Group1 Model

v 6176.15 0 -5909.79
vt -50.9526 186.745
vn -0.67766 0.561367 0.47502
v 6201.81 0 -5873.19
vt -49.1928 186.745
v 6230.1 55.1712 -5898.03
vt -49.3543 189.369
vn -0.614082 0.661523 0.430454
v 6209.15 55.1712 -5927.91
vt -50.7911 189.369
f 1163/1827/665 1164/1828/665 1165/1829/666 1166/1830/666 

vt -50.7911 252.387
vt -49.3543 252.387
v 6268.03 99.1871 -5931.15
vt -49.5647 255.012
vn -0.438718 0.844365 0.307528
v 6253.22 99.1871 -5952.28
vt -50.5807 255.012
f 1166/1831/666 1165/1832/666 1167/1833/667 1168/1834/667 

vt -50.5807 309.846
vt -49.5647 309.846
v 6310.7 125.742 -5976.81
vt -50.0727 312.47
vn -0.326176 0.917242 0.22864
f 1168/1835/667 1167/1836/667 1169/1837/668

g Mesh168 Group2 Group1 Model

v 8190.84 0 -5144.21
vt 367.14 43.5814
vn 0.259857 0.431191 0.86403
v 8229.39 0 -5155.81
vt 368.724 43.5814
v 8217.57 60.1507 -5182.27
vt 368.579 46.206
vn 0.252025 0.484001 0.83799
v 8186.1 60.1507 -5172.8
vt 367.285 46.206
f 1170/1838/669 1171/1839/669 1172/1840/670 1173/1841/670 

vt 367.285 56.69
vt 368.579 56.69
v 8202.69 116.47 -5215.05
vt 368.39 59.3147
vn 0.231518 0.594812 0.769804
v 8180.43 116.47 -5208.35
vt 367.475 59.3147
f 1173/1842/670 1172/1843/670 1174/1844/671 1175/1845/671 

vt 367.475 70.9699
vt 368.39 70.9699
v 8179.05 167.052 -5253.29
vt 367.932 73.5946
vn 0.218519 0.651404 0.726582
f 1175/1846/671 1174/1847/671 1176/1848/672

g Mesh169 Group2 Group1 Model

v 7328.09 0 -5843.78
vt 315.52 23.8038
vn 0.126679 0.124397 0.984113
v 7373.02 0 -5849.56
vt 317.303 23.8038
v 7367.84 66.1488 -5857.26
vt 317.14 26.4285
vn 0.126375 0.142107 0.981751
v 7331.15 66.1488 -5852.54
vt 315.683 26.4285
f 1177/1849/673 1178/1850/673 1179/1851/674 1180/1852/674 

vt 315.683 33.196
vt 317.14 33.196
v 7361.11 131.959 -5867.13
vt 316.926 35.8206
vn 0.12553 0.182346 0.975188
v 7335.17 131.959 -5863.79
vt 315.897 35.8206
f 1180/1853/674 1179/1854/674 1181/1855/675 1182/1856/675 

vt 315.897 44.4315
vt 316.926 44.4315
v 7346.39 197.212 -5879.01
vt 316.411 47.0562
vn 0.124964 0.204823 0.970789
f 1182/1857/675 1181/1858/675 1183/1859/676

g Mesh170 Group2 Group1 Model

v 6889.28 0 -5404.93
vt 301.434 9.43446
vn 0.15768 0.0563972 0.985879
v 6936.27 0 -5412.44
vt 303.308 9.43446
v 6931.37 66.5606 -5415.46
vt 303.136 12.0591
vn 0.157625 0.0622548 0.985535
v 6893 66.5606 -5409.33
vt 301.606 12.0591
f 1184/1860/677 1185/1861/677 1186/1862/678 1187/1863/678 

vt 301.606 14.0184
vt 303.136 14.0184
v 6925.03 133.072 -5419.05
vt 302.912 16.643
vn 0.157484 0.0751774 0.984656
v 6897.9 133.072 -5414.71
vt 301.83 16.643
f 1187/1864/678 1186/1865/678 1188/1866/679 1189/1867/679 

vt 301.83 19.0059
vt 302.912 19.0059
v 6910.6 199.513 -5422.29
vt 302.371 21.6306
vn 0.157396 0.0822407 0.984105
f 1189/1868/679 1188/1869/679 1190/1870/680

g Mesh171 Group2 Group1 Model

v 8320.68 0 -5232.89
vt 386.975 0.735398
vn 0.504737 0.285974 0.81453
v 8360.93 0 -5257.83
vt 388.839 0.735398
v 8347.2 63.8825 -5271.75
vt 388.668 3.36007
vn 0.49983 0.315514 0.806611
v 8314.33 63.8825 -5251.38
vt 387.146 3.36007
f 1191/1871/681 1192/1872/681 1193/1873/682 1194/1874/682 

vt 387.146 3.50618
vt 388.668 3.50618
v 8330.28 126.462 -5288.3
vt 388.445 6.13085
vn 0.487355 0.379388 0.786479
v 8307.04 126.462 -5273.9
vt 387.369 6.13085
f 1194/1875/682 1193/1876/682 1195/1877/683 1196/1878/683 

vt 387.369 6.28111
vt 388.445 6.28111
v 8304.14 187.162 -5304.53
vt 387.907 8.90578
vn 0.479594 0.413502 0.773955
f 1196/1879/683 1195/1880/683 1197/1881/684

g Mesh172 Group2 Group1 Model

v 8091.32 0 -5621.76
vt 324.851 -71.344
vn 0.872586 0.336558 0.35401
v 8107.06 0 -5660.56
vt 326.5 -71.344
v 8084.82 62.7775 -5665.43
vt 326.349 -68.7193
vn 0.86161 0.36802 0.349557
v 8071.97 62.7775 -5633.75
vt 325.003 -68.7193
f 1198/1882/685 1199/1883/685 1200/1884/686 1201/1885/686 

vt 325.003 -81.9756
vt 326.349 -81.9756
v 8058.29 123.906 -5670.79
vt 326.151 -79.351
vn 0.834337 0.435092 0.338492
v 8049.2 123.906 -5648.39
vt 325.2 -79.351
f 1201/1886/686 1200/1887/686 1202/1888/687 1203/1889/687 

vt 325.2 -94.5104
vt 326.151 -94.5104
v 8024.68 182.735 -5671.38
vt 325.676 -91.8857
vn 0.817702 0.470435 0.331743
f 1203/1890/687 1202/1891/687 1204/1892/688

g Mesh173 Group2 Group1 Model

v 7164.16 0 -5283.71
vt 281.321 -65.0017
vn 0.908981 0.310998 0.277551
v 7177.65 0 -5327.88
vt 283.139 -65.0017
v 7156.58 63.3607 -5329.88
vt 282.972 -62.377
vn 0.89277 0.358678 0.272601
v 7145.57 63.3607 -5293.82
vt 281.488 -62.377
f 1205/1893/689 1206/1894/689 1207/1895/690 1208/1896/690 

vt 281.488 -82.1296
vt 282.972 -82.1296
v 7129.12 124.302 -5332.49
vt 282.755 -79.505
vn 0.847215 0.464011 0.258691
v 7121.33 124.302 -5306.99
vt 281.705 -79.505
f 1208/1897/690 1207/1898/690 1209/1899/691 1210/1900/691 

vt 281.705 -103.657
vt 282.755 -103.657
v 7092.03 181.221 -5329.88
vt 282.23 -101.033
vn 0.816571 0.520619 0.249334
f 1210/1901/691 1209/1902/691 1211/1903/692

g Mesh174 Group2 Group1 Model

v 7478.58 0 -5523.04
vt -40.5074 -98.4715
vn 0.706332 0.270695 -0.654079
v 7447.18 0 -5556.95
vt -38.6883 -98.4715
v 7436.82 64.1777 -5541.57
vt -38.8552 -95.8468
vn 0.698491 0.306165 -0.646818
v 7462.46 64.1777 -5513.89
vt -40.3405 -95.8468
f 1212/1904/693 1213/1905/693 1214/1906/694 1215/1907/694 

vt -40.3405 -121.507
vt -38.8552 -121.507
v 7423.89 126.843 -5522.06
vt -39.0727 -118.882
vn 0.677348 0.384411 -0.627239
v 7442.01 126.843 -5502.49
vt -40.123 -118.882
f 1215/1908/694 1214/1909/694 1216/1910/695 1217/1911/695 

vt -40.123 -150.05
vt -39.0727 -150.05
v 7412.07 187.134 -5492.95
vt -39.5978 -147.425
vn 0.663549 0.426781 -0.61446
f 1217/1912/695 1216/1913/695 1218/1914/696

g Mesh175 Group2 Group1 Model

v 8307.75 0 -4321.75
vt 180.302 28.9933
vn -0.545897 0.0901558 0.832988
v 8342.89 0 -4298.72
vt 181.956 28.9933
v 8342.96 66.3952 -4305.86
vt 181.804 31.618
vn -0.545407 0.0995366 0.83224
v 8314.27 66.3952 -4324.67
vt 180.454 31.618
f 1219/1915/697 1220/1916/697 1221/1917/698 1222/1918/698 

vt 180.454 37.6482
vt 181.804 37.6482
v 8342.74 132.665 -4314.69
vt 181.607 40.2729
vn -0.544154 0.120212 0.830328
v 8322.45 132.665 -4327.99
vt 180.652 40.2729
f 1222/1919/698 1221/1920/698 1223/1921/699 1224/1922/699 

vt 180.652 47.5355
vt 181.607 47.5355
v 8337.4 198.753 -4328.67
vt 181.129 50.1602
vn -0.543369 0.1315 0.829131
f 1224/1923/699 1223/1924/699 1225/1925/700

g Mesh176 Group2 Group1 Model

v 8216.52 0 -5053.1
vt 302.489 76.5917
vn -0.0921516 0.333574 0.938209
v 8258.01 0 -5049.02
vt 304.131 76.5917
v 8256.38 62.8483 -5071.53
vt 303.98 79.2163
vn -0.0899846 0.390614 0.916146
v 8222.5 62.8483 -5074.86
vt 302.64 79.2163
f 1226/1926/701 1227/1927/701 1228/1928/702 1229/1929/702 

vt 302.64 105.054
vt 303.98 105.054
v 8254.32 122.511 -5101.62
vt 303.784 107.679
vn -0.0837072 0.516419 0.852235
v 8230.37 122.511 -5103.97
vt 302.836 107.679
f 1229/1930/702 1228/1931/702 1230/1932/703 1231/1933/703 

vt 302.836 139.05
vt 303.784 139.05
v 8246.15 176.66 -5141.5
vt 303.31 141.674
vn -0.0793962 0.583332 0.808344
f 1231/1934/703 1230/1935/703 1232/1936/704

g Mesh177 Group2 Group1 Model

v 8296.88 0 -4382.58
vt 339.199 -53.7519
vn 0.724658 0.367316 0.583052
v 8324.37 0 -4416.75
vt 340.926 -53.7519
v 8302.77 62.0064 -4428.96
vt 340.767 -51.1272
vn 0.708788 0.415206 0.570283
v 8280.32 62.0064 -4401.06
vt 339.357 -51.1272
f 1233/1937/705 1234/1938/705 1235/1939/706 1236/1940/706 

vt 339.357 -64.9932
vt 340.767 -64.9932
v 8275.49 121.133 -4444.19
vt 340.561 -62.3685
vn 0.666346 0.518211 0.536135
v 8259.61 121.133 -4424.46
vt 339.564 -62.3685
f 1236/1941/706 1235/1942/706 1237/1943/707 1238/1944/707 

vt 339.564 -78.591
vt 340.561 -78.591
v 8237.83 175.803 -4458.24
vt 340.062 -75.9663
vn 0.638919 0.572292 0.514067
f 1238/1945/707 1237/1946/707 1239/1947/708

g Mesh178 Group2 Group1 Model

v 7728.93 0 -5204.62
vt -315.324 -64.0495
vn -0.0528222 0.341634 -0.938348
v 7685.27 0 -5202.16
vt -313.603 -64.0495
v 7690.56 62.6555 -5179.65
vt -313.761 -61.4249
vn -0.0515207 0.399628 -0.915228
v 7726.2 62.6555 -5181.65
vt -315.166 -61.4249
f 1240/1948/709 1241/1949/709 1242/1950/710 1243/1951/710 

vt -315.166 -82.8989
vt -313.761 -82.8989
v 7697.49 121.985 -5149.59
vt -313.966 -80.2743
vn -0.0477634 0.527064 -0.848483
v 7722.69 121.985 -5151
vt -314.96 -80.2743
f 1243/1952/710 1242/1953/710 1244/1954/711 1245/1955/711 

vt -314.96 -106.361
vt -313.966 -106.361
v 7712.32 175.589 -5110.72
vt -314.463 -103.737
vn -0.0451909 0.594557 -0.802783
f 1245/1956/711 1244/1957/711 1246/1958/712

g Mesh179 Group2 Group1 Model

v 7031.13 0 -5798.68
vt 287.709 -66.3191
vn 0.923535 0.309319 0.226727
v 7041.82 0 -5842.21
vt 289.474 -66.3191
v 7020.81 63.3972 -5843.14
vt 289.312 -63.6944
vn 0.899742 0.376396 0.220886
v 7012.08 63.3972 -5807.59
vt 287.871 -63.6944
f 1247/1959/713 1248/1960/713 1249/1961/714 1250/1962/714 

vt 287.871 -92.0725
vt 289.312 -92.0725
v 6990.94 123.213 -5844.95
vt 289.101 -89.4479
vn 0.824788 0.527944 0.202485
v 6984.77 123.213 -5819.81
vt 288.082 -89.4479
f 1250/1963/714 1249/1964/714 1251/1965/715 1252/1966/715 

vt 288.082 -125.563
vt 289.101 -125.563
v 6948.42 176.082 -5842.06
vt 288.592 -122.938
vn 0.770162 0.609181 0.189074
f 1252/1967/715 1251/1968/715 1253/1969/716

g Mesh180 Group2 Group1 Model

v 7689.63 0 -5192.79
vt 186.894 -97.0546
vn 0.949454 0.309212 -0.0540784
v 7687.32 0 -5233.32
vt 188.492 -97.0546
v 7666.96 63.3995 -5228.43
vt 188.346 -94.43
vn 0.939653 0.337918 -0.0535202
v 7668.84 63.3995 -5195.34
vt 187.041 -94.43
f 1254/1970/717 1255/1971/717 1256/1972/718 1257/1973/718 

vt 187.041 -112.357
vt 188.346 -112.357
v 7642.85 125.432 -5222.19
vt 188.155 -109.733
vn 0.915309 0.399364 -0.0521336
v 7644.18 125.432 -5198.79
vt 187.232 -109.733
f 1257/1974/718 1256/1975/718 1258/1976/719 1259/1977/719 

vt 187.232 -130.345
vt 188.155 -130.345
v 7614.77 185.56 -5208.86
vt 187.693 -127.721
vn 0.90046 0.431905 -0.0512878
f 1259/1978/719 1258/1979/719 1260/1980/720

g Mesh181 Group2 Group1 Model

v 8177.53 0 -5596.89
vt 101.627 80.7668
vn -0.634499 0.214425 0.742586
v 8212.67 0 -5566.87
vt 103.447 80.7668
v 8218.74 65.116 -5580.49
vt 103.28 83.3915
vn -0.628655 0.251931 0.735747
v 8190.04 65.116 -5605.01
vt 101.794 83.3915
f 1261/1981/721 1262/1982/721 1263/1983/722 1264/1984/722 

vt 101.794 111.497
vt 103.28 111.497
v 8227.05 128.937 -5598.73
vt 103.063 114.122
vn -0.611374 0.338011 0.715521
v 8206.77 128.937 -5616.07
vt 102.012 114.122
f 1264/1985/722 1263/1986/722 1265/1987/723 1266/1988/723 

vt 102.012 150.61
vt 103.063 150.61
v 8233.63 190.435 -5626.97
vt 102.537 153.234
vn -0.599246 0.386062 0.701328
f 1266/1989/723 1265/1990/723 1267/1991/724

g Mesh182 Group2 Group1 Model

v 7684.35 0 -5122.93
vt 327.212 -63.3313
vn 0.790251 0.399443 0.464704
v 7704.66 0 -5157.46
vt 328.789 -63.3313
v 7679.84 61.1172 -5167.79
vt 328.644 -60.7066
vn 0.766792 0.456848 0.450909
v 7663.26 61.1172 -5139.59
vt 327.356 -60.7066
f 1268/1992/725 1269/1993/725 1270/1994/726 1271/1995/726 

vt 327.356 -78.6386
vt 328.644 -78.6386
v 7647.96 118.367 -5180.97
vt 328.456 -76.0139
vn 0.702686 0.579213 0.413212
v 7636.24 118.367 -5161.04
vt 327.545 -76.0139
f 1271/1996/726 1270/1997/726 1272/1998/727 1273/1999/727 

vt 327.545 -96.7323
vt 328.456 -96.7323
v 7605.19 169.462 -5192.71
vt 328 -94.1076
vn 0.660664 0.642332 0.388501
f 1273/2000/727 1272/2001/727 1274/2002/728

g Mesh183 Group2 Group1 Model

v 6340.44 0 -5862.09
vt 208.232 104.287
vn -0.151694 0.388074 0.909059
v 6380.71 0 -5855.37
vt 209.84 104.287
v 6381.28 61.4419 -5881.51
vt 209.692 106.912
vn -0.143913 0.485287 0.86243
v 6348.39 61.4419 -5887
vt 208.38 106.912
f 1275/2003/729 1276/2004/729 1277/2005/730 1278/2006/730 

vt 208.38 157.575
vt 209.692 157.575
v 6382.79 115.899 -5920.24
vt 209.5 160.2
vn -0.118805 0.692092 0.711965
v 6359.54 115.899 -5924.12
vt 208.572 160.2
f 1278/2007/730 1277/2008/730 1279/2009/731 1280/2010/731 

vt 208.572 217.601
vt 209.5 217.601
v 6379.85 156.609 -5974.26
vt 209.036 220.225
vn -0.100508 0.791906 0.602315
f 1280/2011/731 1279/2012/731 1281/2013/732

g Mesh184 Group2 Group1 Model

v 7577.55 0 -5714.12
vt 160.44 -94.4231
vn 0.940476 0.279818 -0.192889
v 7567.97 0 -5760.85
vt 162.317 -94.4231
v 7550.57 64.0035 -5752.81
vt 162.145 -91.7984
vn 0.931972 0.308045 -0.191144
v 7558.4 64.0035 -5714.66
vt 160.612 -91.7984
f 1282/2014/733 1283/2015/733 1284/2016/734 1285/2017/734 

vt 160.612 -110.762
vt 162.145 -110.762
v 7529.78 126.794 -5742.73
vt 161.921 -108.137
vn 0.910461 0.369042 -0.186732
v 7535.31 126.794 -5715.75
vt 160.836 -108.137
f 1285/2018/734 1284/2019/734 1286/2020/735 1287/2021/735 

vt 160.836 -130.304
vt 161.921 -130.304
v 7506.31 187.848 -5723.86
vt 161.379 -127.68
vn 0.897131 0.401622 -0.183999
f 1287/2022/735 1286/2023/735 1288/2024/736

g Mesh185 Group2 Group1 Model

v 8134.59 0 -5775.9
vt 183.659 -96.9545
vn 0.952007 0.27925 -0.125308
v 8129.11 0 -5817.5
vt 185.311 -96.9545
v 8111.16 64.0146 -5811.25
vt 185.16 -94.3298
vn 0.940358 0.316871 -0.123775
v 8115.63 64.0146 -5777.29
vt 183.811 -94.3298
f 1289/2025/737 1290/2026/737 1291/2027/738 1292/2028/738 

vt 183.811 -120.291
vt 185.16 -120.291
v 8088.41 126.364 -5803.2
vt 184.962 -117.666
vn 0.908724 0.399894 -0.119611
v 8091.57 126.364 -5779.18
vt 184.008 -117.666
f 1292/2029/738 1291/2030/738 1293/2031/739 1294/2032/739 

vt 184.008 -149.239
vt 184.962 -149.239
v 8060.59 186.073 -5787.32
vt 184.485 -146.615
vn 0.887968 0.444805 -0.116879
f 1294/2033/739 1293/2034/739 1295/2035/740

g Mesh186 Group2 Group1 Model

v 7260.28 0 -5336.1
vt -335.678 58.9096
vn -0.704428 0.513562 -0.489934
v 7234.85 0 -5299.55
vt -333.926 58.9096
v 7265.29 57.2035 -5283.35
vt -334.086 61.5343
vn -0.677622 0.564548 -0.47129
v 7286.05 57.2035 -5313.2
vt -335.518 61.5343
f 1296/2036/741 1297/2037/741 1298/2038/742 1299/2039/742 

vt -335.518 72.9745
vt -334.086 72.9745
v 7301.91 109.852 -5264.37
vt -334.296 75.5992
vn -0.610944 0.667977 -0.424916
v 7316.59 109.852 -5285.48
vt -335.308 75.5992
f 1299/2040/742 1298/2041/742 1300/2042/743 1301/2043/743 

vt -335.308 87.6213
vt -334.296 87.6213
v 7348.61 156.177 -5247.55
vt -334.802 90.2459
vn -0.570474 0.719121 -0.396768
f 1301/2044/743 1300/2045/743 1302/2046/744

g Mesh187 Group2 Group1 Model

v 7668.74 0 -4942.69
vt 219.678 120.255
vn -0.302348 0.423151 0.854125
v 7715.57 0 -4926.11
vt 221.634 120.255
v 7720.69 60.404 -4954.22
vt 221.454 122.88
vn -0.295806 0.462818 0.835643
v 7682.45 60.404 -4967.76
vt 219.858 122.88
f 1303/2047/745 1304/2048/745 1305/2049/746 1306/2050/746 

vt 219.858 145.158
vt 221.454 145.158
v 7726.25 118.078 -4987.73
vt 221.221 147.782
vn -0.279603 0.545829 0.789869
v 7699.21 118.078 -4997.3
vt 220.091 147.782
f 1306/2051/746 1305/2052/746 1307/2053/747 1308/2054/747 

vt 220.091 172.462
vt 221.221 172.462
v 7725.82 171.973 -5029.5
vt 220.656 175.087
vn -0.269766 0.588606 0.762082
f 1308/2055/747 1307/2056/747 1309/2057/748

g Mesh188 Group2 Group1 Model

v 8098.93 0 -5255.39
vt -229.501 103.602
vn -0.937249 0.341924 -0.0682012
v 8095.65 0 -5210.29
vt -227.72 103.602
v 8118.69 62.6485 -5212.77
vt -227.884 106.227
vn -0.916308 0.394885 -0.0666773
v 8121.36 62.6485 -5249.6
vt -229.337 106.227
f 1310/2058/749 1311/2059/749 1312/2060/750 1313/2061/750 

vt -229.337 137.916
vt -227.884 137.916
v 8148.77 122.299 -5216.01
vt -228.097 140.541
vn -0.857476 0.510726 -0.0623963
v 8150.66 122.299 -5242.04
vt -229.124 140.541
f 1313/2062/750 1312/2063/750 1314/2064/751 1315/2065/751 

vt -229.124 178.496
vt -228.097 178.496
v 8187.76 176.975 -5226.26
vt -228.61 181.121
vn -0.81798 0.572159 -0.0595222
f 1315/2066/751 1314/2067/751 1316/2068/752

g Mesh189 Group2 Group1 Model

v 7692.61 0 -5781.54
vt -88.7575 -132.386
vn 0.593865 0.359438 -0.719812
v 7659.48 0 -5808.88
vt -87.0663 -132.386
v 7647.27 62.2113 -5787.89
vt -87.2214 -129.762
vn 0.582707 0.402008 -0.706287
v 7674.32 62.2113 -5765.57
vt -88.6023 -129.762
f 1317/2069/753 1318/2070/753 1319/2071/754 1320/2072/754 

vt -88.6023 -160.818
vt -87.2214 -160.818
v 7632.4 121.955 -5761.8
vt -87.4237 -158.193
vn 0.553544 0.493387 -0.670939
v 7651.53 121.955 -5746.02
vt -88.4001 -158.193
f 1320/2073/754 1319/2074/754 1321/2075/755 1322/2076/755 

vt -88.4001 -194.26
vt -87.4237 -194.26
v 7619 178.003 -5726.06
vt -87.9119 -191.636
vn 0.535024 0.541488 -0.648491
f 1322/2077/755 1321/2078/755 1323/2079/756

g Mesh190 Group2 Group1 Model

v 7186.28 0 -5669.51
vt 227.857 -157.841
vn 0.824743 0.565343 0.0136392
v 7186.97 0 -5711.5
vt 229.51 -157.841
v 7149.22 54.9904 -5708.27
vt 229.358 -155.216
vn 0.724141 0.689548 0.0119755
v 7148.66 54.9904 -5673.99
vt 228.009 -155.216
f 1324/2080/757 1325/2081/757 1326/2082/758 1327/2083/758 

vt 228.009 -219.785
vt 229.358 -219.785
v 7096.07 95.3317 -5704.13
vt 229.161 -217.161
vn 0.438403 0.898749 0.00725011
v 7095.67 95.3317 -5679.89
vt 228.206 -217.161
f 1327/2084/758 1326/2085/758 1328/2086/759 1329/2087/759 

vt 228.206 -265.552
vt 229.161 -265.552
v 7031.42 112.332 -5693.07
vt 228.683 -262.927
vn 0.254976 0.966938 0.00421668
f 1329/2088/759 1328/2089/759 1330/2090/760

g Mesh191 Group2 Group1 Model

v 8102.45 0 -4711.27
vt 237.567 113.657
vn -0.309283 0.402537 0.861573
v 8148.46 0 -4694.75
vt 239.492 113.657
v 8153.3 61.0269 -4721.52
vt 239.315 116.282
vn -0.302708 0.444168 0.843257
v 8115.74 61.0269 -4735.01
vt 237.744 116.282
f 1331/2091/761 1332/2092/761 1333/2093/762 1334/2094/762 

vt 237.744 139.515
vt 239.315 139.515
v 8158.72 119.333 -4753.92
vt 239.085 142.14
vn -0.286081 0.532019 0.79694
v 8132.16 119.333 -4763.46
vt 237.974 142.14
f 1334/2095/762 1333/2096/762 1335/2097/763 1336/2098/763 

vt 237.974 168.262
vt 239.085 168.262
v 8158.45 173.755 -4794.93
vt 238.53 170.887
vn -0.275811 0.577581 0.768328
f 1336/2099/763 1335/2100/763 1337/2101/764

g Mesh192 Group2 Group1 Model

v 8323.76 0 -5554.21
vt -373.405 44.3089
vn -0.740418 0.352761 -0.572137
v 8295.1 0 -5517.13
vt -371.56 44.3089
v 8316.34 62.3809 -5506.15
vt -371.729 46.9335
vn -0.730079 0.385646 -0.564147
v 8339.74 62.3809 -5536.43
vt -373.236 46.9335
f 1338/2102/765 1339/2103/765 1340/2104/766 1341/2105/766 

vt -373.236 55.1273
vt -371.729 55.1273
v 8341.82 122.943 -5493.54
vt -371.95 57.752
vn -0.704417 0.455537 -0.544318
v 8358.36 122.943 -5514.95
vt -373.015 57.752
f 1341/2106/766 1340/2107/766 1342/2108/767 1343/2109/767 

vt -373.015 67.0369
vt -371.95 67.0369
v 8376.06 180.973 -5484.18
vt -372.483 69.6615
vn -0.688785 0.492236 -0.532239
f 1343/2110/767 1342/2111/767 1344/2112/768

g Mesh193 Group2 Group1 Model

v 8036.98 0 -5382.77
vt -360.738 78.7833
vn -0.605991 0.645476 -0.464905
v 8010.54 0 -5348.31
vt -359.028 78.7833
v 8047.11 50.9187 -5325.27
vt -359.185 81.4079
vn -0.508765 0.767341 -0.390315
v 8068.7 50.9187 -5353.41
vt -360.582 81.4079
f 1345/2113/769 1346/2114/769 1347/2115/770 1348/2116/770 

vt -360.582 108.203
vt -359.185 108.203
v 8096.09 84.2217 -5294.24
vt -359.39 110.828
vn -0.252244 0.948116 -0.193517
v 8111.36 84.2217 -5314.14
vt -360.377 110.828
f 1348/2117/770 1347/2118/770 1349/2119/771 1350/2120/771 

vt -360.377 125.465
vt -359.39 125.465
v 8156.21 92.4676 -5263.92
vt -359.883 128.09
vn -0.0981347 0.992321 -0.0752871
f 1350/2121/771 1349/2122/771 1351/2123/772

g Mesh194 Group2 Group1 Model

v 6636.87 0 -5879.42
vt 231.19 101.735
vn -0.112086 0.388979 0.914403
v 6680.77 0 -5874.04
vt 232.932 101.735
v 6679.9 61.4165 -5900.27
vt 232.772 104.36
vn -0.103207 0.529563 0.841969
v 6644.05 61.4165 -5904.67
vt 231.35 104.36
f 1352/2124/773 1353/2125/773 1354/2126/774 1355/2127/774 

vt 231.35 174.292
vt 232.772 174.292
v 6679.98 111.684 -5944.38
vt 232.564 176.917
vn -0.0714907 0.809157 0.583227
v 6654.63 111.684 -5947.49
vt 231.558 176.917
f 1355/2128/774 1354/2129/774 1356/2130/775 1357/2131/775 

vt 231.558 244.94
vt 232.564 244.94
v 6674.77 137.769 -6006.83
vt 232.061 247.564
vn -0.0476047 0.920276 0.388363
f 1357/2132/775 1356/2133/775 1358/2134/776

g Mesh195 Group2 Group1 Model

v 6576.27 0 -5735.34
vt 342.038 -17.2449
vn 0.611195 0.537487 0.580989
v 6607.74 0 -5768.45
vt 343.837 -17.2449
v 6578.89 56.2181 -5790.1
vt 343.672 -14.6203
vn 0.571892 0.614336 0.543628
v 6553.19 56.2181 -5763.06
vt 342.203 -14.6203
f 1359/2135/777 1360/2136/777 1361/2137/778 1362/2138/778 

vt 342.203 -19.4235
vt 343.672 -19.4235
v 6541.99 104.741 -5817.63
vt 343.456 -16.7989
vn 0.467204 0.764515 0.444114
v 6523.82 104.741 -5798.52
vt 342.418 -16.7989
f 1362/2139/778 1361/2140/778 1363/2141/779 1364/2142/779 

vt 342.418 -21.7788
vt 343.456 -21.7788
v 6492.64 141.601 -5846.35
vt 342.937 -19.1542
vn 0.400744 0.833241 0.380938
f 1364/2143/779 1363/2144/779 1365/2145/780

g Mesh196 Group2 Group1 Model

v 7994.24 0 -4878.04
vt -337.198 32.1233
vn -0.802338 0.215417 -0.556641
v 7970.46 0 -4843.76
vt -335.556 32.1233
v 7984.44 65.1015 -4838.72
vt -335.707 34.748
vn -0.793406 0.259845 -0.550444
v 8003.85 65.1015 -4866.71
vt -337.048 34.748
f 1366/2146/781 1367/2147/781 1368/2148/782 1369/2149/782 

vt -337.048 47.9063
vt -335.707 47.9063
v 8003.92 128.619 -4831.28
vt -335.903 50.531
vn -0.765345 0.363746 -0.530976
v 8017.65 128.619 -4851.07
vt -336.851 50.531
f 1369/2150/782 1368/2151/782 1370/2152/783 1371/2153/783 

vt -336.851 68.1378
vt -335.903 68.1378
v 8033.91 189.05 -4825.13
vt -336.377 70.7624
vn -0.744775 0.422288 -0.516705
f 1371/2154/783 1370/2155/783 1372/2156/784

g Mesh197 Group2 Group1 Model

v 7759.51 0 -5656.37
vt -193.512 28.5556
vn -0.991865 0.0879277 0.0920416
v 7763.51 0 -5613.28
vt -191.808 28.5556
v 7768.98 66.4085 -5617.77
vt -191.964 31.1803
vn -0.991019 0.0970814 0.091963
v 7765.72 66.4085 -5652.96
vt -193.355 31.1803
f 1373/2157/785 1374/2158/785 1375/2159/786 1376/2160/786 

vt -193.355 37.1227
vt -191.964 37.1227
v 7775.55 132.698 -5623.58
vt -192.168 39.7474
vn -0.988853 0.117259 0.091762
v 7773.25 132.698 -5648.46
vt -193.152 39.7474
f 1376/2161/786 1375/2162/786 1377/2163/787 1378/2164/787 

vt -193.152 46.906
vt -192.168 46.906
v 7782.91 198.814 -5636.81
vt -192.66 49.5306
vn -0.987496 0.128277 0.0916361
f 1378/2165/787 1377/2166/787 1379/2167/788

g Mesh198 Group2 Group1 Model

v 7141.61 0 -5844.68
vt 360.971 -18.3608
vn 0.642224 0.444967 0.624141
v 7170.14 0 -5874.04
vt 362.583 -18.3608
v 7146.25 59.7031 -5892.02
vt 362.435 -15.7361
vn 0.622486 0.496525 0.604958
v 7122.96 59.7031 -5868.05
vt 361.119 -15.7361
f 1380/2168/789 1381/2169/789 1382/2170/790 1383/2171/790 

vt 361.119 -19.9389
vt 362.435 -19.9389
v 7116.72 115.539 -5913.9
vt 362.242 -17.3142
vn 0.571508 0.604063 0.555416
v 7100.25 115.539 -5896.95
vt 361.312 -17.3142
f 1383/2172/790 1382/2173/790 1384/2174/791 1385/2175/791 

vt 361.312 -22.0451
vt 362.242 -22.0451
v 7076.99 165.697 -5936.03
vt 361.777 -19.4204
vn 0.539552 0.658734 0.52436
f 1385/2176/791 1384/2177/791 1386/2178/792

g Mesh199 Group2 Group1 Model

v 7874.19 0 -5434.76
vt -173.346 68.3087
vn -0.971168 0.204259 0.122923
v 7879.24 0 -5394.87
vt -171.763 68.3087
v 7892.29 65.2611 -5400.24
vt -171.908 70.9334
vn -0.965412 0.230322 0.122194
v 7888.17 65.2611 -5432.81
vt -173.2 70.9334
f 1387/2179/793 1388/2180/793 1389/2181/794 1390/2182/794 

vt -173.2 88.3068
vt -171.908 88.3068
v 7908.63 129.702 -5407.15
vt -172.097 90.9315
vn -0.949953 0.288328 0.120237
v 7905.72 129.702 -5430.18
vt -173.011 90.9315
f 1390/2183/794 1389/2184/794 1391/2185/795 1392/2186/795 

vt -173.011 112.278
vt -172.097 112.278
v 7928.35 192.861 -5421.35
vt -172.554 114.902
vn -0.93988 0.320114 0.118962
f 1392/2187/795 1391/2188/795 1393/2189/796

g Mesh200 Group2 Group1 Model

v 7970.92 0 -5572.15
vt -335.557 -99.3046
vn -0.0904768 0.538493 -0.837758
v 7930.9 0 -5567.83
vt -333.972 -99.3046
v 7938.42 56.1753 -5532.53
vt -334.117 -96.6799
vn -0.0794998 0.672169 -0.736118
v 7971.11 56.1753 -5536.06
vt -335.412 -96.6799
f 1394/2190/797 1395/2191/797 1396/2192/798 1397/2193/798 

vt -335.412 -142.62
vt -334.117 -142.62
v 7948.84 97.3219 -5480.9
vt -334.307 -139.995
vn -0.0472105 0.898154 -0.43714
v 7971.95 97.3219 -5483.39
vt -335.222 -139.995
f 1397/2194/798 1396/2195/798 1398/2196/799 1399/2197/799 

vt -335.222 -174.586
vt -334.307 -174.586
v 7967.34 113.512 -5417.85
vt -334.764 -171.961
vn -0.0260768 0.970062 -0.241455
f 1399/2198/799 1398/2199/799 1400/2200/800

g Mesh201 Group3 Group1 Model

v 6677.82 0 -5544.05
vt 20.5642 -144.734
vn 0.730241 0.424336 -0.535432
v 6650.88 0 -5580.8
vt 22.358 -144.734
v 6630.54 60.367 -5560.7
vt 22.1934 -142.11
vn 0.704941 0.485687 -0.516882
v 6652.53 60.367 -5530.7
vt 20.7288 -142.11
f 1401/2201/801 1402/2202/801 1403/2203/802 1404/2204/802 

vt 20.7288 -183.2
vt 22.1934 -183.2
v 6604.47 116.274 -5534.83
vt 21.9789 -180.575
vn 0.635929 0.614962 -0.46628
v 6620.03 116.274 -5513.62
vt 20.9432 -180.575
f 1404/2205/802 1403/2206/802 1405/2207/803 1406/2208/803 

vt 20.9432 -227.063
vt 21.9789 -227.063
v 6575.66 165.117 -5497.39
vt 21.4611 -224.438
vn 0.590834 0.680617 -0.433215
f 1406/2209/803 1405/2210/803 1407/2211/804

g Mesh202 Group3 Group1 Model

v 7867.4 0 -4939.92
vt -354.586 23.069
vn -0.698716 0.257399 -0.667489
v 7839.09 0 -4910.29
vt -352.973 23.069
v 7854.1 64.4203 -4901.16
vt -353.121 25.6937
vn -0.692443 0.288002 -0.661496
v 7877.21 64.4203 -4925.35
vt -354.438 25.6937
f 1408/2212/805 1409/2213/805 1410/2214/806 1411/2215/806 

vt -354.438 31.1478
vt -353.121 31.1478
v 7872.83 127.619 -4890.04
vt -353.313 33.7724
vn -0.67594 0.355159 -0.645731
v 7889.17 127.619 -4907.15
vt -354.245 33.7724
f 1411/2216/806 1410/2217/806 1412/2218/807 1413/2219/807 

vt -354.245 40.2989
vt -353.313 40.2989
v 7899.87 188.966 -4880.57
vt -353.779 42.9236
vn -0.665375 0.391459 -0.635638
f 1413/2220/807 1412/2221/807 1414/2222/808

g Mesh203 Group3 Group1 Model

v 7379 0 -5727.66
vt 296.163 -58.0722
vn 0.927356 0.266359 0.262802
v 7392.19 0 -5774.2
vt 298.068 -58.0722
v 7373.9 64.2583 -5774.77
vt 297.893 -55.4475
vn 0.920034 0.292504 0.260727
v 7363.13 64.2583 -5736.77
vt 296.338 -55.4475
f 1415/2223/809 1416/2224/809 1417/2225/810 1418/2226/810 

vt 296.338 -66.8049
vt 297.893 -66.8049
v 7351.9 127.455 -5774.99
vt 297.665 -64.1802
vn 0.901615 0.349008 0.255507
v 7344.28 127.455 -5748.12
vt 296.566 -64.1802
f 1418/2227/810 1417/2228/810 1419/2229/811 1420/2230/811 

vt 296.566 -77.4524
vt 297.665 -77.4524
v 7323.77 189.142 -5768.45
vt 297.116 -74.8278
vn 0.890251 0.379216 0.252287
f 1420/2231/811 1419/2232/811 1421/2233/812

g Mesh204 Group3 Group1 Model

v 7657.71 0 -5220.09
vt -193.802 69.0141
vn -0.974046 0.223242 0.0373832
v 7659.59 0 -5171
vt -191.868 69.0141
v 7674.29 64.9842 -5176.07
vt -192.045 71.6387
vn -0.968154 0.247583 0.0371571
v 7672.76 64.9842 -5216.15
vt -193.624 71.6387
f 1422/2234/813 1423/2235/813 1424/2236/814 1425/2237/814 

vt -193.624 86.6372
vt -192.045 86.6372
v 7692.17 129.142 -5182.64
vt -192.276 89.2619
vn -0.952958 0.300888 0.0365739
v 7691.08 129.142 -5210.98
vt -193.393 89.2619
f 1425/2238/814 1424/2239/814 1426/2240/815 1427/2241/815 

vt -193.393 107.162
vt -192.276 107.162
v 7713.59 192.08 -5197.65
vt -192.835 109.787
vn -0.943381 0.329729 0.0362063
f 1427/2242/815 1426/2243/815 1428/2244/816

g Mesh205 Group3 Group1 Model

v 7734.68 0 -4730.79
vt 298.899 59.1391
vn -0.0280584 0.303065 0.952557
v 7777.13 0 -4729.54
vt 300.571 59.1391
v 7773.83 63.5313 -4749.85
vt 300.418 61.7638
vn -0.0266111 0.42793 0.90342
v 7739.17 63.5313 -4750.87
vt 299.053 61.7638
f 1429/2245/817 1430/2246/817 1431/2247/818 1432/2248/818 

vt 299.053 108.897
vt 300.418 108.897
v 7769.82 119.423 -4786.32
vt 300.218 111.522
vn -0.020781 0.708412 0.705493
v 7745.32 119.423 -4787.05
vt 299.252 111.522
f 1432/2249/818 1431/2250/818 1433/2251/819 1434/2252/819 

vt 299.252 168.41
vt 300.218 168.41
v 7759.22 155.556 -4842.69
vt 299.735 171.034
vn -0.0159578 0.840387 0.541751
f 1434/2253/819 1433/2254/819 1435/2255/820

g Mesh206 Group3 Group1 Model

v 8362.15 0 -5331.91
vt -389.978 5.64868
vn -0.552688 0.294708 -0.77954
v 8324.39 0 -5305.15
vt -388.156 5.64868
v 8339.22 63.7058 -5291.57
vt -388.323 8.27336
vn -0.54672 0.326293 -0.771122
v 8370.04 63.7058 -5313.43
vt -389.811 8.27336
f 1436/2256/821 1437/2257/821 1438/2258/822 1439/2259/822 

vt -389.811 9.47144
vt -388.323 9.47144
v 8357.52 125.966 -5275.33
vt -388.541 12.0961
vn -0.531428 0.394659 -0.749553
v 8379.32 125.966 -5290.79
vt -389.593 12.0961
f 1439/2260/822 1438/2261/822 1440/2262/823 1441/2263/823 

vt -389.593 13.4769
vt -388.541 13.4769
v 8385.04 186.118 -5259.61
vt -389.067 16.1016
vn -0.521853 0.431166 -0.736047
f 1441/2264/823 1440/2265/823 1442/2266/824

g Mesh207 Group3 Group1 Model

v 8057.22 0 -5028.42
vt -10.3012 152.189
vn -0.787869 0.407164 0.462039
v 8079.55 0 -4990.34
vt -8.56326 152.189
v 8100.92 60.8903 -5007.56
vt -8.72272 154.814
vn -0.770177 0.450362 0.451664
v 8082.68 60.8903 -5038.65
vt -10.1417 154.814
f 1443/2267/825 1444/2268/825 1445/2269/826 1446/2270/826 

vt -10.1417 186.71
vt -8.72272 186.71
v 8126.57 118.91 -5028.73
vt -8.93052 189.334
vn -0.725211 0.541473 0.425294
v 8113.68 118.91 -5050.71
vt -9.93391 189.334
f 1446/2271/826 1445/2272/826 1447/2273/827 1448/2274/827 

vt -9.93391 225.197
vt -8.93052 225.197
v 8153.97 172.803 -5059.57
vt -9.43222 227.822
vn -0.697326 0.588645 0.408941
f 1448/2275/827 1447/2276/827 1449/2277/828

g Mesh208 Group3 Group1 Model

v 6919.5 0 -5914.51
vt 344.413 23.6372
vn 0.402334 0.238598 0.883854
v 6959.04 0 -5932.51
vt 346.124 23.6372
v 6948.82 64.7412 -5945.34
vt 345.967 26.2618
vn 0.397985 0.277857 0.874302
v 6916.53 64.7412 -5930.64
vt 344.57 26.2618
f 1450/2278/829 1451/2279/829 1452/2280/830 1453/2281/830 

vt 344.57 33.9863
vt 345.967 33.9863
v 6935.34 127.977 -5962.4
vt 345.762 36.6109
vn 0.385411 0.366869 0.846679
v 6912.52 127.977 -5952.01
vt 344.775 36.6109
f 1453/2282/830 1452/2283/830 1454/2284/831 1455/2285/831 

vt 344.775 46.4032
vt 345.762 46.4032
v 6912.44 188.6 -5982.45
vt 345.268 49.0279
vn 0.376743 0.416034 0.827636
f 1455/2286/831 1454/2287/831 1456/2288/832

g Mesh209 Group3 Group1 Model

v 7418.14 0 -5047.57
vt -333.354 34.9633
vn -0.767585 0.299141 -0.566859
v 7390.71 0 -5010.43
vt -331.536 34.9633
v 7409.27 63.6139 -5001.99
vt -331.703 37.588
vn -0.759957 0.327858 -0.561226
v 7431.67 63.6139 -5032.32
vt -333.187 37.588
f 1457/2289/833 1458/2290/833 1459/2291/834 1460/2292/834 

vt -333.187 44.261
vt -331.703 44.261
v 7431.66 125.906 -4992.32
vt -331.92 46.8857
vn -0.740877 0.389544 -0.547135
v 7447.49 125.906 -5013.77
vt -332.97 46.8857
f 1460/2293/834 1459/2294/834 1461/2295/835 1462/2296/835 

vt -332.97 54.5791
vt -331.92 54.5791
v 7462.22 186.336 -4986.32
vt -332.445 57.2038
vn -0.729167 0.422311 -0.538487
f 1462/2297/835 1461/2298/835 1463/2299/836

g Mesh210 Group3 Group1 Model

v 6963.92 0 -5309.36
vt 152.01 77.4494
vn -0.432236 0.250285 0.866331
v 7002.24 0 -5290.24
vt 153.696 77.4494
v 7006.17 64.5448 -5306.93
vt 153.541 80.0741
vn -0.428304 0.282168 0.85845
v 6974.89 64.5448 -5322.54
vt 152.165 80.0741
f 1464/2300/837 1465/2301/837 1466/2302/838 1467/2303/838 

vt 152.165 99.7045
vt 153.541 99.7045
v 7010.93 127.845 -5327.93
vt 153.34 102.329
vn -0.41777 0.35261 0.837338
v 6988.81 127.845 -5338.97
vt 152.366 102.329
f 1467/2304/838 1466/2305/838 1468/2306/839 1469/2307/839 

vt 152.366 126.167
vt 153.34 126.167
v 7011.5 189.208 -5356.77
vt 152.853 128.791
vn -0.410927 0.390878 0.823622
f 1469/2308/839 1468/2309/839 1470/2310/840

g Mesh211 Group3 Group1 Model

v 8309.67 0 -5375.51
vt -183.28 42.2982
vn -0.988867 0.123017 0.083722
v 8313.83 0 -5326.43
vt -181.341 42.2982
v 8321.62 66.1603 -5331.62
vt -181.519 44.9229
vn -0.986346 0.141944 0.0835086
v 8318.22 66.1603 -5371.7
vt -183.102 44.9229
f 1471/2311/841 1472/2312/841 1473/2313/842 1474/2314/842 

vt -183.102 57.9191
vt -181.519 57.9191
v 8331.8 131.959 -5338.4
vt -181.751 60.5438
vn -0.979168 0.185357 0.0829009
v 8329.4 131.959 -5366.73
vt -182.871 60.5438
f 1474/2315/842 1473/2316/842 1475/2317/843 1476/2318/843 

vt -182.871 77.3661
vt -181.751 77.3661
v 8344.54 197.142 -5353.75
vt -182.311 79.9908
vn -0.974263 0.209778 0.0824856
f 1476/2319/843 1475/2320/843 1477/2321/844

g Mesh212 Group3 Group1 Model

v 8144.63 0 -4781.96
vt 15.0894 130.248
vn -0.787714 0.350571 0.506563
v 8169.13 0 -4743.87
vt 16.8724 130.248
v 8186.54 62.4357 -4760
vt 16.7088 132.873
vn -0.76925 0.404399 0.494688
v 8166.54 62.4357 -4791.11
vt 15.253 132.873
f 1478/2322/845 1479/2323/845 1480/2324/846 1481/2325/846 

vt 15.253 172.345
vt 16.7088 172.345
v 8209.23 121.738 -4781.03
vt 16.4956 174.97
vn -0.717559 0.521704 0.461447
v 8195.08 121.738 -4803.02
vt 15.4662 174.97
f 1481/2326/846 1480/2327/846 1482/2328/847 1483/2329/847 

vt 15.4662 221.978
vt 16.4956 221.978
v 8234.88 175.871 -4813.08
vt 15.9809 224.602
vn -0.682965 0.583662 0.4392
f 1483/2330/847 1482/2331/847 1484/2332/848

g Mesh213 Group3 Group1 Model

v 8138.68 0 -5757.57
vt -384.333 -17.7508
vn -0.38984 0.222932 -0.893491
v 8100.23 0 -5740.8
vt -382.681 -17.7508
v 8109.71 64.9889 -5728.72
vt -382.832 -15.1261
vn -0.386462 0.257092 -0.885749
v 8141.1 64.9889 -5742.41
vt -384.181 -15.1261
f 1485/2333/849 1486/2334/849 1487/2335/850 1488/2336/850 

vt -384.181 -20.5471
vt -382.832 -20.5471
v 8122.06 128.772 -5712.94
vt -383.03 -17.9224
vn -0.376903 0.334253 -0.86384
v 8144.26 128.772 -5722.63
vt -383.983 -17.9224
f 1488/2337/850 1487/2338/850 1489/2339/851 1490/2340/851 

vt -383.983 -24.8044
vt -383.03 -24.8044
v 8143.21 190.523 -5694.76
vt -383.507 -22.1797
vn -0.370416 0.376879 -0.848972
f 1490/2341/851 1489/2342/851 1491/2343/852

g Mesh214 Group3 Group1 Model

v 8309.03 0 -5221.87
vt -222.486 -138.975
vn 0.346457 0.439968 -0.82849
v 8272.01 0 -5237.35
vt -220.906 -138.975
v 8264.09 59.8676 -5208.87
vt -221.051 -136.351
vn 0.33599 0.491489 -0.80346
v 8294.32 59.8676 -5196.23
vt -222.341 -136.351
f 1492/2344/853 1493/2345/853 1494/2346/854 1495/2347/854 

vt -222.341 -168.391
vt -221.051 -168.391
v 8254.59 115.921 -5173.72
vt -221.24 -165.766
vn 0.308882 0.599174 -0.738636
v 8275.97 115.921 -5164.79
vt -222.152 -165.766
f 1495/2348/854 1494/2349/854 1496/2350/855 1497/2351/855 

vt -222.152 -201.456
vt -221.24 -201.456
v 8248.46 166.352 -5129.03
vt -221.696 -198.831
vn 0.291848 0.654031 -0.697902
f 1497/2352/855 1496/2353/855 1498/2354/856

g Mesh215 Group3 Group1 Model

v 7391.45 0 -5359.69
vt 13.0313 -117.697
vn 0.78448 0.327648 -0.526534
v 7368.68 0 -5393.62
vt 14.6402 -117.697
v 7352.63 62.9867 -5378.33
vt 14.4926 -115.073
vn 0.775312 0.357905 -0.52038
v 7371.22 62.9867 -5350.63
vt 13.1789 -115.073
f 1499/2355/857 1500/2356/857 1501/2357/858 1502/2358/858 

vt 13.1789 -136.683
vt 14.4926 -136.683
v 7333.89 124.436 -5359.87
vt 14.3002 -134.058
vn 0.752579 0.422466 -0.505122
v 7347.03 124.436 -5340.28
vt 13.3713 -134.058
f 1502/2359/858 1501/2360/858 1503/2361/859 1504/2362/859 

vt 13.3713 -158.779
vt 14.3002 -158.779
v 7315.19 183.75 -5333.11
vt 13.8357 -156.155
vn 0.738735 0.456533 -0.49583
f 1504/2363/859 1503/2364/859 1505/2365/860

g Mesh216 Group3 Group1 Model

v 7775.14 0 -4942.81
vt -72.3567 137.528
vn -0.861219 0.386926 0.329529
v 7791.59 0 -4899.81
vt -70.5442 137.528
v 7814.17 61.474 -4912.97
vt -70.7105 140.152
vn -0.799681 0.516609 0.305982
v 7800.74 61.474 -4948.08
vt -72.1904 140.152
f 1506/2366/861 1507/2367/861 1508/2368/862 1509/2369/862 

vt -72.1904 228.345
vt -70.7105 228.345
v 7851.77 112.955 -4933.25
vt -70.9273 230.969
vn -0.583396 0.780909 0.223225
v 7842.27 112.955 -4958.08
vt -71.9737 230.969
f 1509/2370/862 1508/2371/862 1510/2372/863 1511/2373/863 

vt -71.9737 321.77
vt -70.9273 321.77
v 7902.61 142.971 -4966.94
vt -71.4505 324.395
vn -0.420507 0.892908 0.160899
f 1511/2374/863 1510/2375/863 1512/2376/864

g Mesh217 Group3 Group1 Model

v 7991.43 0 -5490.37
vt 345.738 76.8371
vn 0.143926 0.474918 0.868181
v 8033.25 0 -5497.3
vt 347.407 76.8371
v 8024.23 58.6687 -5527.9
vt 347.254 79.4617
vn 0.135236 0.562352 0.815764
v 7990.08 58.6687 -5522.24
vt 345.892 79.4617
f 1513/2377/865 1514/2378/865 1515/2379/866 1516/2380/866 

vt 345.892 106.746
vt 347.254 106.746
v 8012.21 109.676 -5569.42
vt 347.055 109.371
vn 0.110311 0.738283 0.66541
v 7988.07 109.676 -5565.41
vt 346.091 109.371
f 1516/2381/866 1515/2382/866 1517/2383/867 1518/2384/867 

vt 346.091 137.552
vt 347.055 137.552
v 7991.2 147.831 -5621.35
vt 346.573 140.176
vn 0.0936016 0.820027 0.564619
f 1518/2385/867 1517/2386/867 1519/2387/868

g Mesh218 Group3 Group1 Model

v 7586.23 0 -5287.9
vt -143.719 -121.724
vn 0.491809 0.363897 -0.791014
v 7551.92 0 -5309.23
vt -142.128 -121.724
v 7542.26 62.0959 -5286.67
vt -142.274 -119.099
vn 0.484702 0.396628 -0.779583
v 7570.28 62.0959 -5269.26
vt -143.573 -119.099
f 1520/2388/869 1521/2389/869 1522/2390/870 1523/2391/870 

vt -143.573 -140.836
vt -142.274 -140.836
v 7531.27 122.321 -5259.84
vt -142.464 -138.211
vn 0.467193 0.465934 -0.751423
v 7551.08 122.321 -5247.53
vt -143.383 -138.211
f 1523/2392/870 1522/2393/870 1524/2394/871 1525/2395/871 

vt -143.383 -162.778
vt -142.464 -162.778
v 7523.5 179.97 -5225.25
vt -142.924 -160.154
vn 0.456595 0.502206 -0.734377
f 1525/2396/871 1524/2397/871 1526/2398/872

g Mesh219 Group3 Group1 Model

v 8210.21 0 -5898.38
vt 388.453 32.4416
vn 0.364062 0.374307 0.85285
v 8247.79 0 -5914.43
vt 390.062 32.4416
v 8234.55 61.8203 -5935.9
vt 389.915 35.0663
vn 0.355778 0.42284 0.833444
v 8203.86 61.8203 -5922.8
vt 388.601 35.0663
f 1527/2399/873 1528/2400/873 1529/2401/874 1530/2402/874 

vt 388.601 43.3617
vt 389.915 43.3617
v 8217.75 120.658 -5962.81
vt 389.722 45.9864
vn 0.333668 0.526964 0.781649
v 8196.04 120.658 -5953.55
vt 388.793 45.9864
f 1530/2403/874 1529/2404/874 1531/2405/875 1532/2406/875 

vt 388.793 55.5508
vt 389.722 55.5508
v 8191.68 174.896 -5993.84
vt 389.258 58.1755
vn 0.319406 0.581478 0.74824
f 1532/2407/875 1531/2408/875 1533/2409/876

g Mesh220 Group3 Group1 Model

v 7464.37 0 -5639.92
vt 367.453 -15.085
vn 0.527542 0.594948 0.606413
v 7494.62 0 -5666.24
vt 369.032 -15.085
v 7465.81 53.5843 -5693.75
vt 368.887 -12.4603
vn 0.490259 0.664869 0.563556
v 7441.11 53.5843 -5672.26
vt 367.598 -12.4603
f 1534/2410/877 1535/2411/877 1536/2412/878 1537/2413/878 

vt 367.598 -15.9118
vt 368.887 -15.9118
v 7430.28 99.1905 -5727.29
vt 368.698 -13.2871
vn 0.395762 0.797753 0.454932
v 7412.81 99.1905 -5712.09
vt 367.787 -13.2871
f 1537/2414/878 1536/2415/878 1538/2416/879 1539/2417/879 

vt 367.787 -16.742
vt 368.698 -16.742
v 7384.04 133.53 -5762.8
vt 368.242 -14.1173
vn 0.338074 0.857135 0.388619
f 1539/2418/879 1538/2419/879 1540/2420/880

g Mesh221 Group3 Group1 Model

v 8395.78 0 -5311.98
vt -17.3085 156.72
vn -0.795035 0.401061 0.455048
v 8416.03 0 -5276.6
vt -15.7036 156.72
v 8437.37 61.0701 -5293.13
vt -15.8509 159.344
vn -0.75568 0.491805 0.432522
v 8420.84 61.0701 -5322.01
vt -17.1613 159.344
f 1541/2421/881 1542/2422/881 1543/2423/882 1544/2424/882 

vt -17.1613 228.231
vt -15.8509 228.231
v 8468.37 115.497 -5316.48
vt -16.0428 230.856
vn -0.633225 0.683863 0.362434
v 8456.68 115.497 -5336.91
vt -16.9694 230.856
f 1544/2425/882 1543/2426/882 1545/2427/883 1546/2428/883 

vt -16.9694 308.616
vt -16.0428 308.616
v 8507.5 157.435 -5352.44
vt -16.5061 311.24
vn -0.545966 0.777349 0.31249
f 1546/2429/883 1545/2430/883 1547/2431/884

g Mesh222 Group3 Group1 Model

v 7333.65 0 -5569.07
vt -170.839 -135.952
vn 0.377838 0.425162 -0.822481
v 7296.73 0 -5586.03
vt -169.239 -135.952
v 7288.29 60.3412 -5558.72
vt -169.386 -133.327
vn 0.366213 0.479997 -0.797177
v 7318.43 60.3412 -5544.87
vt -170.692 -133.327
f 1548/2432/885 1549/2433/885 1550/2434/886 1551/2435/886 

vt -170.692 -167.835
vt -169.386 -167.835
v 7277.87 116.748 -5524.4
vt -169.577 -165.211
vn 0.335385 0.595412 -0.730069
v 7299.18 116.748 -5514.61
vt -170.501 -165.211
f 1551/2436/886 1550/2437/886 1552/2438/887 1553/2439/887 

vt -170.501 -204.134
vt -169.577 -204.134
v 7270.31 167.158 -5479.86
vt -170.039 -201.51
vn 0.31565 0.654405 -0.687109
f 1553/2440/887 1552/2441/887 1554/2442/888

g Mesh223 Group3 Group1 Model

v 7255.7 0 -5349.24
vt 346.335 -42.9919
vn 0.628017 0.554795 0.545708
v 7286.48 0 -5384.66
vt 348.182 -42.9919
v 7255.74 55.4658 -5405.67
vt 348.012 -40.3672
vn 0.56924 0.656737 0.494634
v 7230.61 55.4658 -5376.75
vt 346.504 -40.3672
f 1555/2443/889 1556/2444/889 1557/2445/890 1558/2446/890 

vt 346.504 -55.4151
vt 348.012 -55.4151
v 7214.42 99.7221 -5434.13
vt 347.792 -52.7904
vn 0.405785 0.843214 0.352602
v 7196.65 99.7221 -5413.68
vt 346.725 -52.7904
f 1558/2447/890 1557/2448/890 1559/2449/891 1560/2450/891 

vt 346.725 -66.3957
vt 347.792 -66.3957
v 7159.37 126.246 -5464.03
vt 347.258 -63.771
vn 0.300317 0.917449 0.260956
f 1560/2451/891 1559/2452/891 1561/2453/892

g Mesh224 Group3 Group1 Model

v 7350.46 0 -4968.76
vt 246.121 -59.6222
vn 0.953636 0.240543 0.180878
v 7358.17 0 -5009.42
vt 247.75 -59.6222
v 7341.71 64.7092 -5008.68
vt 247.601 -56.9976
vn 0.934498 0.308702 0.177248
v 7335.41 64.7092 -4975.48
vt 246.271 -56.9976
f 1562/2454/893 1563/2455/893 1564/2456/894 1565/2457/894 

vt 246.271 -90.428
vt 247.601 -90.428
v 7316.2 126.503 -5008.48
vt 247.406 -87.8033
vn 0.866123 0.472063 0.164279
v 7311.75 126.503 -4985.01
vt 246.466 -87.8033
f 1565/2458/894 1564/2459/894 1566/2460/895 1567/2461/895 

vt 246.466 -134.628
vt 247.406 -134.628
v 7277.07 181.58 -5003.74
vt 246.936 -132.004
vn 0.811695 0.563426 0.153955
f 1567/2462/895 1566/2463/895 1568/2464/896

g Mesh225 Group3 Group1 Model

v 6922.57 0 -5347.8
vt -231.459 -78.4946
vn 0.166624 0.307799 -0.936748
v 6873.92 0 -5356.45
vt -229.513 -78.4946
v 6874.79 63.4301 -5335.46
vt -229.692 -75.8699
vn 0.163519 0.357999 -0.919292
v 6914.51 63.4301 -5328.39
vt -231.28 -75.8699
f 1569/2465/897 1570/2466/897 1571/2467/898 1572/2468/898 

vt -231.28 -101.23
vt -229.692 -101.23
v 6875.85 124.32 -5307.69
vt -229.924 -98.6051
vn 0.154626 0.46948 -0.869298
v 6903.94 124.32 -5302.7
vt -231.048 -98.6051
f 1572/2469/898 1571/2470/898 1573/2471/899 1574/2472/899 

vt -231.048 -129.892
vt -229.924 -129.892
v 6883.71 180.873 -5270.44
vt -230.486 -127.267
vn 0.148559 0.529521 -0.835188
f 1574/2473/899 1573/2474/899 1575/2475/900

g Mesh226 Group3 Group1 Model

v 8315.79 0 -5444.78
vt -273.641 -85.4747
vn 0.204744 0.305544 -0.929905
v 8272.68 0 -5454.28
vt -271.903 -85.4747
v 8272.25 63.4785 -5433.51
vt -272.063 -82.85
vn 0.202613 0.334863 -0.920225
v 8307.46 63.4785 -5425.76
vt -273.482 -82.85
f 1576/2476/901 1577/2477/901 1578/2478/902 1579/2479/902 

vt -273.482 -99.1691
vt -272.063 -99.1691
v 8272.19 125.575 -5408.69
vt -272.271 -96.5445
vn 0.197284 0.397779 -0.89602
v 8297.09 125.575 -5403.21
vt -273.274 -96.5445
f 1579/2480/902 1578/2481/902 1580/2482/903 1581/2483/903 

vt -273.274 -115.397
vt -272.271 -115.397
v 8278.46 185.727 -5377.87
vt -272.772 -112.772
vn 0.194014 0.431161 -0.881169
f 1581/2484/903 1580/2485/903 1582/2486/904

g Mesh227 Group3 Group1 Model

v 7538.7 0 -5900.83
vt -102.047 -100.103
vn 0.56822 0.275893 -0.775248
v 7501.63 0 -5928.01
vt -100.237 -100.103
v 7494.15 64.0792 -5910.68
vt -100.403 -97.4783
vn 0.561929 0.310582 -0.766665
v 7524.43 64.0792 -5888.49
vt -101.881 -97.4783
f 1583/2487/905 1584/2488/905 1585/2489/906 1586/2490/906 

vt -101.881 -122.509
vt -100.403 -122.509
v 7485 126.656 -5888.89
vt -100.619 -119.884
vn 0.545155 0.386779 -0.743779
v 7506.4 126.656 -5873.2
vt -101.664 -119.884
f 1586/2491/906 1585/2492/906 1587/2493/907 1588/2494/907 

vt -101.664 -150.057
vt -100.619 -150.057
v 7478.83 186.911 -5858.03
vt -101.142 -147.432
vn 0.534306 0.427913 -0.728977
f 1588/2495/907 1587/2496/907 1589/2497/908

g Mesh228 Group3 Group1 Model

v 8352.32 0 -4760.44
vt 351.376 -48.004
vn 0.735647 0.341226 0.58514
v 8380.59 0 -4795.97
vt 353.163 -48.004
v 8360.19 62.6654 -4806.87
vt 352.999 -45.3793
vn 0.725885 0.373802 0.577376
v 8337.11 62.6654 -4777.86
vt 351.54 -45.3793
f 1590/2498/909 1591/2499/909 1592/2500/910 1593/2501/910 

vt 351.54 -54.4876
vt 352.999 -54.4876
v 8335.63 123.593 -4819.47
vt 352.785 -51.8629
vn 0.70153 0.443268 0.558004
v 8319.31 123.593 -4798.95
vt 351.753 -51.8629
f 1593/2502/910 1592/2503/910 1594/2504/911 1595/2505/911 

vt 351.753 -62.297
vt 352.785 -62.297
v 8302.44 182.082 -4829.12
vt 352.269 -59.6723
vn 0.686627 0.479858 0.54615
f 1595/2506/911 1594/2507/911 1596/2508/912

g Mesh229 Group3 Group1 Model

v 7435.47 0 -5821.61
vt -85.5465 188.426
vn -0.77523 0.520785 0.357493
v 7456.06 0 -5776.96
vt -83.6108 188.426
v 7485.7 56.9125 -5795.6
vt -83.7884 191.05
vn -0.678772 0.664298 0.313012
v 7468.89 56.9125 -5832.05
vt -85.3689 191.05
f 1597/2509/913 1598/2510/913 1599/2511/914 1600/2512/914 

vt -85.3689 287.071
vt -83.7884 287.071
v 7530.86 98.0738 -5822.9
vt -84.0199 289.696
vn -0.387336 0.90447 0.178617
v 7518.97 98.0738 -5848.68
vt -85.1375 289.696
f 1600/2513/914 1599/2514/914 1601/2515/915 1602/2516/915 

vt -85.1375 357.593
vt -84.0199 357.593
v 7584.05 112.353 -5863.06
vt -84.5787 360.218
vn -0.194503 0.976792 0.0896941
f 1602/2517/915 1601/2518/915 1603/2519/916

g Mesh230 Group3 Group1 Model

v 8034.19 0 -5749.49
vt -289.806 79.4196
vn -0.92914 0.306139 -0.207309
v 8024.7 0 -5706.96
vt -288.091 79.4196
v 8045.49 63.4658 -5706.42
vt -288.248 82.0443
vn -0.918179 0.339085 -0.204864
v 8053.24 63.4658 -5741.15
vt -289.649 82.0443
f 1604/2520/917 1605/2521/917 1606/2522/918 1607/2523/918 

vt -289.649 99.0252
vt -288.248 99.0252
v 8070.81 125.358 -5706.11
vt -288.453 101.65
vn -0.890077 0.410272 -0.198594
v 8076.29 125.358 -5730.67
vt -289.444 101.65
f 1607/2524/918 1606/2525/918 1608/2526/919 1609/2527/919 

vt -289.444 121.482
vt -288.453 121.482
v 8102.71 184.954 -5711.88
vt -288.948 124.107
vn -0.87248 0.448199 -0.194667
f 1609/2528/919 1608/2529/919 1610/2530/920

g Mesh231 Group3 Group1 Model

v 6823.79 0 -5643
vt 339.147 28.6165
vn 0.412898 0.354639 0.838896
v 6862.62 0 -5662.11
vt 340.851 28.6165
v 6848.61 62.3336 -5681.57
vt 340.695 31.2412
vn 0.40646 0.390924 0.825814
v 6816.91 62.3336 -5665.97
vt 339.304 31.2412
f 1611/2531/921 1612/2532/921 1613/2533/922 1614/2534/922 

vt 339.304 37.0407
vt 340.695 37.0407
v 6831.41 122.629 -5704.8
vt 340.491 39.6654
vn 0.390172 0.468356 0.792722
v 6808.99 122.629 -5693.77
vt 339.507 39.6654
f 1614/2535/922 1613/2536/922 1615/2537/923 1616/2538/923 

vt 339.507 46.278
vt 340.491 46.278
v 6805.22 180.011 -5729.74
vt 339.999 48.9027
vn 0.380094 0.50908 0.772247
f 1616/2539/923 1615/2540/923 1617/2541/924

g Mesh232 Group3 Group1 Model

v 8163.22 0 -5656.29
vt -292.442 87.8222
vn -0.914259 0.338386 -0.222769
v 8152.21 0 -5611.11
vt -290.611 87.8222
v 8175.14 62.7338 -5609.91
vt -290.779 90.4469
vn -0.897468 0.383056 -0.218678
v 8184.13 62.7338 -5646.81
vt -292.274 90.4469
f 1618/2542/925 1619/2543/925 1620/2544/926 1621/2545/926 

vt -292.274 113.394
vt -290.779 113.394
v 8204.1 123.022 -5608.58
vt -290.998 116.018
vn -0.852309 0.480042 -0.207674
v 8210.46 123.022 -5634.67
vt -292.055 116.018
f 1621/2546/926 1620/2547/926 1622/2548/927 1623/2549/927 

vt -292.055 143.119
vt -290.998 143.119
v 8241.71 179.492 -5613.23
vt -291.526 145.744
vn -0.822964 0.531527 -0.200524
f 1623/2550/927 1622/2551/927 1624/2552/928

g Mesh233 Group3 Group1 Model

v 7925.69 0 -5555.92
vt -344.237 -51.203
vn -0.158909 0.313284 -0.93627
v 7884.48 0 -5548.93
vt -342.592 -51.203
v 7891.75 63.3106 -5528.98
vt -342.743 -48.5783
vn -0.156677 0.351146 -0.923119
v 7925.4 63.3106 -5534.69
vt -344.086 -48.5783
f 1625/2553/929 1626/2554/929 1627/2555/930 1628/2556/930 

vt -344.086 -60.8704
vt -342.743 -60.8704
v 7901.02 124.742 -5504.28
vt -342.939 -58.2457
vn -0.150798 0.433437 -0.888477
v 7924.81 124.742 -5508.32
vt -343.89 -58.2457
f 1628/2557/930 1627/2558/930 1629/2559/931 1630/2560/931 

vt -343.89 -72.8275
vt -342.939 -72.8275
v 7918.24 183.322 -5474.93
vt -343.415 -70.2029
vn -0.147035 0.477377 -0.866309
f 1630/2561/931 1629/2562/931 1631/2563/932

g Mesh234 Group3 Group1 Model

v 6621.05 0 -5548.1
vt 162.026 73.5879
vn -0.356593 0.246103 0.901263
v 6663.61 0 -5531.26
vt 163.828 73.5879
v 6665.74 64.6162 -5548.06
vt 163.663 76.2126
vn -0.350907 0.300479 0.886891
v 6631 64.6162 -5561.81
vt 162.192 76.2126
f 1632/2564/933 1633/2565/933 1634/2566/934 1635/2567/934 

vt 162.192 108.427
vt 163.663 108.427
v 6669.33 126.969 -5572.01
vt 163.447 111.051
vn -0.332641 0.42724 0.840724
v 6644.76 126.969 -5581.73
vt 162.407 111.051
f 1635/2568/934 1634/2569/934 1636/2570/935 1637/2571/935 

vt 162.407 153.989
vt 163.447 153.989
v 6669.26 184.785 -5607.73
vt 162.927 156.614
vn -0.319069 0.497873 0.806423
f 1637/2572/935 1636/2573/935 1638/2574/936

g Mesh235 Group3 Group1 Model

v 7605.9 0 -4924.4
vt -316.738 29.0699
vn -0.854983 0.177139 -0.487469
v 7583.68 0 -4885.43
vt -314.972 29.0699
v 7595.98 65.6124 -4883.15
vt -315.134 31.6946
vn -0.851167 0.200011 -0.485293
v 7614.12 65.6124 -4914.97
vt -316.576 31.6946
f 1639/2575/937 1640/2576/937 1641/2577/938 1642/2578/938 

vt -316.576 39.181
vt -315.134 39.181
v 7611.54 130.604 -4880.46
vt -315.345 41.8057
vn -0.840877 0.25115 -0.479426
v 7624.37 130.604 -4902.96
vt -316.365 41.8057
f 1642/2579/938 1641/2580/938 1643/2581/939 1644/2582/939 

vt -316.365 51.0674
vt -315.345 51.0674
v 7634.13 194.617 -4882.48
vt -315.855 53.6921
vn -0.834147 0.27931 -0.475589
f 1644/2583/939 1643/2584/939 1645/2585/940

g Mesh236 Group3 Group1 Model

v 7799.97 0 -5578.31
vt 370.975 -24.2042
vn 0.678124 0.345381 0.648737
v 7831.05 0 -5610.8
vt 372.745 -24.2042
v 7811.56 62.5642 -5623.73
vt 372.583 -21.5796
vn 0.639881 0.464567 0.612151
v 7786.18 62.5642 -5597.21
vt 371.137 -21.5796
f 1646/2586/941 1647/2587/941 1648/2588/942 1649/2589/942 

vt 371.137 -37.82
vt 372.583 -37.82
v 7780.1 117.068 -5646.39
vt 372.371 -35.1953
vn 0.499783 0.722228 0.478125
v 7762.16 117.068 -5627.63
vt 371.349 -35.1953
f 1649/2590/942 1648/2591/942 1650/2592/943 1651/2593/943 

vt 371.349 -54.461
vt 372.371 -54.461
v 7730.58 153.066 -5675.8
vt 371.86 -51.8364
vn 0.390181 0.841681 0.373272
f 1651/2594/943 1650/2595/943 1652/2596/944

g Mesh237 Group3 Group1 Model

v 7490.25 0 -5071.21
vt 55.2724 184.997
vn -0.621786 0.525849 0.580401
v 7523.21 0 -5035.89
vt 57.1744 184.997
v 7545.82 56.7052 -5063.05
vt 56.9999 187.622
vn -0.596437 0.57819 0.556739
v 7518.9 56.7052 -5091.89
vt 55.4469 187.622
f 1653/2597/945 1654/2598/945 1655/2599/946 1656/2600/946 

vt 55.4469 223.627
vt 56.9999 223.627
v 7572.49 108.573 -5095.85
vt 56.7725 226.252
vn -0.53343 0.683757 0.497926
v 7553.46 108.573 -5116.24
vt 55.6743 226.252
f 1656/2601/946 1655/2602/946 1657/2603/947 1658/2604/947 

vt 55.6743 263.898
vt 56.7725 263.898
v 7598.82 153.737 -5139.51
vt 56.2234 266.523
vn -0.495234 0.735559 0.462272
f 1658/2605/947 1657/2606/947 1659/2607/948

g Mesh238 Group3 Group1 Model

v 7103.41 0 -5737.27
vt -89.0217 82.8385
vn -0.883219 0.237843 0.404172
v 7120.8 0 -5699.29
vt -87.3771 82.8385
v 7133.62 64.7536 -5709.37
vt -87.528 85.4632
vn -0.865794 0.305659 0.396198
v 7119.43 64.7536 -5740.39
vt -88.8708 85.4632
f 1660/2608/949 1661/2609/949 1662/2610/950 1663/2611/950 

vt -88.8708 132.148
vt -87.528 132.148
v 7154.09 126.637 -5724.23
vt -87.7247 134.773
vn -0.803315 0.468562 0.367607
v 7144.05 126.637 -5746.16
vt -88.6742 134.773
f 1663/2612/950 1662/2613/950 1664/2614/951 1665/2615/951 

vt -88.6742 200.019
vt -87.7247 200.019
v 7183.01 181.876 -5750.73
vt -88.1994 202.643
vn -0.753449 0.559853 0.344788
f 1665/2616/951 1664/2617/951 1666/2618/952

g Mesh239 Group3 Group1 Model

v 7806.5 0 -5896.79
vt 8.09653 -177.459
vn 0.719249 0.460831 -0.519919
v 7780 0 -5933.45
vt 9.87733 -177.459
v 7757.53 59.1658 -5912.09
vt 9.71394 -174.835
vn 0.646104 0.60367 -0.467046
v 7779.17 59.1658 -5882.16
vt 8.25992 -174.835
f 1667/2619/953 1668/2620/953 1669/2621/954 1670/2622/954 

vt 8.25992 -278.357
vt 9.71394 -278.357
v 7721.3 104.781 -5879.22
vt 9.501 -275.732
vn 0.408971 0.863334 -0.29563
v 7736.6 104.781 -5858.06
vt 8.47286 -275.732
f 1670/2623/954 1669/2624/954 1671/2625/955 1672/2626/955 

vt 8.47286 -363.168
vt 9.501 -363.168
v 7677.4 124.761 -5831.38
vt 8.98693 -360.543
vn 0.242887 0.954033 -0.175574
f 1672/2627/955 1671/2628/955 1673/2629/956

g Mesh240 Group3 Group1 Model

v 6187.06 0 -5942.02
vt -333.239 14.1923
vn -0.773456 0.258574 -0.57871
v 6158.71 0 -5904.13
vt -331.376 14.1923
v 6175.11 64.3994 -5897.28
vt -331.547 16.817
vn -0.761802 0.307847 -0.56999
v 6198.26 64.3994 -5928.21
vt -333.068 16.817
f 1674/2630/957 1675/2631/957 1676/2632/958 1677/2633/958 

vt -333.068 22.1675
vt -331.547 22.1675
v 6197.52 126.691 -5887.58
vt -331.769 24.7922
vn -0.726445 0.420531 -0.543536
v 6213.89 126.691 -5909.45
vt -332.845 24.7922
f 1677/2634/958 1676/2635/958 1678/2636/959 1679/2637/959 

vt -332.845 31.6418
vt -331.769 31.6418
v 6231.47 185.076 -5879.24
vt -332.307 34.2664
vn -0.701225 0.48271 -0.524666
f 1679/2638/959 1678/2639/959 1680/2640/960

g Mesh241 Group3 Group1 Model

v 7965.53 0 -4625.11
vt -355.842 9.78377
vn -0.652836 0.14004 -0.744442
v 7932.9 0 -4596.5
vt -354.133 9.78377
v 7942.05 66.0097 -4592.1
vt -354.29 12.4084
vn -0.649331 0.173521 -0.740445
v 7968.69 66.0097 -4615.47
vt -355.685 12.4084
f 1681/2641/961 1682/2642/961 1683/2643/962 1684/2644/962 

vt -355.685 17.0667
vt -354.29 17.0667
v 7955.04 131.235 -4585.16
vt -354.494 19.6914
vn -0.637511 0.255145 -0.726967
v 7973.88 131.235 -4601.68
vt -355.481 19.6914
f 1684/2645/962 1683/2646/962 1685/2647/963 1686/2648/963 

vt -355.481 26.3587
vt -354.494 26.3587
v 7977.77 194.771 -4578.24
vt -354.987 28.9833
vn -0.628368 0.302858 -0.716541
f 1686/2649/963 1685/2650/963 1687/2651/964

g Mesh242 Group3 Group1 Model

v 8306.37 0 -4726.18
vt -145.184 132.265
vn -0.91778 0.381044 0.111737
v 8312.2 0 -4678.33
vt -143.286 132.265
v 8336.88 61.6371 -4685.79
vt -143.46 134.89
vn -0.901768 0.418044 0.109788
v 8332.12 61.6371 -4724.86
vt -145.01 134.89
f 1688/2652/965 1689/2653/965 1690/2654/966 1691/2655/966 

vt -145.01 160.331
vt -143.46 160.331
v 8366.25 121.025 -4695.17
vt -143.687 162.956
vn -0.861751 0.496365 0.104916
v 8362.89 121.025 -4722.8
vt -144.783 162.956
f 1691/2656/966 1690/2657/966 1692/2658/967 1693/2659/967 

vt -144.783 191.678
vt -143.687 191.678
v 8400.12 177.254 -4713.31
vt -144.235 194.303
vn -0.837251 0.537235 0.101933
f 1693/2660/967 1692/2661/967 1694/2662/968

g Mesh243 Group3 Group1 Model

v 7339.34 0 -5604.23
vt 30.5321 -186.435
vn 0.722755 0.514626 -0.461287
v 7314.08 0 -5643.8
vt 32.3802 -186.435
v 7287.48 57.161 -5621.71
vt 32.2107 -183.81
vn 0.665763 0.613358 -0.424913
v 7308.1 57.161 -5589.4
vt 30.7017 -183.81
f 1695/2663/969 1696/2664/969 1697/2665/970 1698/2666/970 

vt 30.7017 -252.239
vt 32.2107 -252.239
v 7250.98 104.553 -5591.75
vt 31.9897 -249.614
vn 0.503101 0.802363 -0.321097
v 7265.56 104.553 -5568.91
vt 30.9227 -249.614
f 1698/2667/970 1697/2668/970 1699/2669/971 1700/2670/971 

vt 30.9227 -315.172
vt 31.9897 -315.172
v 7208.64 135.831 -5548.66
vt 31.4562 -312.548
vn 0.395483 0.883109 -0.252411
f 1700/2671/971 1699/2672/971 1701/2673/972

g Mesh244 Group3 Group1 Model

v 7443.32 0 -5684.5
vt 273.902 -61.7184
vn 0.951708 0.250016 0.178169
v 7451.47 0 -5728.04
vt 275.646 -61.7184
v 7434.34 64.5495 -5727.11
vt 275.486 -59.0937
vn 0.942336 0.284396 0.176415
v 7427.69 64.5495 -5691.56
vt 274.062 -59.0937
f 1702/2674/973 1703/2675/973 1704/2676/974 1705/2677/974 

vt 274.062 -75.9852
vt 275.486 -75.9852
v 7412.5 127.746 -5725.81
vt 275.277 -73.3605
vn 0.916695 0.360859 0.171615
v 7407.8 127.746 -5700.68
vt 274.27 -73.3605
f 1705/2678/974 1704/2679/974 1706/2680/975 1707/2681/975 

vt 274.27 -94.1731
vt 275.277 -94.1731
v 7383.77 188.772 -5718.18
vt 274.774 -91.5484
vn 0.899758 0.40257 0.168444
f 1707/2682/975 1706/2683/975 1708/2684/976

g Mesh245 Group3 Group1 Model

v 7292.86 0 -5902.37
vt 294.665 -75.6772
vn 0.912847 0.339768 0.226423
v 7303.11 0 -5943.69
vt 296.341 -75.6772
v 7280.18 62.7006 -5945.35
vt 296.187 -73.0525
vn 0.899956 0.374499 0.223226
v 7271.81 62.7006 -5911.62
vt 294.819 -73.0525
f 1709/2685/977 1710/2686/977 1711/2687/978 1712/2688/978 

vt 294.819 -88.4157
vt 296.187 -88.4157
v 7252.51 123.545 -5946.97
vt 295.987 -85.791
vn 0.86733 0.44884 0.215133
v 7246.59 123.545 -5923.12
vt 295.019 -85.791
f 1712/2689/978 1711/2690/978 1713/2691/979 1714/2692/979 

vt 295.019 -103.507
vt 295.987 -103.507
v 7217.97 181.731 -5942.88
vt 295.503 -100.883
vn 0.847127 0.488082 0.210122
f 1714/2693/979 1713/2694/979 1715/2695/980

g Mesh246 Group3 Group1 Model

v 7191.35 0 -5683.32
vt 41.6202 95.9767
vn -0.681976 0.267749 0.680602
v 7222.88 0 -5651.73
vt 43.3773 95.9767
v 7232.62 64.2326 -5667.24
vt 43.216 98.6014
vn -0.676362 0.294805 0.674999
v 7206.88 64.2326 -5693.03
vt 41.7814 98.6014
f 1716/2696/981 1717/2697/981 1718/2698/982 1719/2699/982 

vt 41.7814 117.91
vt 43.216 117.91
v 7244.02 127.357 -5686.16
vt 43.006 120.535
vn -0.662151 0.353381 0.660816
v 7225.82 127.357 -5704.4
vt 41.9915 120.535
f 1719/2700/982 1718/2701/982 1720/2702/983 1721/2703/983 

vt 41.9915 143.134
vt 43.006 143.134
v 7253.08 188.892 -5713.4
vt 42.4987 145.759
vn -0.653337 0.384734 0.65202
f 1721/2704/983 1720/2705/983 1722/2706/984

g Mesh247 Group3 Group1 Model

v 8222.79 0 -4848.42
vt -0.139211 172.416
vn -0.765572 0.458777 0.451023
v 8247.2 0 -4806.99
vt 1.7535 172.416
v 8271.31 59.2367 -4826.32
vt 1.57984 175.041
vn -0.746757 0.498807 0.439938
v 8251.39 59.2367 -4860.14
vt 0.0344481 175.041
f 1723/2707/985 1724/2708/985 1725/2709/986 1726/2710/986 

vt 0.0344481 204.728
vt 1.57984 204.728
v 8299.28 115.442 -4849.47
vt 1.35352 207.353
vn -0.700858 0.581646 0.412898
v 8285.19 115.442 -4873.39
vt 0.260765 207.353
f 1726/2711/986 1725/2712/986 1727/2713/987 1728/2714/987 

vt 0.260765 239.643
vt 1.35352 239.643
v 8328.07 167.544 -4882.54
vt 0.807144 242.268
vn -0.673366 0.623864 0.396701
f 1728/2715/987 1727/2716/987 1729/2717/988

g Mesh248 Group3 Group1 Model

v 8340.04 0 -5482.43
vt 391.292 -11.6627
vn 0.589694 0.324509 0.739564
v 8376.4 0 -5511.42
vt 393.123 -11.6627
v 8359.57 63.0589 -5525.68
vt 392.955 -9.03804
vn 0.581878 0.358982 0.729761
v 8329.89 63.0589 -5502.01
vt 391.46 -9.03804
f 1730/2718/989 1731/2719/989 1732/2720/990 1733/2721/990 

vt 391.46 -11.5056
vt 392.955 -11.5056
v 8338.89 124.362 -5542.7
vt 392.736 -8.88097
vn 0.561913 0.433152 0.704722
v 8317.9 124.362 -5525.96
vt 391.679 -8.88097
f 1733/2722/990 1732/2723/990 1734/2724/991 1735/2725/991 

vt 391.679 -11.7761
vt 392.736 -11.7761
v 8308.76 183.118 -5558.95
vt 392.207 -9.15144
vn 0.549454 0.472488 0.689097
f 1735/2726/991 1734/2727/991 1736/2728/992

g Mesh249 Group3 Group1 Model

v 8129.62 0 -4351.5
vt 148.772 -121.577
vn 0.927938 0.36714 -0.0643345
v 8126.17 0 -4401.2
vt 150.733 -121.577
v 8102.07 62.011 -4394.94
vt 150.553 -118.953
vn 0.900922 0.429462 -0.0624615
v 8104.88 62.011 -4354.37
vt 148.952 -118.953
f 1737/2729/993 1738/2730/993 1739/2731/994 1740/2732/994 

vt 148.952 -159.595
vt 150.553 -159.595
v 8069.91 120.133 -4386.74
vt 150.318 -156.971
vn 0.823233 0.564827 -0.0570753
v 8071.9 120.133 -4358.05
vt 149.186 -156.971
f 1740/2733/994 1739/2734/994 1741/2735/995 1742/2736/995 

vt 149.186 -205.344
vt 150.318 -205.344
v 8028.64 171.61 -4369.47
vt 149.752 -202.72
vn 0.770297 0.635446 -0.0534051
f 1742/2737/995 1741/2738/995 1743/2739/996

g Mesh250 Group3 Group1 Model

v 8084.06 0 -5863.45
vt -66.637 53.6038
vn -0.888663 0.138338 0.437197
v 8104.05 0 -5822.82
vt -64.8542 53.6038
v 8110.5 66.0257 -5830.62
vt -65.0178 56.2285
vn -0.886661 0.153461 0.436212
v 8094.17 66.0257 -5863.8
vt -66.4734 56.2285
f 1744/2740/997 1745/2741/997 1746/2742/998 1747/2743/998 

vt -66.4734 67.9336
vt -65.0178 67.9336
v 8118.19 131.739 -5840.44
vt -65.2309 70.5583
vn -0.881486 0.186856 0.433666
v 8106.65 131.739 -5863.9
vt -66.2602 70.5583
f 1747/2744/998 1746/2745/998 1748/2746/999 1749/2747/999 

vt -66.2602 84.7142
vt -65.2309 84.7142
v 8124.69 196.988 -5858.2
vt -65.7456 87.3389
vn -0.878215 0.205099 0.432057
f 1749/2748/999 1748/2749/999 1750/2750/1000

g Mesh251 Group3 Group1 Model

v 6783.65 0 -5891.71
vt 290.093 30.4286
vn 0.104494 0.150317 0.9831
v 6831.24 0 -5896.76
vt 291.978 30.4286
v 6825.82 65.9092 -5906.27
vt 291.805 33.0533
vn 0.104141 0.170826 0.979782
v 6786.96 65.9092 -5902.14
vt 290.266 33.0533
f 1751/2751/1001 1752/2752/1001 1753/2753/1002 1754/2754/1002 

vt 290.266 41.3394
vt 291.805 41.3394
v 6818.78 131.345 -5918.34
vt 291.58 43.9641
vn 0.103174 0.217083 0.970685
v 6791.3 131.345 -5915.42
vt 290.492 43.9641
f 1754/2755/1002 1753/2756/1002 1755/2757/1003 1756/2758/1003 

vt 290.492 54.3745
vt 291.58 54.3745
v 6803.33 196.018 -5932.97
vt 291.036 56.9992
vn 0.102533 0.242754 0.964654
f 1756/2759/1003 1755/2760/1003 1757/2761/1004

g Mesh252 Group3 Group1 Model

v 7382.82 0 -5322.34
vt 310.205 -49.5176
vn 0.876819 0.276102 0.393644
v 7402.42 0 -5366
vt 312.089 -49.5176
v 7383.83 64.0752 -5369.53
vt 311.916 -46.8929
vn 0.869644 0.30214 0.390423
v 7367.83 64.0752 -5333.89
vt 310.378 -46.8929
f 1758/2762/1005 1759/2763/1005 1760/2764/1006 1761/2765/1006 

vt 310.378 -56.1962
vt 311.916 -56.1962
v 7361.54 127.055 -5373.27
vt 311.691 -53.5716
vn 0.85175 0.358191 0.382389
v 7350.22 127.055 -5348.06
vt 310.603 -53.5716
f 1761/2766/1006 1760/2767/1006 1762/2768/1007 1763/2769/1007 

vt 310.603 -64.3705
vt 311.691 -64.3705
v 7332.28 188.497 -5371.26
vt 311.147 -61.7458
vn 0.840791 0.388056 0.377469
f 1763/2770/1007 1762/2771/1007 1764/2772/1008

g Mesh253 Group3 Group1 Model

v 8391.67 0 -5009.13
vt 333.639 -100.166
vn 0.743524 0.522665 0.417125
v 8411.61 0 -5044.67
vt 335.244 -100.166
v 8379.39 56.8359 -5058.46
vt 335.096 -97.5417
vn 0.711267 0.578685 0.399028
v 8363.11 56.8359 -5029.44
vt 333.786 -97.5417
f 1765/2773/1009 1766/2774/1009 1767/2775/1010 1768/2776/1010 

vt 333.786 -118.538
vt 335.096 -118.538
v 8340.26 108.495 -5074.83
vt 334.905 -115.913
vn 0.629945 0.691574 0.353405
v 8328.75 108.495 -5054.3
vt 333.978 -115.913
f 1768/2777/1010 1767/2778/1010 1769/2779/1011 1770/2780/1011 

vt 333.978 -137.996
vt 334.905 -137.996
v 8291.09 152.84 -5088.92
vt 334.441 -135.371
vn 0.580115 0.746692 0.32545
f 1770/2781/1011 1769/2782/1011 1771/2783/1012

g Mesh254 Group3 Group1 Model

v 6893.22 0 -5370.05
vt 343.361 -2.41086
vn 0.657877 0.113369 0.744543
v 6926.82 0 -5399.74
vt 345.126 -2.41086
v 6918.74 66.2369 -5402.68
vt 344.964 0.213811
vn 0.656564 0.12958 0.743057
v 6891.3 66.2369 -5378.43
vt 343.523 0.213811
f 1772/2784/1013 1773/2785/1013 1774/2786/1014 1775/2787/1014 

vt 343.523 -0.476313
vt 344.964 -0.476313
v 6908.28 132.192 -5406.41
vt 344.753 2.14836
vn 0.652907 0.166466 0.738919
v 6888.88 132.192 -5389.26
vt 343.734 2.14836
f 1775/2788/1014 1774/2789/1014 1776/2790/1015 1777/2791/1015 

vt 343.734 1.26091
vt 344.753 1.26091
v 6890.32 197.681 -5407.18
vt 344.243 3.88558
vn 0.650453 0.187102 0.736141
f 1777/2792/1015 1776/2793/1015 1778/2794/1016

g Mesh255 Group3 Group1 Model

v 8002.86 0 -5728.52
vt -386.77 7.78533
vn -0.593955 0.333415 -0.732156
v 7967.33 0 -5699.7
vt -384.968 7.78533
v 7984.59 62.852 -5685.08
vt -385.134 10.41
vn -0.583918 0.375432 -0.719785
v 8013.6 62.852 -5708.62
vt -386.604 10.41
f 1779/2795/1017 1780/2796/1017 1781/2797/1018 1782/2798/1018 

vt -386.604 12.3439
vt -385.134 12.3439
v 8006.34 123.455 -5666.96
vt -385.349 14.9686
vn -0.557237 0.466544 -0.686894
v 8026.85 123.455 -5683.6
vt -386.389 14.9686
f 1782/2799/1018 1781/2800/1018 1783/2801/1019 1784/2802/1019 

vt -386.389 17.2047
vt -385.349 17.2047
v 8038.23 180.603 -5648.62
vt -385.869 19.8293
vn -0.540049 0.514956 -0.665708
f 1784/2803/1019 1783/2804/1019 1785/2805/1020

g Mesh256 Group3 Group1 Model

v 6805.09 0 -5495.18
vt 264.382 -89.7333
vn 0.89608 0.406673 0.177925
v 6814.36 0 -5541.85
vt 266.255 -89.7333
v 6786.91 60.9049 -5542.84
vt 266.083 -87.1086
vn 0.84382 0.509799 0.167548
v 6779.35 60.9049 -5504.74
vt 264.553 -87.1086
f 1786/2806/1021 1787/2807/1021 1788/2808/1022 1789/2809/1022 

vt 264.553 -131.173
vt 266.083 -131.173
v 6746.18 113.933 -5545.13
vt 265.859 -128.549
vn 0.676009 0.724566 0.134228
v 6740.82 113.933 -5518.19
vt 264.777 -128.549
f 1789/2810/1022 1788/2811/1022 1790/2812/1023 1791/2813/1023 

vt 264.777 -177.248
vt 265.859 -177.248
v 6689.57 151.635 -5542.37
vt 265.318 -174.623
vn 0.554706 0.824724 0.110142
f 1791/2814/1023 1790/2815/1023 1792/2816/1024

g Mesh257 Group3 Group1 Model

v 7568.06 0 -4904.43
vt -354.881 3.58394
vn -0.537954 0.327808 -0.776626
v 7532.76 0 -4879.98
vt -353.191 3.58394
v 7548.45 62.983 -4864.26
vt -353.346 6.20862
vn -0.529001 0.370023 -0.763702
v 7577.27 62.983 -4884.22
vt -354.726 6.20862
f 1793/2817/1025 1794/2818/1025 1795/2819/1026 1796/2820/1026 

vt -354.726 7.11283
vt -353.346 7.11283
v 7568.29 123.744 -4844.64
vt -353.548 9.7375
vn -0.50506 0.461813 -0.729139
v 7588.67 123.744 -4858.75
vt -354.524 9.7375
f 1796/2821/1026 1795/2822/1026 1797/2823/1027 1798/2824/1027 

vt -354.524 10.763
vt -353.548 10.763
v 7597.86 181.062 -4823.71
vt -354.036 13.3877
vn -0.489564 0.510694 -0.706767
f 1798/2825/1027 1797/2826/1027 1799/2827/1028

g Mesh258 Group3 Group1 Model

v 7095.62 0 -5556.75
vt -248.233 75.6582
vn -0.948619 0.298414 -0.10522
v 7090.58 0 -5511.29
vt -246.432 75.6582
v 7110.81 63.6291 -5513.27
vt -246.598 78.2829
vn -0.939091 0.327502 -0.104163
v 7114.93 63.6291 -5550.38
vt -248.068 78.2829
f 1800/2828/1029 1801/2829/1029 1802/2830/1030 1803/2831/1030 

vt -248.068 92.9496
vt -246.598 92.9496
v 7135.02 125.921 -5516.09
vt -246.813 95.5743
vn -0.915182 0.390049 -0.101511
v 7137.94 125.921 -5542.33
vt -247.853 95.5743
f 1803/2832/1030 1802/2833/1030 1804/2834/1031 1805/2835/1031 

vt -247.853 112.54
vt -246.813 112.54
v 7164.53 186.32 -5526.1
vt -247.333 115.164
vn -0.900468 0.423298 -0.0998791
f 1805/2836/1031 1804/2837/1031 1806/2838/1032

g Mesh259 Group3 Group1 Model

v 8349.96 0 -5325.91
vt -15.5958 197.527
vn -0.744668 0.506992 0.434084
v 8373.07 0 -5286.27
vt -13.7892 197.527
v 8400.15 57.4634 -5306.93
vt -13.955 200.151
vn -0.719338 0.553828 0.419319
v 8381.28 57.4634 -5339.3
vt -15.43 200.151
f 1807/2839/1033 1808/2840/1033 1809/2841/1034 1810/2842/1034 

vt -15.43 235.972
vt -13.955 235.972
v 8431.89 110.848 -5331.78
vt -14.171 238.596
vn -0.657112 0.649215 0.383046
v 8418.55 110.848 -5354.67
vt -15.214 238.596
f 1810/2843/1034 1809/2844/1034 1811/2845/1035 1812/2846/1035 

vt -15.214 276.618
vt -14.171 276.618
v 8465.35 158.668 -5366.61
vt -14.6925 279.243
vn -0.619695 0.69677 0.361234
f 1812/2847/1035 1811/2848/1035 1813/2849/1036

g Mesh260 Group3 Group1 Model

v 7879.59 0 -5539.98
vt -130.519 105.384
vn -0.922739 0.295979 0.246879
v 7891.52 0 -5495.37
vt -128.701 105.384
v 7909.49 63.6796 -5504.56
vt -128.868 108.009
vn -0.895353 0.375444 0.239552
v 7899.75 63.6796 -5540.98
vt -130.352 108.009
f 1814/2850/1037 1815/2851/1037 1816/2852/1038 1817/2853/1038 

vt -130.352 163.607
vt -128.868 163.607
v 7937.19 123.139 -5517.69
vt -129.085 166.232
vn -0.801448 0.558302 0.214428
v 7930.3 123.139 -5543.44
vt -130.135 166.232
f 1817/2854/1038 1816/2855/1038 1818/2856/1039 1819/2857/1039 

vt -130.135 238.49
vt -129.085 238.49
v 7975.98 173.461 -5541.87
vt -129.61 241.114
vn -0.729181 0.655922 0.195092
f 1819/2858/1039 1818/2859/1039 1820/2860/1040

g Mesh261 Group3 Group1 Model

v 7593.76 0 -4973.46
vt 0.918206 -100.352
vn 0.804241 0.280798 -0.523782
v 7568.33 0 -5012.51
vt 2.75307 -100.352
v 7554.98 63.9845 -4998.72
vt 2.58472 -97.7269
vn 0.783402 0.354918 -0.51021
v 7575.74 63.9845 -4966.83
vt 1.08656 -97.7269
f 1821/2861/1041 1822/2862/1041 1823/2863/1042 1824/2864/1042 

vt 1.08656 -149.961
vt 2.58472 -149.961
v 7534.17 124.272 -4978.52
vt 2.36532 -147.337
vn 0.712074 0.527144 -0.463756
v 7548.85 124.272 -4955.97
vt 1.30596 -147.337
f 1824/2865/1042 1823/2866/1042 1825/2867/1043 1826/2868/1043 

vt 1.30596 -216.784
vt 2.36532 -216.784
v 7506.85 176.55 -4944.66
vt 1.83564 -214.159
vn 0.657095 0.620552 -0.42795
f 1826/2869/1043 1825/2870/1043 1827/2871/1044

g Mesh262 Group3 Group1 Model

v 8283.01 0 -5083.56
vt -41.1687 -110.084
vn 0.757208 0.28939 -0.585567
v 8252.6 0 -5122.88
vt -39.2119 -110.084
v 8240.13 63.8141 -5107.47
vt -39.3914 -107.459
vn 0.750254 0.317018 -0.580189
v 8264.96 63.8141 -5075.37
vt -40.9891 -107.459
f 1828/2872/1045 1829/2873/1045 1830/2874/1046 1831/2875/1046 

vt -40.9891 -128.382
vt -39.3914 -128.382
v 8225.61 126.403 -5088.72
vt -39.6254 -125.757
vn 0.732871 0.376429 -0.566746
v 8243.16 126.403 -5066.02
vt -40.7551 -125.757
f 1831/2876/1046 1830/2877/1046 1832/2878/1047 1833/2879/1047 

vt -40.7551 -149.994
vt -39.6254 -149.994
v 8212.86 187.267 -5060.73
vt -40.1903 -147.369
vn 0.722209 0.408034 -0.558501
f 1833/2880/1047 1832/2881/1047 1834/2882/1048

g Mesh263 Group3 Group1 Model

v 8266.94 0 -4832.74
vt -158.958 -149.742
vn 0.512433 0.438029 -0.738609
v 8226.81 0 -4860.58
vt -157.035 -149.742
v 8213.85 59.9307 -4834.03
vt -157.211 -147.117
vn 0.49776 0.487325 -0.71746
v 8246.61 59.9307 -4811.3
vt -158.782 -147.117
f 1835/2883/1049 1836/2884/1049 1837/2885/1050 1838/2886/1050 

vt -158.782 -180.322
vt -157.211 -180.322
v 8198.31 116.249 -4801.39
vt -157.441 -177.697
vn 0.460082 0.590385 -0.663152
v 8221.48 116.249 -4785.32
vt -158.552 -177.697
f 1838/2887/1050 1837/2888/1050 1839/2889/1051 1840/2890/1051 

vt -158.552 -214.67
vt -157.441 -214.67
v 8185.46 167.306 -4758.13
vt -157.996 -212.045
vn 0.436557 0.643016 -0.629244
f 1840/2891/1051 1839/2892/1051 1841/2893/1052

g Mesh264 Group3 Group1 Model

v 7175.87 0 -5933.49
vt -59.018 165.947
vn -0.767051 0.458666 0.448617
v 7199.93 0 -5892.36
vt -57.1422 165.947
v 7224.12 59.2406 -5911.57
vt -57.3143 168.572
vn -0.739926 0.51501 0.432752
v 7204.48 59.2406 -5945.16
vt -58.8459 168.572
f 1842/2894/1053 1843/2895/1053 1844/2896/1054 1845/2897/1054 

vt -58.8459 208.545
vt -57.3143 208.545
v 7254 114.053 -5935.65
vt -57.5386 211.17
vn -0.669063 0.631849 0.391308
v 7240.11 114.053 -5959.4
vt -58.6216 211.17
f 1845/2898/1054 1844/2899/1054 1846/2900/1055 1847/2901/1055 

vt -58.6216 254.974
vt -57.5386 254.974
v 7286.79 162.269 -5970.77
vt -58.0801 257.599
vn -0.624297 0.690606 0.365126
f 1847/2902/1055 1846/2903/1055 1848/2904/1056

g Mesh265 Group3 Group1 Model

v 7454.29 0 -5483.34
vt -271.027 81.6456
vn -0.922428 0.335344 -0.191497
v 7445.51 0 -5441.02
vt -269.325 81.6456
v 7468.2 62.8064 -5440.36
vt -269.481 84.2703
vn -0.908179 0.373717 -0.188539
v 7475.38 62.8064 -5474.92
vt -270.871 84.2703
f 1849/2905/1057 1850/2906/1057 1851/2907/1058 1852/2908/1058 

vt -270.871 102.793
vt -269.481 102.793
v 7496.11 123.568 -5439.85
vt -269.685 105.418
vn -0.871182 0.456434 -0.180859
v 7501.19 123.568 -5464.28
vt -270.667 105.418
f 1852/2909/1058 1851/2910/1058 1853/2911/1059 1854/2912/1059 

vt -270.667 126.993
vt -269.685 126.993
v 7531.3 181.293 -5445.28
vt -270.176 129.618
vn -0.847792 0.500271 -0.176003
f 1854/2913/1059 1853/2914/1059 1855/2915/1060

g Mesh266 Group3 Group1 Model

v 6482.41 0 -5796.46
vt -339.197 -6.17618
vn -0.554298 0.132964 -0.821629
v 6441.31 0 -5768.73
vt -337.245 -6.17618
v 6450.04 66.0747 -5763.93
vt -337.424 -3.55151
vn -0.553164 0.147298 -0.819947
v 6483.6 66.0747 -5786.57
vt -339.018 -3.55151
f 1856/2916/1061 1857/2917/1061 1858/2918/1062 1859/2919/1062 

vt -339.018 -4.88273
vt -337.424 -4.88273
v 6460.98 131.865 -5758.31
vt -337.657 -2.25806
vn -0.55024 0.178918 -0.815613
v 6484.71 131.865 -5774.32
vt -338.784 -2.25806
f 1859/2920/1062 1858/2921/1062 1860/2922/1063 1861/2923/1063 

vt -338.784 -3.87027
vt -337.657 -3.87027
v 6480.16 197.236 -5755.47
vt -338.221 -1.2456
vn -0.548396 0.196182 -0.81288
f 1861/2924/1063 1860/2925/1063 1862/2926/1064

g Mesh267 Group3 Group1 Model

v 6951 0 -5400.44
vt -105.539 -100.796
vn 0.538321 0.305361 -0.785471
v 6916.69 0 -5423.96
vt -103.901 -100.796
v 6908.33 63.4824 -5405.01
vt -104.051 -98.1712
vn 0.531876 0.338862 -0.776068
v 6936.35 63.4824 -5385.81
vt -105.388 -98.1712
f 1863/2927/1065 1864/2928/1065 1865/2929/1066 1866/2930/1066 

vt -105.388 -120.154
vt -104.051 -120.154
v 6898.41 125.366 -5381.75
vt -104.247 -117.529
vn 0.51528 0.411345 -0.751852
v 6918.23 125.366 -5368.17
vt -105.193 -117.529
f 1866/2931/1066 1865/2932/1066 1867/2933/1067 1868/2934/1067 

vt -105.193 -143.331
vt -104.247 -143.331
v 6891.36 184.902 -5350.21
vt -104.72 -140.706
vn 0.50485 0.449998 -0.736633
f 1868/2935/1067 1867/2936/1067 1869/2937/1068

g Mesh268 Group3 Group1 Model

v 8231.32 0 -4823.78
vt 322.198 -23.609
vn 0.870583 0.122284 0.476584
v 8255.16 0 -4867.33
vt 324.153 -23.609
v 8245.82 66.1663 -4867.25
vt 323.973 -20.9844
vn 0.868841 0.137442 0.47563
v 8226.36 66.1663 -4831.69
vt 322.377 -20.9844
f 1870/2938/1069 1871/2939/1069 1872/2940/1070 1873/2941/1070 

vt 322.377 -26.8327
vt 323.973 -26.8327
v 8234.05 132.053 -4866.92
vt 323.74 -24.208
vn 0.86419 0.171369 0.473084
v 8220.29 132.053 -4841.78
vt 322.611 -24.208
f 1873/2942/1070 1872/2943/1070 1874/2944/1071 1875/2945/1071 

vt 322.611 -31.4621
vt 323.74 -31.4621
v 8216.05 197.503 -4860.44
vt 323.175 -28.8374
vn 0.86117 0.190106 0.47143
f 1875/2946/1071 1874/2947/1071 1876/2948/1072

g Mesh269 Group3 Group1 Model

v 7481.76 0 -5096
vt -165.751 104.815
vn -0.937059 0.332213 0.107499
v 7487.11 0 -5049.41
vt -163.905 104.815
v 7508.62 62.8803 -5056.21
vt -164.074 107.439
vn -0.921322 0.374158 0.105694
v 7504.26 62.8803 -5094.25
vt -165.582 107.439
f 1877/2949/1073 1878/2950/1073 1879/2951/1074 1880/2952/1074 

vt -165.582 133.659
vt -164.074 133.659
v 7535.49 123.524 -5064.94
vt -164.295 136.284
vn -0.879462 0.465153 0.100892
v 7532.4 123.524 -5091.83
vt -165.361 136.284
f 1880/2953/1074 1879/2954/1074 1881/2955/1075 1882/2956/1075 

vt -165.361 167.199
vt -164.295 167.199
v 7567.96 180.729 -5082.29
vt -164.828 169.824
vn -0.852484 0.513523 0.0977968
f 1882/2957/1075 1881/2958/1075 1883/2959/1076

g Mesh270 Group3 Group1 Model

v 8182.6 0 -5637.65
vt 349.283 48.6972
vn 0.130381 0.276377 0.952164
v 8224.36 0 -5643.37
vt 350.942 48.6972
v 8218.03 64.07 -5661.1
vt 350.79 51.3218
vn 0.128585 0.318815 0.939054
v 8183.93 64.07 -5656.43
vt 349.435 51.3218
f 1884/2960/1077 1885/2961/1077 1886/2962/1078 1887/2963/1078 

vt 349.435 66.1555
vt 350.79 66.1555
v 8209.77 126.251 -5684.24
vt 350.591 68.7801
vn 0.123522 0.41352 0.902077
v 8185.67 126.251 -5680.93
vt 349.633 68.7801
f 1887/2964/1078 1886/2965/1078 1888/2966/1079 1889/2967/1079 

vt 349.633 87.12
vt 350.591 87.12
v 8193.51 185.269 -5713.3
vt 350.112 89.7447
vn 0.120101 0.465056 0.877096
f 1889/2968/1079 1888/2969/1079 1890/2970/1080

g Mesh271 Group3 Group1 Model

v 6910.5 0 -5496.59
vt -26.2571 -99.3688
vn 0.702592 0.286661 -0.651299
v 6879.5 0 -5530.03
vt -24.4619 -99.3688
v 6868.33 63.8688 -5513.97
vt -24.6266 -96.7441
vn 0.695705 0.316352 -0.644915
v 6893.64 63.8688 -5486.67
vt -26.0924 -96.7441
f 1891/2971/1081 1892/2972/1081 1893/2973/1082 1894/2974/1082 

vt -26.0924 -117.227
vt -24.6266 -117.227
v 6855.14 126.424 -5494.3
vt -24.8413 -114.602
vn 0.678189 0.380558 -0.628677
v 6873.03 126.424 -5475
vt -25.8777 -114.602
f 1894/2975/1082 1893/2976/1082 1895/2977/1083 1896/2978/1083 

vt -25.8777 -138.587
vt -24.8413 -138.587
v 6843.8 187.084 -5465.85
vt -25.3595 -135.962
vn 0.667286 0.414849 -0.618571
f 1896/2979/1083 1895/2980/1083 1897/2981/1084

g Mesh272 Group3 Group1 Model

v 6978.33 0 -5847.76
vt 28.1344 150.367
vn -0.647426 0.420792 0.635432
v 7012.22 0 -5813.23
vt 30.0394 150.367
v 7029.13 60.4771 -5836.04
vt 29.8646 152.991
vn -0.634294 0.458378 0.622544
v 7001.46 60.4771 -5864.24
vt 28.3091 152.991
f 1898/2982/1085 1899/2983/1085 1900/2984/1086 1901/2985/1086 

vt 28.3091 179.558
vt 29.8646 179.558
v 7048.64 118.397 -5863.3
vt 29.6368 182.182
vn -0.602062 0.536981 0.590909
v 7029.07 118.397 -5883.23
vt 28.5369 182.182
f 1901/2986/1086 1900/2987/1086 1902/2988/1087 1903/2989/1087 

vt 28.5369 211.566
vt 29.6368 211.566
v 7066.33 172.822 -5900.23
vt 29.0869 214.191
vn -0.582637 0.57752 0.571844
f 1903/2990/1087 1902/2991/1087 1904/2992/1088

g Mesh273 Group3 Group1 Model

v 7257.82 0 -5488.73
vt -55.7816 -164.521
vn 0.6144 0.464903 -0.637478
v 7224.24 0 -5521.1
vt -53.9453 -164.521
v 7205.82 59.0241 -5495.81
vt -54.1138 -161.896
vn 0.557815 0.59487 -0.578768
v 7233.23 59.0241 -5469.38
vt -55.6131 -161.896
f 1905/2993/1089 1906/2994/1089 1907/2995/1090 1908/2996/1090 

vt -55.6131 -249.049
vt -54.1138 -249.049
v 7176.95 105.915 -5457.82
vt -54.3334 -246.424
vn 0.378251 0.838393 -0.392459
v 7196.33 105.915 -5439.13
vt -55.3935 -246.424
f 1908/2997/1090 1907/2998/1090 1909/2999/1091 1910/3000/1091 

vt -55.3935 -325.178
vt -54.3334 -325.178
v 7143.55 130.198 -5403.77
vt -54.8634 -322.553
vn 0.252769 0.931303 -0.262263
f 1910/3001/1091 1909/3002/1091 1911/3003/1092

g Mesh274 Group3 Group1 Model

v 8288.28 0 -5788.74
vt -397.989 1.78781
vn -0.540848 0.371238 -0.754762
v 8253.99 0 -5764.18
vt -396.328 1.78781
v 8271.55 61.9025 -5746.31
vt -396.481 4.41248
vn -0.532461 0.405405 -0.743056
v 8299.55 61.9025 -5766.37
vt -397.836 4.41248
f 1912/3004/1093 1913/3005/1093 1914/3006/1094 1915/3007/1094 

vt -397.836 4.73166
vt -396.481 4.73166
v 8292.7 121.801 -5725.46
vt -396.679 7.35633
vn -0.51171 0.477719 -0.714099
v 8312.5 121.801 -5739.64
vt -397.638 7.35633
f 1915/3008/1094 1914/3009/1094 1916/3010/1095 1917/3011/1095 

vt -397.638 7.68797
vt -396.679 7.68797
v 8322.62 178.926 -5704.62
vt -397.158 10.3126
vn -0.499109 0.515518 -0.696514
f 1917/3012/1095 1916/3013/1095 1918/3014/1096

g Mesh275 Group3 Group1 Model

v 6975.34 0 -5569.33
vt -345.569 20.7765
vn -0.714388 0.325465 -0.619453
v 6944.53 0 -5533.79
vt -343.717 20.7765
v 6963.75 63.0369 -5522.84
vt -343.887 23.4012
vn -0.702103 0.36934 -0.608801
v 6988.91 63.0369 -5551.85
vt -345.399 23.4012
f 1919/3015/1097 1920/3016/1097 1921/3017/1098 1922/3018/1098 

vt -345.399 28.9397
vt -343.887 28.9397
v 6988.21 123.77 -5509.07
vt -344.109 31.5644
vn -0.668847 0.465064 -0.579965
v 7006 123.77 -5529.59
vt -345.178 31.5644
f 1922/3019/1098 1921/3020/1098 1923/3021/1099 1924/3022/1099 

vt -345.178 38.1207
vt -344.109 38.1207
v 7023.1 180.871 -5496.79
vt -344.643 40.7454
vn -0.647116 0.516124 -0.561121
f 1924/3023/1099 1923/3024/1099 1925/3025/1100

g Mesh276 Group3 Group1 Model

v 6328.95 0 -5942.28
vt -333.653 33.2068
vn -0.738723 0.448022 -0.503552
v 6301.66 0 -5902.25
vt -331.746 33.2068
v 6328.85 59.6015 -5889.1
vt -331.921 35.8315
vn -0.705043 0.521482 -0.480594
v 6351.13 59.6015 -5921.78
vt -333.478 35.8315
f 1926/3026/1101 1927/3027/1101 1928/3028/1102 1929/3029/1102 

vt -333.478 46.4112
vt -331.921 46.4112
v 6364.68 113.367 -5871.68
vt -332.149 49.0359
vn -0.610559 0.673799 -0.416188
v 6380.44 113.367 -5894.79
vt -333.25 49.0359
f 1929/3030/1102 1928/3031/1102 1930/3032/1103 1931/3033/1103 

vt -333.25 60.4915
vt -332.149 60.4915
v 6413.8 157.563 -5855.13
vt -332.699 63.1162
vn -0.547783 0.748671 -0.373397
f 1931/3034/1103 1930/3035/1103 1932/3036/1104

g Mesh277 Group3 Group1 Model

v 7935.96 0 -5577.79
vt -249.56 -79.0464
vn 0.234228 0.273451 -0.932932
v 7896.58 0 -5587.67
vt -247.962 -79.0464
v 7895.76 64.1257 -5569.09
vt -248.109 -76.4217
vn 0.231804 0.306312 -0.923277
v 7927.9 64.1257 -5561.02
vt -249.414 -76.4217
f 1933/3037/1105 1934/3038/1105 1935/3039/1106 1936/3040/1106 

vt -249.414 -95.3218
vt -248.109 -95.3218
v 7894.96 126.849 -5546
vt -248.3 -92.6971
vn 0.225414 0.378283 -0.897825
v 7917.7 126.849 -5540.29
vt -249.222 -92.6971
f 1936/3041/1106 1935/3042/1106 1937/3043/1107 1938/3044/1107 

vt -249.222 -115.355
vt -248.3 -115.355
v 7899.56 187.441 -5516.18
vt -248.761 -112.731
vn 0.221319 0.417077 -0.881513
f 1938/3045/1107 1937/3046/1107 1939/3047/1108

g Mesh278 Group3 Group1 Model

v 8356.23 0 -5563.07
vt 199.418 -137.602
vn 0.91352 0.403263 -0.0534768
v 8353.63 0 -5607.47
vt 201.169 -137.602
v 8327.03 61.0056 -5601.82
vt 201.009 -134.978
vn 0.88374 0.46511 -0.0517334
v 8329.15 61.0056 -5565.57
vt 199.579 -134.978
f 1940/3048/1109 1941/3049/1109 1942/3050/1110 1943/3051/1110 

vt 199.579 -176.461
vt 201.009 -176.461
v 8292.42 117.755 -5594.47
vt 200.799 -173.837
vn 0.800989 0.596841 -0.0468892
v 8293.92 117.755 -5568.83
vt 199.788 -173.837
f 1943/3052/1110 1942/3053/1110 1944/3054/1111 1945/3055/1111 

vt 199.788 -221.622
vt 200.799 -221.622
v 8248.95 167.581 -5579.06
vt 200.294 -218.997
vn 0.746109 0.66439 -0.0436766
f 1945/3056/1111 1944/3057/1111 1946/3058/1112

g Mesh279 Group3 Group1 Model

v 7990.49 0 -5400.9
vt -260.565 -189.006
vn 0.159222 0.68432 -0.711586
v 7948.48 0 -5410.3
vt -258.87 -189.006
v 7942.38 48.6121 -5364.92
vt -259.026 -186.381
vn 0.119472 0.837042 -0.533936
v 7976.67 48.6121 -5357.24
vt -260.409 -186.381
f 1947/3059/1113 1948/3060/1113 1949/3061/1114 1950/3062/1114 

vt -260.409 -257.982
vt -259.026 -257.982
v 7933.68 70.8923 -5302.48
vt -259.228 -255.357
vn 0.019683 0.995929 -0.087966
v 7957.93 70.8923 -5297.05
vt -260.207 -255.357
f 1950/3063/1114 1949/3064/1114 1951/3065/1115 1952/3066/1115 

vt 260.207 268.887
vt 259.228 268.887
v 7931.43 60.2558 -5235.54
vt 259.717 266.262
vn -0.0348383 0.98719 0.155697
f 1952/3067/1115 1951/3068/1115 1953/3069/1116

g Mesh280 Group3 Group1 Model

v 8294.11 0 -5441.42
vt -351.31 85.4253
vn -0.743273 0.500738 -0.443629
v 8273.03 0 -5406.11
vt -349.69 85.4253
v 8303.63 57.7066 -5392.24
vt -349.839 88.0499
vn -0.700694 0.578034 -0.418215
v 8320.84 57.7066 -5421.08
vt -351.161 88.0499
f 1954/3070/1117 1955/3071/1117 1956/3072/1118 1957/3073/1118 

vt -351.161 113.547
vt -349.839 113.547
v 8343.39 108.343 -5374.24
vt -350.033 116.172
vn -0.584374 0.732703 -0.348789
v 8355.56 108.343 -5394.63
vt -350.968 116.172
f 1957/3074/1118 1956/3075/1118 1958/3076/1119 1959/3077/1119 

vt -350.968 142.366
vt -350.033 142.366
v 8395.58 147.856 -5356.91
vt -350.5 144.99
vn -0.508942 0.805421 -0.303767
f 1959/3078/1119 1958/3079/1119 1960/3080/1120

g Mesh281 Group3 Group1 Model

v 6895.42 0 -5336.9
vt 336.851 -20.6861
vn 0.715237 0.312683 0.625032
v 6925.21 0 -5370.99
vt 338.634 -20.6861
v 6906.78 63.3238 -5381.58
vt 338.47 -18.0614
vn 0.70741 0.342649 0.618193
v 6882.45 63.3238 -5353.75
vt 337.015 -18.0614
f 1961/3081/1121 1962/3082/1121 1963/3083/1122 1964/3084/1122 

vt 337.015 -22.0088
vt 338.47 -22.0088
v 6884.53 125.199 -5393.84
vt 338.257 -19.3841
vn 0.687847 0.406876 0.601097
v 6867.33 125.199 -5374.15
vt 337.228 -19.3841
f 1964/3085/1122 1963/3086/1122 1965/3087/1123 1966/3088/1123 

vt 337.228 -23.9522
vt 338.257 -23.9522
v 6853.79 185.036 -5403.34
vt 337.743 -21.3275
vn 0.675852 0.440907 0.590614
f 1966/3089/1123 1965/3090/1123 1967/3091/1124

g Mesh282 Group3 Group1 Model

v 7161.48 0 -5770.12
vt 311.79 -4.94222
vn 0.935829 0.0268472 0.35143
v 7176.68 0 -5810.59
vt 313.492 -4.94222
v 7173.61 66.6426 -5807.51
vt 313.336 -2.31755
vn 0.935696 0.0316876 0.351381
v 7161.2 66.6426 -5774.46
vt 311.946 -2.31755
f 1968/3092/1125 1969/3093/1125 1970/3094/1126 1971/3095/1126 

vt 311.946 -4.09966
vt 313.336 -4.09966
v 7169.51 133.265 -5803.52
vt 313.132 -1.47498
vn 0.935296 0.0431097 0.35123
v 7160.74 133.265 -5780.16
vt 312.15 -1.47498
f 1971/3096/1126 1970/3097/1126 1972/3098/1127 1973/3099/1127 

vt 312.15 -3.8989
vt 313.132 -3.8989
v 7162.03 199.849 -5793
vt 312.641 -1.27423
vn 0.93501 0.0496902 0.351123
f 1973/3100/1127 1972/3101/1127 1974/3102/1128

g Mesh283 Group3 Group1 Model

v 8176.06 0 -4548.47
vt -351.703 -31.9267
vn -0.195555 0.291612 -0.936334
v 8130.29 0 -4538.91
vt -349.863 -31.9267
v 8138.47 63.7691 -4520.76
vt -350.031 -29.302
vn -0.193137 0.327902 -0.924758
v 8175.84 63.7691 -4528.56
vt -351.535 -29.302
f 1975/3103/1129 1976/3104/1129 1977/3105/1130 1978/3106/1130 

vt -351.535 -37.2038
vt -350.031 -37.2038
v 8148.9 125.87 -4498.16
vt -350.252 -34.5791
vn -0.186714 0.407306 -0.894002
v 8175.32 125.87 -4503.68
vt -351.314 -34.5791
f 1978/3107/1130 1977/3108/1130 1979/3109/1131 1980/3110/1131 

vt -351.314 -44.0668
vt -350.252 -44.0668
v 8168.24 185.405 -4471.56
vt -350.783 -41.4421
vn -0.182572 0.449987 -0.874173
f 1980/3111/1131 1979/3112/1131 1981/3113/1132

g Mesh284 Group3 Group1 Model

v 7988.17 0 -4518.62
vt 361.069 7.27014
vn 0.387785 0.535962 0.749912
v 8025.99 0 -4538.18
vt 362.745 7.27014
v 8006.1 56.2828 -4568.12
vt 362.591 9.89481
vn 0.34523 0.659623 0.667618
v 7975.23 56.2828 -4552.15
vt 361.223 9.89481
f 1982/3114/1133 1983/3115/1133 1984/3116/1134 1985/3117/1134 

vt 361.223 12.9114
vt 362.591 12.9114
v 7978.08 99.0166 -4611.23
vt 362.391 15.5361
vn 0.221029 0.876611 0.427434
v 7956.25 99.0166 -4599.94
vt 361.423 15.5361
f 1985/3118/1134 1984/3119/1134 1986/3120/1135 1987/3121/1135 

vt 361.423 17.368
vt 362.391 17.368
v 7937.98 119.242 -4662.02
vt 361.907 19.9927
vn 0.139351 0.95287 0.269482
f 1987/3122/1135 1986/3123/1135 1988/3124/1136

g Mesh285 Group3 Group1 Model

v 6637.43 0 -5597.1
vt -215.085 -111.412
vn 0.171154 0.419356 -0.891542
v 6596.59 0 -5604.95
vt -213.448 -111.412
v 6595.07 60.5215 -5576.77
vt -213.598 -108.787
vn 0.165641 0.477594 -0.862825
v 6628.42 60.5215 -5570.37
vt -214.935 -108.787
f 1989/3125/1137 1990/3126/1137 1991/3127/1138 1992/3128/1138 

vt -214.935 -139.215
vt -213.598 -139.215
v 6593.24 116.895 -5540.88
vt -213.794 -136.59
vn 0.150745 0.600576 -0.785229
v 6616.82 116.895 -5536.36
vt -214.739 -136.59
f 1992/3129/1138 1991/3130/1138 1993/3131/1139 1994/3132/1139 

vt -214.739 -171.144
vt -213.794 -171.144
v 6596.7 166.78 -5495.19
vt -214.267 -168.519
vn 0.141073 0.663397 -0.734849
f 1994/3133/1139 1993/3134/1139 1995/3135/1140

g Mesh286 Group3 Group1 Model

v 8379.5 0 -5297.84
vt 299.42 -12.1773
vn 0.951028 0.0486365 0.305255
v 8391.8 0 -5336.14
vt 301.004 -12.1773
v 8387.58 66.5878 -5333.62
vt 300.859 -9.55261
vn 0.950494 0.0590337 0.305083
v 8377.55 66.5878 -5302.34
vt 299.566 -9.55261
f 1996/3136/1141 1997/3137/1141 1998/3138/1142 1999/3139/1142 

vt 299.566 -14.758
vt 300.859 -14.758
v 8381.71 133.094 -5330.45
vt 300.669 -12.1333
vn 0.948771 0.0842333 0.30453
v 8374.61 133.094 -5308.34
vt 299.755 -12.1333
f 1999/3140/1142 1998/3141/1142 2000/3142/1143 2001/3143/1143 

vt 299.755 -19.548
vt 300.669 -19.548
v 8371.87 199.433 -5321.41
vt 300.212 -16.9233
vn 0.947475 0.0990235 0.304114
f 2001/3144/1143 2000/3145/1143 2002/3146/1144

g Mesh287 Group3 Group1 Model

v 7861.72 0 -5169.36
vt 116.532 208.506
vn -0.499475 0.592979 0.631586
v 7893.49 0 -5144.24
vt 118.127 208.506
v 7915.09 53.6812 -5177.55
vt 117.981 211.131
vn -0.424548 0.729082 0.536841
v 7889.15 53.6812 -5198.07
vt 116.679 211.131
f 2003/3147/1145 2004/3148/1145 2005/3149/1146 2006/3150/1146 

vt 116.679 298.184
vt 117.981 298.184
v 7946.07 89.7458 -5224.54
vt 117.79 300.809
vn -0.21561 0.937646 0.272639
v 7927.73 89.7458 -5239.04
vt 116.869 300.809
f 2006/3151/1146 2005/3152/1146 2007/3153/1147 2008/3154/1147 

vt 116.869 352.478
vt 117.79 352.478
v 7977.86 98.9439 -5283.58
vt 117.33 355.102
vn -0.0855839 0.990436 0.108221
f 2008/3155/1147 2007/3156/1147 2009/3157/1148

g Mesh288 Group3 Group1 Model

v 8140.02 0 -5291.33
vt -148.154 -19.3845
vn 0.560788 0.0550147 -0.826129
v 8102.94 0 -5316.5
vt -146.389 -19.3845
v 8104.28 66.5657 -5311.16
vt -146.551 -16.7598
vn 0.56059 0.0610902 -0.825837
v 8134.56 66.5657 -5290.6
vt -147.992 -16.7598
f 2010/3158/1149 2011/3159/1149 2012/3160/1150 2013/3161/1150 

vt -147.992 -21.0406
vt -146.551 -21.0406
v 8106.2 133.082 -5304.44
vt -146.762 -18.4159
vn 0.560075 0.0745729 -0.825079
v 8127.61 133.082 -5289.91
vt -147.781 -18.4159
f 2013/3162/1150 2012/3163/1150 2014/3164/1151 2015/3165/1151 

vt -147.781 -23.637
vt -146.762 -23.637
v 8113.84 199.524 -5292.65
vt -147.271 -21.0123
vn 0.559749 0.0819783 -0.824598
f 2015/3166/1151 2014/3167/1151 2016/3168/1152

g Mesh289 Group3 Group1 Model

v 8282.42 0 -4506.51
vt -167.626 46.3604
vn -0.989716 0.139968 0.0295046
v 8283.63 0 -4466
vt -166.031 46.3604
v 8292.85 66.0104 -4470
vt -166.177 48.9851
vn -0.985211 0.168811 0.0293703
v 8291.86 66.0104 -4503.07
vt -167.48 48.9851
f 2017/3169/1153 2018/3170/1153 2019/3171/1154 2020/3172/1154 

vt -167.48 68.0396
vt -166.177 68.0396
v 8305.87 131.364 -4475.23
vt -166.368 70.6643
vn -0.970955 0.237507 0.0289453
v 8305.17 131.364 -4498.62
vt -167.289 70.6643
f 2020/3173/1154 2019/3174/1154 2021/3175/1155 2022/3176/1155 

vt -167.289 96.9978
vt -166.368 96.9978
v 8323.98 195.42 -4487.48
vt -166.829 99.6225
vn -0.960413 0.277105 0.028631
f 2022/3177/1155 2021/3178/1155 2023/3179/1156

g Mesh290 Group3 Group1 Model

v 7328.21 0 -5389.47
vt 111.175 -162.149
vn 0.835072 0.476289 -0.275323
v 7314.15 0 -5432.1
vt 112.942 -162.149
v 7285.28 58.6192 -5418.25
vt 112.78 -159.525
vn 0.785313 0.562357 -0.258917
v 7296.76 58.6192 -5383.44
vt 111.337 -159.525
f 2024/3180/1157 2025/3181/1157 2026/3182/1158 2027/3183/1158 

vt 111.337 -216.236
vt 112.78 -216.236
v 7246.27 109.693 -5399.73
vt 112.569 -213.612
vn 0.643291 0.735659 -0.212093
v 7254.39 109.693 -5375.12
vt 111.548 -213.612
f 2027/3184/1158 2026/3185/1158 2028/3186/1159 2029/3187/1159 

vt 111.548 -273.064
vt 112.569 -273.064
v 7198.64 148.187 -5370.38
vt 112.059 -270.439
vn 0.548377 0.816452 -0.1808
f 2029/3188/1159 2028/3189/1159 2030/3190/1160

g Mesh291 Group3 Group1 Model

v 7874.1 0 -5365.22
vt -101.558 -128.616
vn 0.600922 0.35616 -0.715572
v 7836.58 0 -5396.73
vt -99.6283 -128.616
v 7824.75 62.295 -5375.66
vt -99.8053 -125.991
vn 0.591739 0.391577 -0.704637
v 7855.39 62.295 -5349.93
vt -101.381 -125.991
f 2031/3191/1161 2032/3192/1161 2033/3193/1162 2034/3194/1162 

vt -101.381 -151.372
vt -99.8053 -151.372
v 7810.95 122.597 -5350.12
vt -100.036 -148.747
vn 0.568649 0.46703 -0.677142
v 7832.62 122.597 -5331.93
vt -101.15 -148.747
f 2034/3195/1162 2033/3196/1162 2035/3197/1163 2036/3198/1163 

vt -101.15 -177.768
vt -100.036 -177.768
v 7800.07 180.072 -5315.16
vt -100.593 -175.143
vn 0.554434 0.506676 -0.660214
f 2036/3199/1163 2035/3200/1163 2037/3201/1164

g Mesh292 Group3 Group1 Model

v 8308.73 0 -4478.23
vt 76.8512 107.486
vn -0.729016 0.295642 0.617358
v 8337.3 0 -4444.48
vt 78.5921 107.486
v 8349.72 63.6866 -4460.31
vt 78.4324 110.111
vn -0.721772 0.324733 0.611223
v 8326.39 63.6866 -4487.87
vt 77.011 110.111
f 2038/3202/1165 2039/3203/1165 2040/3204/1166 2041/3205/1166 

vt 77.011 131.149
vt 78.4324 131.149
v 8364.29 126.048 -4479.58
vt 78.2242 133.774
vn -0.703553 0.387351 0.595795
v 8347.79 126.048 -4499.06
vt 77.2191 133.774
f 2041/3206/1166 2040/3207/1166 2042/3208/1167 2043/3209/1167 

vt 77.2191 158.161
vt 78.2242 158.161
v 8377.44 186.529 -4507.45
vt 77.7217 160.785
vn -0.692322 0.420667 0.586284
f 2043/3210/1167 2042/3211/1167 2044/3212/1168

g Mesh293 Group3 Group1 Model

v 8058.26 0 -5705.92
vt -102.865 169.374
vn -0.838538 0.451811 0.3045
v 8073 0 -5665.33
vt -101.165 169.374
v 8099.96 59.4742 -5679.33
vt -101.321 171.998
vn -0.805347 0.515646 0.292447
v 8087.92 59.4742 -5712.48
vt -102.709 171.998
f 2045/3213/1169 2046/3214/1169 2047/3215/1170 2048/3216/1170 

vt -102.709 218.803
vt -101.321 218.803
v 8134.33 113.936 -5697.31
vt -101.524 221.427
vn -0.715693 0.64826 0.259891
v 8125.82 113.936 -5720.75
vt -102.506 221.427
f 2048/3217/1170 2047/3218/1170 2049/3219/1171 2050/3220/1171 

vt -102.506 272.905
vt -101.524 272.905
v 8174.85 160.581 -5725.29
vt -102.015 275.53
vn -0.65765 0.714468 0.238814
f 2050/3221/1171 2049/3222/1171 2051/3223/1172

g Mesh294 Group3 Group1 Model

v 7295.01 0 -5078.99
vt 338.417 38.5365
vn 0.309748 0.432344 0.846838
v 7337 0 -5094.35
vt 340.177 38.5365
v 7323.25 60.1139 -5120.01
vt 340.016 41.1612
vn 0.29343 0.519932 0.802228
v 7288.96 60.1139 -5107.47
vt 338.578 41.1612
f 2052/3224/1173 2053/3225/1173 2054/3226/1174 2055/3227/1174 

vt 338.578 56.2633
vt 340.016 56.2633
v 7304.43 113.329 -5155.89
vt 339.805 58.8879
vn 0.244783 0.701581 0.669227
v 7280.19 113.329 -5147.02
vt 338.789 58.8879
f 2055/3228/1174 2054/3229/1174 2056/3230/1175 2057/3231/1175 

vt 338.789 75.1894
vt 339.805 75.1894
v 7274.25 154.31 -5200.84
vt 339.297 77.8141
vn 0.211161 0.788752 0.577305
f 2057/3232/1175 2056/3233/1175 2058/3234/1176

g Mesh295 Group3 Group1 Model

v 7958.24 0 -5625.26
vt 377.375 -10.3706
vn 0.707166 0.149635 0.691033
v 7991.13 0 -5658.92
vt 379.227 -10.3706
v 7980.98 65.9161 -5662.8
vt 379.057 -7.74597
vn 0.704376 0.173456 0.688307
v 7954.12 65.9161 -5635.32
vt 377.545 -7.74597
f 2059/3235/1177 2060/3236/1177 2061/3237/1178 2062/3238/1178 

vt 377.545 -11.0438
vt 379.057 -11.0438
v 7967.64 131.274 -5667.97
vt 378.836 -8.41915
vn 0.696355 0.228152 0.680468
v 7948.66 131.274 -5648.53
vt 377.766 -8.41915
f 2062/3239/1178 2061/3240/1178 2063/3241/1179 2064/3242/1179 

vt 377.766 -12.7156
vt 378.836 -12.7156
v 7945.81 195.668 -5670.31
vt 378.301 -10.0909
vn 0.690832 0.258899 0.675072
f 2064/3243/1179 2063/3244/1179 2065/3245/1180

g Mesh296 Group3 Group1 Model

v 7225.08 0 -5431.62
vt 142.411 -103.682
vn 0.922516 0.317917 -0.218846
v 7214.46 0 -5476.39
vt 144.222 -103.682
v 7194.81 63.2079 -5467.39
vt 144.056 -101.058
vn 0.907136 0.361655 -0.215198
v 7203.48 63.2079 -5430.83
vt 142.577 -101.058
f 2066/3246/1181 2067/3247/1181 2068/3248/1182 2069/3249/1182 

vt 142.577 -129.343
vt 144.056 -129.343
v 7169.84 124.174 -5455.81
vt 143.84 -126.718
vn 0.865246 0.457402 -0.20526
v 7175.97 124.174 -5429.96
vt 142.794 -126.718
f 2069/3250/1182 2068/3251/1182 2070/3252/1183 2071/3253/1183 

vt 142.794 -160.705
vt 143.84 -160.705
v 7139.91 181.573 -5435.06
vt 143.317 -158.08
vn 0.837737 0.508627 -0.198734
f 2071/3254/1183 2070/3255/1183 2072/3256/1184

g Mesh297 Group3 Group1 Model

v 6700.1 0 -5796.45
vt 167.586 80.058
vn -0.336739 0.261713 0.904496
v 6744.13 0 -5780.06
vt 169.436 80.058
v 6746.18 64.3431 -5797.91
vt 169.266 82.6827
vn -0.331294 0.313645 0.889871
v 6710.22 64.3431 -5811.3
vt 167.756 82.6827
f 2073/3257/1185 2074/3258/1185 2075/3259/1186 2076/3260/1186 

vt 167.756 114.157
vt 169.266 114.157
v 6749.39 126.419 -5822.66
vt 169.045 116.782
vn -0.314541 0.432727 0.844873
v 6723.97 126.419 -5832.12
vt 167.977 116.782
f 2076/3261/1186 2075/3262/1186 2077/3263/1187 2078/3264/1187 

vt 167.977 157.599
vt 169.045 157.599
v 6748.27 184.215 -5858.53
vt 168.511 160.224
vn -0.302474 0.498414 0.812461
f 2078/3265/1187 2077/3266/1187 2079/3267/1188

g Mesh298 Group3 Group1 Model

v 8040.31 0 -4998.51
vt 241.759 93
vn -0.287145 0.327818 0.900046
v 8084.7 0 -4984.35
vt 243.594 93
v 8087.27 62.9827 -5006.47
vt 243.425 95.6246
vn -0.270964 0.453014 0.849327
v 8051.02 62.9827 -5018.04
vt 241.927 95.6246
f 2080/3268/1189 2081/3269/1189 2082/3270/1190 2083/3271/1190 

vt 241.927 164.184
vt 243.425 164.184
v 8093.51 117.767 -5044.36
vt 243.206 166.808
vn -0.208844 0.726542 0.654615
v 8067.88 117.767 -5052.53
vt 242.147 166.808
f 2083/3272/1190 2082/3273/1190 2084/3274/1191 2085/3275/1191 

vt 242.147 246.209
vt 243.206 246.209
v 8097.96 152.643 -5102.57
vt 242.676 248.834
vn -0.159005 0.852244 0.498395
f 2085/3276/1191 2084/3277/1191 2086/3278/1192

g Mesh299 Group3 Group1 Model

v 8272.94 0 -5181.93
vt -214.185 -107.07
vn 0.384192 0.335527 -0.860126
v 8227.76 0 -5202.11
vt -212.237 -107.07
v 8222.79 62.802 -5179.83
vt -212.415 -104.445
vn 0.368655 0.427673 -0.825342
v 8259.68 62.802 -5163.36
vt -214.006 -104.445
f 2087/3279/1193 2088/3280/1193 2089/3281/1194 2090/3282/1194 

vt -214.006 -161.95
vt -212.415 -161.95
v 8214.17 119.925 -5146.04
vt -212.648 -159.325
vn 0.315747 0.632935 -0.706892
v 8240.26 119.925 -5134.39
vt -213.773 -159.325
f 2090/3283/1194 2089/3284/1194 2091/3285/1195 2092/3286/1195 

vt -213.773 -230.431
vt -212.648 -230.431
v 8207.17 164.966 -5095.33
vt -213.211 -227.806
vn 0.275536 0.737262 -0.616867
f 2092/3287/1195 2091/3288/1195 2093/3289/1196

g Mesh300 Group3 Group1 Model

v 8124.29 0 -5357.9
vt -243.973 38.1843
vn -0.985913 0.129249 -0.106165
v 8119.1 0 -5309.72
vt -242.065 38.1843
v 8128.14 66.1075 -5313.22
vt -242.24 40.809
vn -0.982607 0.152605 -0.105809
v 8132.38 66.1075 -5352.56
vt -243.798 40.809
f 2094/3290/1197 2095/3291/1197 2096/3292/1198 2097/3293/1198 

vt -243.798 54.5813
vt -242.24 54.5813
v 8140.42 131.735 -5317.72
vt -242.468 57.2059
vn -0.972658 0.207282 -0.104738
v 8143.42 131.735 -5345.54
vt -243.57 57.2059
f 2097/3294/1198 2096/3295/1198 2098/3296/1199 2099/3297/1199 

vt -243.57 75.6806
vt -242.468 75.6806
v 8157.73 196.478 -5329.93
vt -243.019 78.3052
vn -0.965567 0.238474 -0.103974
f 2099/3298/1199 2098/3299/1199 2100/3300/1200

