# Alias OBJ Model File
# Exported from SketchUp, (c) 2000-2012 Trimble Navigation Limited
# File units = millimeters

mtllib ブロック塀とフェンス.mtl

g Mesh1 Group1 Model

usemtl Marc_Shirt2
v 3271.47 600 -4127.5
vt -162.5 23.622
vn -1 0 -0
v 3271.47 600 -4072.5
vt -160.335 23.622
v 3271.47 1140 -4072.5
vt -160.335 44.8819
v 3271.47 1140 -4127.5
vt -162.5 44.8819
f 1/1/1 2/2/1 3/3/1 4/4/1 

vt -128.798 160.335
vn 0 -1 -0
vt -128.798 162.5
v 3326.47 600 -4127.5
vt -130.963 162.5
v 3326.47 600 -4072.5
vt -130.963 160.335
f 2/5/2 1/6/2 5/7/2 6/8/2 

vt -128.798 23.622
vn 0 0 -1
vt -128.798 44.8819
v 3326.47 1140 -4127.5
vt -130.963 44.8819
vt -130.963 23.622
f 1/9/3 4/10/3 7/11/3 5/12/3 

vt 128.798 162.5
vn 0 1 -0
vt 128.798 160.335
v 3326.47 1140 -4072.5
vt 130.963 160.335
vt 130.963 162.5
f 4/13/4 3/14/4 8/15/4 7/16/4 

vt 128.798 44.8819
vn 0 0 1
vt 128.798 23.622
vt 130.963 23.622
vt 130.963 44.8819
f 3/17/5 2/18/5 6/19/5 8/20/5 

vt 160.335 23.622
vn 1 0 -0
vt 162.5 23.622
vt 162.5 44.8819
vt 160.335 44.8819
f 6/21/6 5/22/6 7/23/6 8/24/6 

v 3328.97 1140 -15527.5
vt -131.062 611.319
v 3328.97 1140 -4072.5
vt -131.062 160.335
v 3268.97 1140 -4072.5
vt -128.7 160.335
v 3268.97 1140 -15527.5
vt -128.7 611.319
v 3271.47 1140 -15527.5
vt -128.798 611.319
v 3326.47 1140 -15527.5
vt -130.963 611.319
f 9/25/2 10/26/2 8/8/2 3/5/2 11/27/2 12/28/2 13/29/2 14/30/2 

v 3328.97 1200 -15527.5
vt 611.319 47.2441
v 3328.97 1200 -4072.5
vt 160.335 47.2441
vt 611.319 44.8819
f 15/31/6 16/32/6 10/24/6 9/33/6 

vt 131.062 160.335
vt 131.062 611.319
v 3268.97 1200 -15527.5
vt 128.7 611.319
v 3268.97 1200 -4072.5
vt 128.7 160.335
f 16/34/4 15/35/4 17/36/4 18/37/4 

vt -131.062 47.2441
vt -131.062 44.8819
vt -128.7 44.8819
vt -128.7 47.2441
f 15/38/3 9/39/3 14/11/3 13/10/3 12/40/3 17/41/3 

v 3271.47 600 -15527.5
v 3326.47 600 -15527.5
f 19/9/3 13/10/3 14/11/3 20/12/3 

vt -611.319 23.622
v 3271.47 600 -15472.5
vt -609.154 23.622
v 3271.47 1140 -15472.5
vt -609.154 44.8819
vt -611.319 44.8819
f 19/42/1 21/43/1 22/44/1 13/45/1 

vt -128.798 609.154
v 3326.47 600 -15472.5
vt -130.963 609.154
f 21/46/2 19/29/2 20/30/2 23/47/2 

vt 609.154 23.622
vt 611.319 23.622
v 3326.47 1140 -15472.5
vt 609.154 44.8819
f 23/48/6 20/49/6 14/33/6 24/50/6 

vt 128.798 611.319
vt 128.798 609.154
vt 130.963 609.154
vt 130.963 611.319
f 13/51/4 22/52/4 24/53/4 14/54/4 

f 22/17/5 21/18/5 23/19/5 24/20/5 

vt -160.335 47.2441
vt -611.319 47.2441
f 18/55/1 17/56/1 12/45/1 11/3/1 

vt 131.062 44.8819
vt 131.062 47.2441
vt 128.7 47.2441
vt 128.7 44.8819
f 10/57/5 16/58/5 18/59/5 11/60/5 3/17/5 8/20/5 

g Mesh2 Group1 Model

v 3326.47 600 -5972.5
vt 235.138 23.622
v 3326.47 600 -6027.5
vt 237.303 23.622
v 3326.47 1140 -6027.5
vt 237.303 44.8819
v 3326.47 1140 -5972.5
vt 235.138 44.8819
f 25/61/6 26/62/6 27/63/6 28/64/6 

vt -130.963 237.303
vt -130.963 235.138
v 3271.47 600 -5972.5
vt -128.798 235.138
v 3271.47 600 -6027.5
vt -128.798 237.303
f 26/65/2 25/66/2 29/67/2 30/68/2 

v 3271.47 1140 -5972.5
f 25/19/5 28/20/5 31/17/5 29/18/5 

vt 130.963 235.138
vt 130.963 237.303
v 3271.47 1140 -6027.5
vt 128.798 237.303
vt 128.798 235.138
f 28/69/4 27/70/4 32/71/4 31/72/4 

f 27/11/3 26/12/3 30/9/3 32/10/3 

vt -237.303 23.622
vt -235.138 23.622
vt -235.138 44.8819
vt -237.303 44.8819
f 30/73/1 29/74/1 31/75/1 32/76/1 

g Mesh3 Group1 Model

v 3326.47 600 -7872.5
vt 309.941 23.622
v 3326.47 600 -7927.5
vt 312.106 23.622
v 3326.47 1140 -7927.5
vt 312.106 44.8819
v 3326.47 1140 -7872.5
vt 309.941 44.8819
f 33/77/6 34/78/6 35/79/6 36/80/6 

vt -130.963 312.106
vt -130.963 309.941
v 3271.47 600 -7872.5
vt -128.798 309.941
v 3271.47 600 -7927.5
vt -128.798 312.106
f 34/81/2 33/82/2 37/83/2 38/84/2 

v 3271.47 1140 -7872.5
f 33/19/5 36/20/5 39/17/5 37/18/5 

vt 130.963 309.941
vt 130.963 312.106
v 3271.47 1140 -7927.5
vt 128.798 312.106
vt 128.798 309.941
f 36/85/4 35/86/4 40/87/4 39/88/4 

f 35/11/3 34/12/3 38/9/3 40/10/3 

vt -312.106 23.622
vt -309.941 23.622
vt -309.941 44.8819
vt -312.106 44.8819
f 38/89/1 37/90/1 39/91/1 40/92/1 

g Mesh4 Group1 Model

v 3326.47 600 -9772.5
vt 384.744 23.622
v 3326.47 600 -9827.5
vt 386.909 23.622
v 3326.47 1140 -9827.5
vt 386.909 44.8819
v 3326.47 1140 -9772.5
vt 384.744 44.8819
f 41/93/6 42/94/6 43/95/6 44/96/6 

vt -130.963 386.909
vt -130.963 384.744
v 3271.47 600 -9772.5
vt -128.798 384.744
v 3271.47 600 -9827.5
vt -128.798 386.909
f 42/97/2 41/98/2 45/99/2 46/100/2 

v 3271.47 1140 -9772.5
f 41/19/5 44/20/5 47/17/5 45/18/5 

vt 130.963 384.744
vt 130.963 386.909
v 3271.47 1140 -9827.5
vt 128.798 386.909
vt 128.798 384.744
f 44/101/4 43/102/4 48/103/4 47/104/4 

f 43/11/3 42/12/3 46/9/3 48/10/3 

vt -386.909 23.622
vt -384.744 23.622
vt -384.744 44.8819
vt -386.909 44.8819
f 46/105/1 45/106/1 47/107/1 48/108/1 

g Mesh5 Group1 Model

v 3326.47 600 -11672.5
vt 459.547 23.622
v 3326.47 600 -11727.5
vt 461.713 23.622
v 3326.47 1140 -11727.5
vt 461.713 44.8819
v 3326.47 1140 -11672.5
vt 459.547 44.8819
f 49/109/6 50/110/6 51/111/6 52/112/6 

vt -130.963 461.713
vt -130.963 459.547
v 3271.47 600 -11672.5
vt -128.798 459.547
v 3271.47 600 -11727.5
vt -128.798 461.713
f 50/113/2 49/114/2 53/115/2 54/116/2 

v 3271.47 1140 -11672.5
f 49/19/5 52/20/5 55/17/5 53/18/5 

vt 130.963 459.547
vt 130.963 461.713
v 3271.47 1140 -11727.5
vt 128.798 461.713
vt 128.798 459.547
f 52/117/4 51/118/4 56/119/4 55/120/4 

f 51/11/3 50/12/3 54/9/3 56/10/3 

vt -461.713 23.622
vt -459.547 23.622
vt -459.547 44.8819
vt -461.713 44.8819
f 54/121/1 53/122/1 55/123/1 56/124/1 

g Mesh6 Group1 Model

v 3326.47 600 -13572.5
vt 534.35 23.622
v 3326.47 600 -13627.5
vt 536.516 23.622
v 3326.47 1140 -13627.5
vt 536.516 44.8819
v 3326.47 1140 -13572.5
vt 534.35 44.8819
f 57/125/6 58/126/6 59/127/6 60/128/6 

vt -130.963 536.516
vt -130.963 534.35
v 3271.47 600 -13572.5
vt -128.798 534.35
v 3271.47 600 -13627.5
vt -128.798 536.516
f 58/129/2 57/130/2 61/131/2 62/132/2 

v 3271.47 1140 -13572.5
f 57/19/5 60/20/5 63/17/5 61/18/5 

vt 130.963 534.35
vt 130.963 536.516
v 3271.47 1140 -13627.5
vt 128.798 536.516
vt 128.798 534.35
f 60/133/4 59/134/4 64/135/4 63/136/4 

f 59/11/3 58/12/3 62/9/3 64/10/3 

vt -536.516 23.622
vt -534.35 23.622
vt -534.35 44.8819
vt -536.516 44.8819
f 62/137/1 61/138/1 63/139/1 64/140/1 

g Mesh7 Group1 Model

v 3323.97 750 -15500
vt 610.236 29.5276
v 3323.97 750 -4100
vt 161.417 29.5276
v 3323.97 700 -4100
vt 161.417 27.5591
v 3323.97 700 -15500
vt 610.236 27.5591
f 65/141/6 66/142/6 67/143/6 68/144/6 

vt 130.865 161.417
vt 130.865 610.236
v 3273.97 750 -15500
vt 128.896 610.236
v 3273.97 750 -4100
vt 128.896 161.417
f 66/145/4 65/146/4 69/147/4 70/148/4 

vt -130.865 29.5276
vt -130.865 27.5591
v 3273.97 700 -15500
vt -128.896 27.5591
vt -128.896 29.5276
f 65/149/3 68/150/3 71/151/3 69/152/3 

vt -130.865 610.236
vt -130.865 161.417
v 3273.97 700 -4100
vt -128.896 161.417
vt -128.896 610.236
f 68/153/2 67/154/2 72/155/2 71/156/2 

vt 130.865 27.5591
vt 130.865 29.5276
vt 128.896 29.5276
vt 128.896 27.5591
f 67/157/5 66/158/5 70/159/5 72/160/5 

vt -161.417 29.5276
vt -610.236 29.5276
vt -610.236 27.5591
vt -161.417 27.5591
f 70/161/1 69/162/1 71/163/1 72/164/1 

g Mesh8 Group2 Model

f 20/12/3 19/9/3 13/10/3 14/11/3 

f 19/29/2 20/30/2 23/47/2 21/46/2 

f 20/49/6 14/33/6 24/50/6 23/48/6 

f 14/54/4 13/51/4 22/52/4 24/53/4 

f 13/45/1 19/42/1 21/43/1 22/44/1 

f 21/18/5 23/19/5 24/20/5 22/17/5 

v 11726.5 1140 -15470
vt -461.672 609.055
v 3271.47 1140 -15470
vt -128.798 609.055
v 3271.47 1140 -15530
vt -128.798 611.417
v 11726.5 1140 -15530
vt -461.672 611.417
v 11726.5 1140 -15527.5
vt -461.672 611.319
v 11726.5 1140 -15472.5
vt -461.672 609.154
f 73/165/2 74/166/2 22/46/2 13/29/2 75/167/2 76/168/2 77/169/2 78/170/2 

v 11726.5 1200 -15470
vt 461.672 47.2441
vn 3.41531e-16 0 1
v 3271.47 1200 -15470
vt 128.798 47.2441
vt 461.672 44.8819
f 79/171/7 80/172/7 74/17/7 73/173/7 

vt 128.798 609.055
vt 461.672 609.055
v 11726.5 1200 -15530
vt 461.672 611.417
v 3271.47 1200 -15530
vt 128.798 611.417
f 80/174/4 79/175/4 81/176/4 82/177/4 

vt 609.055 47.2441
vt 609.055 44.8819
vt 611.417 44.8819
vt 611.417 47.2441
f 79/178/6 73/179/6 78/50/6 77/33/6 76/180/6 81/181/6 

v 11726.5 600 -15527.5
v 11726.5 600 -15472.5
f 83/49/6 77/33/6 78/50/6 84/48/6 

vt -461.672 23.622
v 11671.5 600 -15527.5
vt -459.507 23.622
v 11671.5 1140 -15527.5
vt -459.507 44.8819
vt -461.672 44.8819
f 83/182/3 85/183/3 86/184/3 77/185/3 

vt -459.507 611.319
v 11671.5 600 -15472.5
vt -459.507 609.154
f 85/186/2 83/169/2 84/170/2 87/187/2 

vt 459.507 23.622
vt 461.672 23.622
v 11671.5 1140 -15472.5
vt 459.507 44.8819
f 87/188/5 84/189/5 78/173/5 88/190/5 

vt 461.672 611.319
vt 459.507 611.319
vt 459.507 609.154
vt 461.672 609.154
f 77/191/4 86/192/4 88/193/4 78/194/4 

f 86/45/1 85/42/1 87/43/1 88/44/1 

vt -128.798 47.2441
vn -3.41531e-16 0 -1
vt -461.672 47.2441
f 82/195/8 81/196/8 76/185/8 75/10/8 

vt -609.055 44.8819
vt -609.055 47.2441
vt -611.417 47.2441
vt -611.417 44.8819
f 74/197/1 80/198/1 82/199/1 75/200/1 13/45/1 22/44/1 

g Mesh9 Group2 Model

v 5371.47 600 -15472.5
vt 211.475 23.622
v 5426.47 600 -15472.5
vt 213.641 23.622
v 5426.47 1140 -15472.5
vt 213.641 44.8819
v 5371.47 1140 -15472.5
vt 211.475 44.8819
f 89/201/5 90/202/5 91/203/5 92/204/5 

vt -213.641 609.154
vt -211.475 609.154
v 5371.47 600 -15527.5
vt -211.475 611.319
v 5426.47 600 -15527.5
vt -213.641 611.319
f 90/205/2 89/206/2 93/207/2 94/208/2 

v 5371.47 1140 -15527.5
f 89/43/1 92/44/1 95/45/1 93/42/1 

vt 211.475 609.154
vt 213.641 609.154
v 5426.47 1140 -15527.5
vt 213.641 611.319
vt 211.475 611.319
f 92/209/4 91/210/4 96/211/4 95/212/4 

f 91/50/6 90/48/6 94/49/6 96/33/6 

vt -213.641 23.622
vt -211.475 23.622
vt -211.475 44.8819
vt -213.641 44.8819
f 94/213/3 93/214/3 95/215/3 96/216/3 

g Mesh10 Group2 Model

v 7471.47 600 -15472.5
vt 294.152 23.622
v 7526.47 600 -15472.5
vt 296.318 23.622
v 7526.47 1140 -15472.5
vt 296.318 44.8819
v 7471.47 1140 -15472.5
vt 294.152 44.8819
f 97/217/5 98/218/5 99/219/5 100/220/5 

vt -296.318 609.154
vt -294.152 609.154
v 7471.47 600 -15527.5
vt -294.152 611.319
v 7526.47 600 -15527.5
vt -296.318 611.319
f 98/221/2 97/222/2 101/223/2 102/224/2 

v 7471.47 1140 -15527.5
f 97/43/1 100/44/1 103/45/1 101/42/1 

vt 294.152 609.154
vt 296.318 609.154
v 7526.47 1140 -15527.5
vt 296.318 611.319
vt 294.152 611.319
f 100/225/4 99/226/4 104/227/4 103/228/4 

f 99/50/6 98/48/6 102/49/6 104/33/6 

vt -296.318 23.622
vt -294.152 23.622
vt -294.152 44.8819
vt -296.318 44.8819
f 102/229/3 101/230/3 103/231/3 104/232/3 

g Mesh11 Group2 Model

v 9571.47 600 -15472.5
vt 376.83 23.622
v 9626.47 600 -15472.5
vt 378.995 23.622
v 9626.47 1140 -15472.5
vt 378.995 44.8819
v 9571.47 1140 -15472.5
vt 376.83 44.8819
f 105/233/5 106/234/5 107/235/5 108/236/5 

vt -378.995 609.154
vt -376.83 609.154
v 9571.47 600 -15527.5
vt -376.83 611.319
v 9626.47 600 -15527.5
vt -378.995 611.319
f 106/237/2 105/238/2 109/239/2 110/240/2 

v 9571.47 1140 -15527.5
f 105/43/1 108/44/1 111/45/1 109/42/1 

vt 376.83 609.154
vt 378.995 609.154
v 9626.47 1140 -15527.5
vt 378.995 611.319
vt 376.83 611.319
f 108/241/4 107/242/4 112/243/4 111/244/4 

f 107/50/6 106/48/6 110/49/6 112/33/6 

vt -378.995 23.622
vt -376.83 23.622
vt -376.83 44.8819
vt -378.995 44.8819
f 110/245/3 109/246/3 111/247/3 112/248/3 

g Mesh12 Group2 Model

v 11699 750 -15475
vt 460.589 29.5276
vn 3.43767e-16 7.16626e-44 1
v 3298.97 750 -15475
vt 129.881 29.5276
v 3298.97 700 -15475
vt 129.881 27.5591
v 11699 700 -15475
vt 460.589 27.5591
f 113/249/9 114/250/9 115/251/9 116/252/9 

vt 129.881 609.252
vn -2.46353e-59 1 -7.16626e-44
vt 460.589 609.252
v 11699 750 -15525
vt 460.589 611.22
v 3298.97 750 -15525
vt 129.881 611.22
f 114/253/10 113/254/10 117/255/10 118/256/10 

vt 609.252 29.5276
vn 1 0 -3.43767e-16
vt 609.252 27.5591
v 11699 700 -15525
vt 611.22 27.5591
vt 611.22 29.5276
f 113/257/11 116/258/11 119/259/11 117/260/11 

vt -460.589 609.252
vn 2.46353e-59 -1 7.16626e-44
vt -129.881 609.252
v 3298.97 700 -15525
vt -129.881 611.22
vt -460.589 611.22
f 116/261/12 115/262/12 120/263/12 119/264/12 

vt -609.252 27.5591
vn -1 0 3.43767e-16
vt -609.252 29.5276
vt -611.22 29.5276
vt -611.22 27.5591
f 115/265/13 114/266/13 118/267/13 120/268/13 

vt -129.881 29.5276
vn -3.43767e-16 -7.16626e-44 -1
vt -460.589 29.5276
vt -460.589 27.5591
vt -129.881 27.5591
f 118/269/14 117/270/14 119/271/14 120/272/14 

g Mesh13 Group3 Model

f 84/48/6 83/49/6 77/33/6 78/50/6 

f 83/169/2 84/170/2 87/187/2 85/186/2 

f 84/189/5 78/173/5 88/190/5 87/188/5 

f 78/194/4 77/191/4 86/192/4 88/193/4 

f 77/185/3 83/182/3 85/183/3 86/184/3 

f 85/42/1 87/43/1 88/44/1 86/45/1 

v 11669 1140 -4072.5
vt -459.408 160.335
v 11669 1140 -15527.5
vt -459.408 611.319
v 11729 1140 -15527.5
vt -461.77 611.319
v 11729 1140 -4072.5
vt -461.77 160.335
v 11726.5 1140 -4072.5
vt -461.672 160.335
v 11671.5 1140 -4072.5
vt -459.507 160.335
f 121/273/2 122/274/2 86/186/2 77/169/2 123/275/2 124/276/2 125/277/2 126/278/2 

v 11669 1200 -4072.5
v 11669 1200 -15527.5
f 127/55/1 128/56/1 122/45/1 121/3/1 

vt 459.408 611.319
vt 459.408 160.335
v 11729 1200 -4072.5
vt 461.77 160.335
v 11729 1200 -15527.5
vt 461.77 611.319
f 128/279/4 127/280/4 129/281/4 130/282/4 

vt 459.408 47.2441
vt 459.408 44.8819
vt 461.77 44.8819
vt 461.77 47.2441
f 127/283/5 121/284/5 126/190/5 125/173/5 124/285/5 129/286/5 

v 11726.5 600 -4072.5
v 11671.5 600 -4072.5
f 131/189/5 125/173/5 126/190/5 132/188/5 

v 11726.5 600 -4127.5
v 11726.5 1140 -4127.5
f 131/21/6 133/22/6 134/23/6 125/24/6 

vt -461.672 162.5
v 11671.5 600 -4127.5
vt -459.507 162.5
f 133/287/2 131/277/2 132/278/2 135/288/2 

v 11671.5 1140 -4127.5
f 135/1/1 132/2/1 126/3/1 136/4/1 

vt 461.672 160.335
vt 461.672 162.5
vt 459.507 162.5
vt 459.507 160.335
f 125/289/4 134/290/4 136/291/4 126/292/4 

f 134/185/3 133/182/3 135/183/3 136/184/3 

f 130/31/6 129/32/6 124/24/6 123/33/6 

vt -459.408 44.8819
vt -459.408 47.2441
vt -461.77 47.2441
vt -461.77 44.8819
f 122/293/3 128/294/3 130/295/3 123/296/3 77/185/3 86/184/3 

g Mesh14 Group3 Model

v 11671.5 600 -13627.5
v 11671.5 600 -13572.5
v 11671.5 1140 -13572.5
v 11671.5 1140 -13627.5
f 137/137/1 138/138/1 139/139/1 140/140/1 

vt -459.507 534.35
vt -459.507 536.516
v 11726.5 600 -13627.5
vt -461.672 536.516
v 11726.5 600 -13572.5
vt -461.672 534.35
f 138/297/2 137/298/2 141/299/2 142/300/2 

v 11726.5 1140 -13627.5
f 137/183/3 140/184/3 143/185/3 141/182/3 

vt 459.507 536.516
vt 459.507 534.35
v 11726.5 1140 -13572.5
vt 461.672 534.35
vt 461.672 536.516
f 140/301/4 139/302/4 144/303/4 143/304/4 

f 139/190/5 138/188/5 142/189/5 144/173/5 

f 142/125/6 141/126/6 143/127/6 144/128/6 

g Mesh15 Group3 Model

v 11671.5 600 -11727.5
v 11671.5 600 -11672.5
v 11671.5 1140 -11672.5
v 11671.5 1140 -11727.5
f 145/121/1 146/122/1 147/123/1 148/124/1 

vt -459.507 459.547
vt -459.507 461.713
v 11726.5 600 -11727.5
vt -461.672 461.713
v 11726.5 600 -11672.5
vt -461.672 459.547
f 146/305/2 145/306/2 149/307/2 150/308/2 

v 11726.5 1140 -11727.5
f 145/183/3 148/184/3 151/185/3 149/182/3 

vt 459.507 461.713
vt 459.507 459.547
v 11726.5 1140 -11672.5
vt 461.672 459.547
vt 461.672 461.713
f 148/309/4 147/310/4 152/311/4 151/312/4 

f 147/190/5 146/188/5 150/189/5 152/173/5 

f 150/109/6 149/110/6 151/111/6 152/112/6 

g Mesh16 Group3 Model

v 11671.5 600 -9827.5
v 11671.5 600 -9772.5
v 11671.5 1140 -9772.5
v 11671.5 1140 -9827.5
f 153/105/1 154/106/1 155/107/1 156/108/1 

vt -459.507 384.744
vt -459.507 386.909
v 11726.5 600 -9827.5
vt -461.672 386.909
v 11726.5 600 -9772.5
vt -461.672 384.744
f 154/313/2 153/314/2 157/315/2 158/316/2 

v 11726.5 1140 -9827.5
f 153/183/3 156/184/3 159/185/3 157/182/3 

vt 459.507 386.909
vt 459.507 384.744
v 11726.5 1140 -9772.5
vt 461.672 384.744
vt 461.672 386.909
f 156/317/4 155/318/4 160/319/4 159/320/4 

f 155/190/5 154/188/5 158/189/5 160/173/5 

f 158/93/6 157/94/6 159/95/6 160/96/6 

g Mesh17 Group3 Model

v 11671.5 600 -7927.5
v 11671.5 600 -7872.5
v 11671.5 1140 -7872.5
v 11671.5 1140 -7927.5
f 161/89/1 162/90/1 163/91/1 164/92/1 

vt -459.507 309.941
vt -459.507 312.106
v 11726.5 600 -7927.5
vt -461.672 312.106
v 11726.5 600 -7872.5
vt -461.672 309.941
f 162/321/2 161/322/2 165/323/2 166/324/2 

v 11726.5 1140 -7927.5
f 161/183/3 164/184/3 167/185/3 165/182/3 

vt 459.507 312.106
vt 459.507 309.941
v 11726.5 1140 -7872.5
vt 461.672 309.941
vt 461.672 312.106
f 164/325/4 163/326/4 168/327/4 167/328/4 

f 163/190/5 162/188/5 166/189/5 168/173/5 

f 166/77/6 165/78/6 167/79/6 168/80/6 

g Mesh18 Group3 Model

v 11671.5 600 -6027.5
v 11671.5 600 -5972.5
v 11671.5 1140 -5972.5
v 11671.5 1140 -6027.5
f 169/73/1 170/74/1 171/75/1 172/76/1 

vt -459.507 235.138
vt -459.507 237.303
v 11726.5 600 -6027.5
vt -461.672 237.303
v 11726.5 600 -5972.5
vt -461.672 235.138
f 170/329/2 169/330/2 173/331/2 174/332/2 

v 11726.5 1140 -6027.5
f 169/183/3 172/184/3 175/185/3 173/182/3 

vt 459.507 237.303
vt 459.507 235.138
v 11726.5 1140 -5972.5
vt 461.672 235.138
vt 461.672 237.303
f 172/333/4 171/334/4 176/335/4 175/336/4 

f 171/190/5 170/188/5 174/189/5 176/173/5 

f 174/61/6 173/62/6 175/63/6 176/64/6 

g Mesh19 Group3 Model

v 11674 750 -4100
v 11674 750 -15500
v 11674 700 -15500
v 11674 700 -4100
f 177/161/1 178/162/1 179/163/1 180/164/1 

vt 459.605 610.236
vt 459.605 161.417
v 11724 750 -4100
vt 461.574 161.417
v 11724 750 -15500
vt 461.574 610.236
f 178/337/4 177/338/4 181/339/4 182/340/4 

vt 459.605 29.5276
vt 459.605 27.5591
v 11724 700 -4100
vt 461.574 27.5591
vt 461.574 29.5276
f 177/341/5 180/342/5 183/343/5 181/344/5 

vt -459.605 161.417
vt -459.605 610.236
v 11724 700 -15500
vt -461.574 610.236
vt -461.574 161.417
f 180/345/2 179/346/2 184/347/2 183/348/2 

vt -459.605 27.5591
vt -459.605 29.5276
vt -461.574 29.5276
vt -461.574 27.5591
f 179/349/3 178/350/3 182/351/3 184/352/3 

f 182/141/6 181/142/6 183/143/6 184/144/6 

g Mesh20 Model

usemtl _Olive_
v 11599 195 -4000
vt -157.48 7.67717
v 11599 195 -4395
vt -173.031 7.67717
v 11599 0 -4395
vt -173.031 0
v 11599 0 -4000
vt -157.48 0
f 185/353/1 186/354/1 187/355/1 188/356/1 

usemtl FrontColor
vt -456.652 157.48
vt -456.652 173.031
v 11799 0 -4395
vt -464.526 173.031
v 11799 0 -4000
vt -464.526 157.48
f 188/357/2 187/358/2 189/359/2 190/360/2 

v 11599 0 -4405
vt -456.652 173.425
v 11799 0 -4405
vt -464.526 173.425
f 187/358/2 191/361/2 192/362/2 189/359/2 

v 3398.97 0 -15400
vt -133.818 606.299
v 3398.97 0 -15205
vt -133.818 598.622
v 3198.97 0 -15205
vt -125.944 598.622
v 3198.97 0 -15600
vt -125.944 614.173
v 3393.97 0 -15600
vt -133.621 614.173
v 3403.97 0 -15600
vt -134.015 614.173
v 3793.97 0 -15600
vt -149.369 614.173
v 3803.97 0 -15600
vt -149.763 614.173
v 4193.97 0 -15600
vt -165.117 614.173
v 4203.97 0 -15600
vt -165.511 614.173
v 4593.97 0 -15600
vt -180.865 614.173
v 4603.97 0 -15600
vt -181.259 614.173
v 4993.97 0 -15600
vt -196.613 614.173
v 5003.97 0 -15600
vt -197.007 614.173
v 5393.97 0 -15600
vt -212.361 614.173
v 5403.97 0 -15600
vt -212.755 614.173
v 5793.97 0 -15600
vt -228.109 614.173
v 5803.97 0 -15600
vt -228.503 614.173
v 6193.97 0 -15600
vt -243.857 614.173
v 6203.97 0 -15600
vt -244.251 614.173
v 6593.97 0 -15600
vt -259.605 614.173
v 6603.97 0 -15600
vt -259.999 614.173
v 6993.97 0 -15600
vt -275.353 614.173
v 7003.97 0 -15600
vt -275.747 614.173
v 7393.97 0 -15600
vt -291.101 614.173
v 7403.97 0 -15600
vt -291.495 614.173
v 7793.97 0 -15600
vt -306.849 614.173
v 7803.97 0 -15600
vt -307.243 614.173
v 8193.97 0 -15600
vt -322.597 614.173
v 8203.97 0 -15600
vt -322.991 614.173
v 8593.97 0 -15600
vt -338.345 614.173
v 8603.97 0 -15600
vt -338.739 614.173
v 8993.97 0 -15600
vt -354.093 614.173
v 9003.97 0 -15600
vt -354.487 614.173
v 9393.97 0 -15600
vt -369.841 614.173
v 9403.97 0 -15600
vt -370.235 614.173
v 9793.97 0 -15600
vt -385.589 614.173
v 9803.97 0 -15600
vt -385.983 614.173
v 10194 0 -15600
vt -401.337 614.173
v 10204 0 -15600
vt -401.731 614.173
v 10594 0 -15600
vt -417.085 614.173
v 10604 0 -15600
vt -417.479 614.173
v 10994 0 -15600
vt -432.833 614.173
v 11004 0 -15600
vt -433.227 614.173
v 11394 0 -15600
vt -448.582 614.173
v 11404 0 -15600
vt -448.975 614.173
v 11799 0 -15600
vt -464.526 614.173
v 11799 0 -15205
vt -464.526 598.622
v 11799 0 -15195
vt -464.526 598.228
v 11799 0 -14805
vt -464.526 582.874
v 11799 0 -14795
vt -464.526 582.48
v 11799 0 -14405
vt -464.526 567.126
v 11799 0 -14395
vt -464.526 566.732
v 11799 0 -14005
vt -464.526 551.378
v 11799 0 -13995
vt -464.526 550.984
v 11799 0 -13605
vt -464.526 535.63
v 11799 0 -13595
vt -464.526 535.236
v 11799 0 -13205
vt -464.526 519.882
v 11799 0 -13195
vt -464.526 519.488
v 11799 0 -12805
vt -464.526 504.134
v 11799 0 -12795
vt -464.526 503.74
v 11799 0 -12405
vt -464.526 488.386
v 11799 0 -12395
vt -464.526 487.992
v 11799 0 -12005
vt -464.526 472.638
v 11799 0 -11995
vt -464.526 472.244
v 11799 0 -11605
vt -464.526 456.89
v 11799 0 -11595
vt -464.526 456.496
v 11799 0 -11205
vt -464.526 441.142
v 11799 0 -11195
vt -464.526 440.748
v 11799 0 -10805
vt -464.526 425.394
v 11799 0 -10795
vt -464.526 425
v 11799 0 -10405
vt -464.526 409.646
v 11799 0 -10395
vt -464.526 409.252
v 11799 0 -10005
vt -464.526 393.898
v 11799 0 -9995
vt -464.526 393.504
v 11799 0 -9605
vt -464.526 378.15
v 11799 0 -9595
vt -464.526 377.756
v 11799 0 -9205
vt -464.526 362.402
v 11799 0 -9195
vt -464.526 362.008
v 11799 0 -8805
vt -464.526 346.654
v 11799 0 -8795
vt -464.526 346.26
v 11799 0 -8405
vt -464.526 330.906
v 11799 0 -8395
vt -464.526 330.512
v 11799 0 -8005
vt -464.526 315.157
v 11799 0 -7995
vt -464.526 314.764
v 11799 0 -7605
vt -464.526 299.409
v 11799 0 -7595
vt -464.526 299.016
v 11799 0 -7205
vt -464.526 283.661
v 11799 0 -7195
vt -464.526 283.268
v 11799 0 -6805
vt -464.526 267.913
v 11799 0 -6795
vt -464.526 267.52
v 11799 0 -6405
vt -464.526 252.165
v 11799 0 -6395
vt -464.526 251.772
v 11799 0 -6005
vt -464.526 236.417
v 11799 0 -5995
vt -464.526 236.024
v 11799 0 -5605
vt -464.526 220.669
v 11799 0 -5595
vt -464.526 220.276
v 11799 0 -5205
vt -464.526 204.921
v 11799 0 -5195
vt -464.526 204.528
v 11799 0 -4805
vt -464.526 189.173
v 11799 0 -4795
vt -464.526 188.78
v 11599 0 -4795
vt -456.652 188.78
v 11599 0 -4805
vt -456.652 189.173
v 11599 0 -5195
vt -456.652 204.528
v 11599 0 -5205
vt -456.652 204.921
v 11599 0 -5595
vt -456.652 220.276
v 11599 0 -5605
vt -456.652 220.669
v 11599 0 -5995
vt -456.652 236.024
v 11599 0 -6005
vt -456.652 236.417
v 11599 0 -6395
vt -456.652 251.772
v 11599 0 -6405
vt -456.652 252.165
v 11599 0 -6795
vt -456.652 267.52
v 11599 0 -6805
vt -456.652 267.913
v 11599 0 -7195
vt -456.652 283.268
v 11599 0 -7205
vt -456.652 283.661
v 11599 0 -7595
vt -456.652 299.016
v 11599 0 -7605
vt -456.652 299.409
v 11599 0 -7995
vt -456.652 314.764
v 11599 0 -8005
vt -456.652 315.157
v 11599 0 -8395
vt -456.652 330.512
v 11599 0 -8405
vt -456.652 330.906
v 11599 0 -8795
vt -456.652 346.26
v 11599 0 -8805
vt -456.652 346.654
v 11599 0 -9195
vt -456.652 362.008
v 11599 0 -9205
vt -456.652 362.402
v 11599 0 -9595
vt -456.652 377.756
v 11599 0 -9605
vt -456.652 378.15
v 11599 0 -9995
vt -456.652 393.504
v 11599 0 -10005
vt -456.652 393.898
v 11599 0 -10395
vt -456.652 409.252
v 11599 0 -10405
vt -456.652 409.646
v 11599 0 -10795
vt -456.652 425
v 11599 0 -10805
vt -456.652 425.394
v 11599 0 -11195
vt -456.652 440.748
v 11599 0 -11205
vt -456.652 441.142
v 11599 0 -11595
vt -456.652 456.496
v 11599 0 -11605
vt -456.652 456.89
v 11599 0 -11995
vt -456.652 472.244
v 11599 0 -12005
vt -456.652 472.638
v 11599 0 -12395
vt -456.652 487.992
v 11599 0 -12405
vt -456.652 488.386
v 11599 0 -12795
vt -456.652 503.74
v 11599 0 -12805
vt -456.652 504.134
v 11599 0 -13195
vt -456.652 519.488
v 11599 0 -13205
vt -456.652 519.882
v 11599 0 -13595
vt -456.652 535.236
v 11599 0 -13605
vt -456.652 535.63
v 11599 0 -13995
vt -456.652 550.984
v 11599 0 -14005
vt -456.652 551.378
v 11599 0 -14395
vt -456.652 566.732
v 11599 0 -14405
vt -456.652 567.126
v 11599 0 -14795
vt -456.652 582.48
v 11599 0 -14805
vt -456.652 582.874
v 11599 0 -15195
vt -456.652 598.228
v 11599 0 -15205
vt -456.652 598.622
v 11599 0 -15400
vt -456.652 606.299
v 11404 0 -15400
vt -448.975 606.299
v 11394 0 -15400
vt -448.582 606.299
v 11004 0 -15400
vt -433.227 606.299
v 10994 0 -15400
vt -432.833 606.299
v 10604 0 -15400
vt -417.479 606.299
v 10594 0 -15400
vt -417.085 606.299
v 10204 0 -15400
vt -401.731 606.299
v 10194 0 -15400
vt -401.337 606.299
v 9803.97 0 -15400
vt -385.983 606.299
v 9793.97 0 -15400
vt -385.589 606.299
v 9403.97 0 -15400
vt -370.235 606.299
v 9393.97 0 -15400
vt -369.841 606.299
v 9003.97 0 -15400
vt -354.487 606.299
v 8993.97 0 -15400
vt -354.093 606.299
v 8603.97 0 -15400
vt -338.739 606.299
v 8593.97 0 -15400
vt -338.345 606.299
v 8203.97 0 -15400
vt -322.991 606.299
v 8193.97 0 -15400
vt -322.597 606.299
v 7803.97 0 -15400
vt -307.243 606.299
v 7793.97 0 -15400
vt -306.849 606.299
v 7403.97 0 -15400
vt -291.495 606.299
v 7393.97 0 -15400
vt -291.101 606.299
v 7003.97 0 -15400
vt -275.747 606.299
v 6993.97 0 -15400
vt -275.353 606.299
v 6603.97 0 -15400
vt -259.999 606.299
v 6593.97 0 -15400
vt -259.605 606.299
v 6203.97 0 -15400
vt -244.251 606.299
v 6193.97 0 -15400
vt -243.857 606.299
v 5803.97 0 -15400
vt -228.503 606.299
v 5793.97 0 -15400
vt -228.109 606.299
v 5403.97 0 -15400
vt -212.755 606.299
v 5393.97 0 -15400
vt -212.361 606.299
v 5003.97 0 -15400
vt -197.007 606.299
v 4993.97 0 -15400
vt -196.613 606.299
v 4605.81 0 -15400
vt -181.331 606.299
v 4603.97 0 -15400
vt -181.259 606.299
v 4593.97 0 -15400
vt -180.865 606.299
v 4203.97 0 -15400
vt -165.511 606.299
v 4193.97 0 -15400
vt -165.117 606.299
v 3803.97 0 -15400
vt -149.763 606.299
v 3793.97 0 -15400
vt -149.369 606.299
v 3403.97 0 -15400
vt -134.015 606.299
f 193/363/2 194/364/2 195/365/2 196/366/2 197/367/2 198/368/2 199/369/2 200/370/2 201/371/2 202/372/2 203/373/2 204/374/2 205/375/2 206/376/2 207/377/2 208/378/2 209/379/2 210/380/2 211/381/2 212/382/2 213/383/2 214/384/2 215/385/2 216/386/2 217/387/2 218/388/2 219/389/2 220/390/2 221/391/2 222/392/2 223/393/2 224/394/2 225/395/2 226/396/2 227/397/2 228/398/2 229/399/2 230/400/2 231/401/2 232/402/2 233/403/2 234/404/2 235/405/2 236/406/2 237/407/2 238/408/2 239/409/2 240/410/2 241/411/2 242/412/2 243/413/2 244/414/2 245/415/2 246/416/2 247/417/2 248/418/2 249/419/2 250/420/2 251/421/2 252/422/2 253/423/2 254/424/2 255/425/2 256/426/2 257/427/2 258/428/2 259/429/2 260/430/2 261/431/2 262/432/2 263/433/2 264/434/2 265/435/2 266/436/2 267/437/2 268/438/2 269/439/2 270/440/2 271/441/2 272/442/2 273/443/2 274/444/2 275/445/2 276/446/2 277/447/2 278/448/2 279/449/2 280/450/2 281/451/2 282/452/2 283/453/2 284/454/2 285/455/2 286/456/2 287/457/2 288/458/2 289/459/2 290/460/2 291/461/2 292/462/2 293/463/2 192/362/2 191/361/2 294/464/2 295/465/2 296/466/2 297/467/2 298/468/2 299/469/2 300/470/2 301/471/2 302/472/2 303/473/2 304/474/2 305/475/2 306/476/2 307/477/2 308/478/2 309/479/2 310/480/2 311/481/2 312/482/2 313/483/2 314/484/2 315/485/2 316/486/2 317/487/2 318/488/2 319/489/2 320/490/2 321/491/2 322/492/2 323/493/2 324/494/2 325/495/2 326/496/2 327/497/2 328/498/2 329/499/2 330/500/2 331/501/2 332/502/2 333/503/2 334/504/2 335/505/2 336/506/2 337/507/2 338/508/2 339/509/2 340/510/2 341/511/2 342/512/2 343/513/2 344/514/2 345/515/2 346/516/2 347/517/2 348/518/2 349/519/2 350/520/2 351/521/2 352/522/2 353/523/2 354/524/2 355/525/2 356/526/2 357/527/2 358/528/2 359/529/2 360/530/2 361/531/2 362/532/2 363/533/2 364/534/2 365/535/2 366/536/2 367/537/2 368/538/2 369/539/2 370/540/2 371/541/2 372/542/2 373/543/2 374/544/2 375/545/2 376/546/2 377/547/2 378/548/2 379/549/2 380/550/2 381/551/2 382/552/2 383/553/2 384/554/2 385/555/2 386/556/2 387/557/2 388/558/2 389/559/2 390/560/2 

usemtl _Olive_
v 3398.97 195 -15400
vt 606.299 7.67717
v 3398.97 195 -15205
vt 598.622 7.67717
vt 598.622 0
vt 606.299 0
f 391/561/6 392/562/6 194/563/6 193/564/6 

usemtl FrontColor
vt 133.818 -1.89565e-28
vn 5.77529e-13 -3.12659e-31 1
vt 134.015 -1.89565e-28
v 3403.97 195 -15400
vt 134.015 7.67717
vt 133.818 7.67717
f 193/565/15 390/566/15 393/567/15 391/568/15 

usemtl _Olive_
v 3793.97 195 -15400
vt 149.369 7.67717
vt 134.015 0
vt 149.369 0
f 394/569/5 393/567/5 390/570/5 389/571/5 

vt -614.173 0
vt -598.622 0
v 3198.97 195 -15205
vt -598.622 7.67717
v 3198.97 195 -15600
vt -614.173 7.67717
f 196/572/1 195/573/1 395/574/1 396/575/1 

vt -125.944 7.67717
v 3393.97 195 -15600
vt -133.621 7.67717
vt -133.621 0
vt -125.944 0
f 396/576/3 397/577/3 197/578/3 196/579/3 

vt -149.369 0
vt -134.015 0
v 3403.97 195 -15600
vt -134.015 7.67717
v 3793.97 195 -15600
vt -149.369 7.67717
f 199/580/3 198/581/3 398/582/3 399/583/3 

vt -165.117 0
vt -149.763 0
v 3803.97 195 -15600
vt -149.763 7.67717
v 4193.97 195 -15600
vt -165.117 7.67717
f 201/584/3 200/585/3 400/586/3 401/587/3 

vt -180.865 0
vt -165.511 0
v 4203.97 195 -15600
vt -165.511 7.67717
v 4593.97 195 -15600
vt -180.865 7.67717
f 203/588/3 202/589/3 402/590/3 403/591/3 

vt -196.613 0
vt -181.259 0
v 4603.97 195 -15600
vt -181.259 7.67717
v 4993.97 195 -15600
vt -196.613 7.67717
f 205/592/3 204/593/3 404/594/3 405/595/3 

vt -212.361 0
vt -197.007 0
v 5003.97 195 -15600
vt -197.007 7.67717
v 5393.97 195 -15600
vt -212.361 7.67717
f 207/596/3 206/597/3 406/598/3 407/599/3 

vt -228.109 0
vt -212.755 0
v 5403.97 195 -15600
vt -212.755 7.67717
v 5793.97 195 -15600
vt -228.109 7.67717
f 209/600/3 208/601/3 408/602/3 409/603/3 

vt -243.857 0
vt -228.503 0
v 5803.97 195 -15600
vt -228.503 7.67717
v 6193.97 195 -15600
vt -243.857 7.67717
f 211/604/3 210/605/3 410/606/3 411/607/3 

vt -259.605 0
vt -244.251 0
v 6203.97 195 -15600
vt -244.251 7.67717
v 6593.97 195 -15600
vt -259.605 7.67717
f 213/608/3 212/609/3 412/610/3 413/611/3 

vt -275.353 0
vt -259.999 0
v 6603.97 195 -15600
vt -259.999 7.67717
v 6993.97 195 -15600
vt -275.353 7.67717
f 215/612/3 214/613/3 414/614/3 415/615/3 

vt -291.101 0
vt -275.747 0
v 7003.97 195 -15600
vt -275.747 7.67717
v 7393.97 195 -15600
vt -291.101 7.67717
f 217/616/3 216/617/3 416/618/3 417/619/3 

vt -306.849 0
vt -291.495 0
v 7403.97 195 -15600
vt -291.495 7.67717
v 7793.97 195 -15600
vt -306.849 7.67717
f 219/620/3 218/621/3 418/622/3 419/623/3 

vt -322.597 0
vt -307.243 0
v 7803.97 195 -15600
vt -307.243 7.67717
v 8193.97 195 -15600
vt -322.597 7.67717
f 221/624/3 220/625/3 420/626/3 421/627/3 

vt -338.345 0
vt -322.991 0
v 8203.97 195 -15600
vt -322.991 7.67717
v 8593.97 195 -15600
vt -338.345 7.67717
f 223/628/3 222/629/3 422/630/3 423/631/3 

vt -354.093 0
vt -338.739 0
v 8603.97 195 -15600
vt -338.739 7.67717
v 8993.97 195 -15600
vt -354.093 7.67717
f 225/632/3 224/633/3 424/634/3 425/635/3 

vt -369.841 0
vt -354.487 0
v 9003.97 195 -15600
vt -354.487 7.67717
v 9393.97 195 -15600
vt -369.841 7.67717
f 227/636/3 226/637/3 426/638/3 427/639/3 

vt -385.589 0
vt -370.235 0
v 9403.97 195 -15600
vt -370.235 7.67717
v 9793.97 195 -15600
vt -385.589 7.67717
f 229/640/3 228/641/3 428/642/3 429/643/3 

vt -401.337 0
vt -385.983 0
v 9803.97 195 -15600
vt -385.983 7.67717
v 10194 195 -15600
vt -401.337 7.67717
f 231/644/3 230/645/3 430/646/3 431/647/3 

vt -417.085 0
vt -401.731 0
v 10204 195 -15600
vt -401.731 7.67717
v 10594 195 -15600
vt -417.085 7.67717
f 233/648/3 232/649/3 432/650/3 433/651/3 

vt -432.833 0
vt -417.479 0
v 10604 195 -15600
vt -417.479 7.67717
v 10994 195 -15600
vt -432.833 7.67717
f 235/652/3 234/653/3 434/654/3 435/655/3 

vt -448.582 0
vt -433.227 0
v 11004 195 -15600
vt -433.227 7.67717
v 11394 195 -15600
vt -448.582 7.67717
f 237/656/3 236/657/3 436/658/3 437/659/3 

vt -464.526 0
vt -448.975 0
v 11404 195 -15600
vt -448.975 7.67717
v 11799 195 -15600
vt -464.526 7.67717
f 239/660/3 238/661/3 438/662/3 439/663/3 

vt 582.874 0
vt 598.228 0
v 11799 195 -15195
vt 598.228 7.67717
v 11799 195 -14805
vt 582.874 7.67717
f 242/664/6 241/665/6 440/666/6 441/667/6 

vt 567.126 0
vt 582.48 0
v 11799 195 -14795
vt 582.48 7.67717
v 11799 195 -14405
vt 567.126 7.67717
f 244/668/6 243/669/6 442/670/6 443/671/6 

vt 551.378 0
vt 566.732 0
v 11799 195 -14395
vt 566.732 7.67717
v 11799 195 -14005
vt 551.378 7.67717
f 246/672/6 245/673/6 444/674/6 445/675/6 

vt 535.63 0
vt 550.984 0
v 11799 195 -13995
vt 550.984 7.67717
v 11799 195 -13605
vt 535.63 7.67717
f 248/676/6 247/677/6 446/678/6 447/679/6 

vt 519.882 0
vt 535.236 0
v 11799 195 -13595
vt 535.236 7.67717
v 11799 195 -13205
vt 519.882 7.67717
f 250/680/6 249/681/6 448/682/6 449/683/6 

vt 504.134 0
vt 519.488 0
v 11799 195 -13195
vt 519.488 7.67717
v 11799 195 -12805
vt 504.134 7.67717
f 252/684/6 251/685/6 450/686/6 451/687/6 

vt 488.386 0
vt 503.74 0
v 11799 195 -12795
vt 503.74 7.67717
v 11799 195 -12405
vt 488.386 7.67717
f 254/688/6 253/689/6 452/690/6 453/691/6 

vt 472.638 0
vt 487.992 0
v 11799 195 -12395
vt 487.992 7.67717
v 11799 195 -12005
vt 472.638 7.67717
f 256/692/6 255/693/6 454/694/6 455/695/6 

vt 456.89 0
vt 472.244 0
v 11799 195 -11995
vt 472.244 7.67717
v 11799 195 -11605
vt 456.89 7.67717
f 258/696/6 257/697/6 456/698/6 457/699/6 

vt 441.142 0
vt 456.496 0
v 11799 195 -11595
vt 456.496 7.67717
v 11799 195 -11205
vt 441.142 7.67717
f 260/700/6 259/701/6 458/702/6 459/703/6 

vt 425.394 0
vt 440.748 0
v 11799 195 -11195
vt 440.748 7.67717
v 11799 195 -10805
vt 425.394 7.67717
f 262/704/6 261/705/6 460/706/6 461/707/6 

vt 409.646 0
vt 425 0
v 11799 195 -10795
vt 425 7.67717
v 11799 195 -10405
vt 409.646 7.67717
f 264/708/6 263/709/6 462/710/6 463/711/6 

vt 393.898 0
vt 409.252 0
v 11799 195 -10395
vt 409.252 7.67717
v 11799 195 -10005
vt 393.898 7.67717
f 266/712/6 265/713/6 464/714/6 465/715/6 

vt 378.15 0
vt 393.504 0
v 11799 195 -9995
vt 393.504 7.67717
v 11799 195 -9605
vt 378.15 7.67717
f 268/716/6 267/717/6 466/718/6 467/719/6 

vt 362.402 0
vt 377.756 0
v 11799 195 -9595
vt 377.756 7.67717
v 11799 195 -9205
vt 362.402 7.67717
f 270/720/6 269/721/6 468/722/6 469/723/6 

vt 346.654 0
vt 362.008 0
v 11799 195 -9195
vt 362.008 7.67717
v 11799 195 -8805
vt 346.654 7.67717
f 272/724/6 271/725/6 470/726/6 471/727/6 

vt 330.906 0
vt 346.26 0
v 11799 195 -8795
vt 346.26 7.67717
v 11799 195 -8405
vt 330.906 7.67717
f 274/728/6 273/729/6 472/730/6 473/731/6 

vt 315.157 0
vt 330.512 0
v 11799 195 -8395
vt 330.512 7.67717
v 11799 195 -8005
vt 315.157 7.67717
f 276/732/6 275/733/6 474/734/6 475/735/6 

vt 299.409 0
vt 314.764 0
v 11799 195 -7995
vt 314.764 7.67717
v 11799 195 -7605
vt 299.409 7.67717
f 278/736/6 277/737/6 476/738/6 477/739/6 

vt 283.661 0
vt 299.016 0
v 11799 195 -7595
vt 299.016 7.67717
v 11799 195 -7205
vt 283.661 7.67717
f 280/740/6 279/741/6 478/742/6 479/743/6 

vt 267.913 0
vt 283.268 0
v 11799 195 -7195
vt 283.268 7.67717
v 11799 195 -6805
vt 267.913 7.67717
f 282/744/6 281/745/6 480/746/6 481/747/6 

vt 252.165 0
vt 267.52 0
v 11799 195 -6795
vt 267.52 7.67717
v 11799 195 -6405
vt 252.165 7.67717
f 284/748/6 283/749/6 482/750/6 483/751/6 

vt 236.417 0
vt 251.772 0
v 11799 195 -6395
vt 251.772 7.67717
v 11799 195 -6005
vt 236.417 7.67717
f 286/752/6 285/753/6 484/754/6 485/755/6 

vt 220.669 0
vt 236.024 0
v 11799 195 -5995
vt 236.024 7.67717
v 11799 195 -5605
vt 220.669 7.67717
f 288/756/6 287/757/6 486/758/6 487/759/6 

vt 204.921 0
vt 220.276 0
v 11799 195 -5595
vt 220.276 7.67717
v 11799 195 -5205
vt 204.921 7.67717
f 290/760/6 289/761/6 488/762/6 489/763/6 

vt 189.173 0
vt 204.528 0
v 11799 195 -5195
vt 204.528 7.67717
v 11799 195 -4805
vt 189.173 7.67717
f 292/764/6 291/765/6 490/766/6 491/767/6 

vt 173.425 0
vt 188.78 0
v 11799 195 -4795
vt 188.78 7.67717
v 11799 195 -4405
vt 173.425 7.67717
f 192/768/6 293/769/6 492/770/6 493/771/6 

v 11599 195 -4405
vt -173.425 7.67717
v 11599 195 -4795
vt -188.78 7.67717
vt -188.78 0
vt -173.425 0
f 494/772/1 495/773/1 294/774/1 191/775/1 

v 11599 195 -4805
vt -189.173 7.67717
v 11599 195 -5195
vt -204.528 7.67717
vt -204.528 0
vt -189.173 0
f 496/776/1 497/777/1 296/778/1 295/779/1 

v 11599 195 -5205
vt -204.921 7.67717
v 11599 195 -5595
vt -220.276 7.67717
vt -220.276 0
vt -204.921 0
f 498/780/1 499/781/1 298/782/1 297/783/1 

v 11599 195 -5605
vt -220.669 7.67717
v 11599 195 -5995
vt -236.024 7.67717
vt -236.024 0
vt -220.669 0
f 500/784/1 501/785/1 300/786/1 299/787/1 

v 11599 195 -6005
vt -236.417 7.67717
v 11599 195 -6395
vt -251.772 7.67717
vt -251.772 0
vt -236.417 0
f 502/788/1 503/789/1 302/790/1 301/791/1 

v 11599 195 -6405
vt -252.165 7.67717
v 11599 195 -6795
vt -267.52 7.67717
vt -267.52 0
vt -252.165 0
f 504/792/1 505/793/1 304/794/1 303/795/1 

v 11599 195 -6805
vt -267.913 7.67717
v 11599 195 -7195
vt -283.268 7.67717
vt -283.268 0
vt -267.913 0
f 506/796/1 507/797/1 306/798/1 305/799/1 

v 11599 195 -7205
vt -283.661 7.67717
v 11599 195 -7595
vt -299.016 7.67717
vt -299.016 0
vt -283.661 0
f 508/800/1 509/801/1 308/802/1 307/803/1 

v 11599 195 -7605
vt -299.409 7.67717
v 11599 195 -7995
vt -314.764 7.67717
vt -314.764 0
vt -299.409 0
f 510/804/1 511/805/1 310/806/1 309/807/1 

v 11599 195 -8005
vt -315.157 7.67717
v 11599 195 -8395
vt -330.512 7.67717
vt -330.512 0
vt -315.157 0
f 512/808/1 513/809/1 312/810/1 311/811/1 

v 11599 195 -8405
vt -330.906 7.67717
v 11599 195 -8795
vt -346.26 7.67717
vt -346.26 0
vt -330.906 0
f 514/812/1 515/813/1 314/814/1 313/815/1 

v 11599 195 -8805
vt -346.654 7.67717
v 11599 195 -9195
vt -362.008 7.67717
vt -362.008 0
vt -346.654 0
f 516/816/1 517/817/1 316/818/1 315/819/1 

v 11599 195 -9205
vt -362.402 7.67717
v 11599 195 -9595
vt -377.756 7.67717
vt -377.756 0
vt -362.402 0
f 518/820/1 519/821/1 318/822/1 317/823/1 

v 11599 195 -9605
vt -378.15 7.67717
v 11599 195 -9995
vt -393.504 7.67717
vt -393.504 0
vt -378.15 0
f 520/824/1 521/825/1 320/826/1 319/827/1 

v 11599 195 -10005
vt -393.898 7.67717
v 11599 195 -10395
vt -409.252 7.67717
vt -409.252 0
vt -393.898 0
f 522/828/1 523/829/1 322/830/1 321/831/1 

v 11599 195 -10405
vt -409.646 7.67717
v 11599 195 -10795
vt -425 7.67717
vt -425 0
vt -409.646 0
f 524/832/1 525/833/1 324/834/1 323/835/1 

v 11599 195 -10805
vt -425.394 7.67717
v 11599 195 -11195
vt -440.748 7.67717
vt -440.748 0
vt -425.394 0
f 526/836/1 527/837/1 326/838/1 325/839/1 

v 11599 195 -11205
vt -441.142 7.67717
v 11599 195 -11595
vt -456.496 7.67717
vt -456.496 0
vt -441.142 0
f 528/840/1 529/841/1 328/842/1 327/843/1 

v 11599 195 -11605
vt -456.89 7.67717
v 11599 195 -11995
vt -472.244 7.67717
vt -472.244 0
vt -456.89 0
f 530/844/1 531/845/1 330/846/1 329/847/1 

v 11599 195 -12005
vt -472.638 7.67717
v 11599 195 -12395
vt -487.992 7.67717
vt -487.992 0
vt -472.638 0
f 532/848/1 533/849/1 332/850/1 331/851/1 

v 11599 195 -12405
vt -488.386 7.67717
v 11599 195 -12795
vt -503.74 7.67717
vt -503.74 0
vt -488.386 0
f 534/852/1 535/853/1 334/854/1 333/855/1 

v 11599 195 -12805
vt -504.134 7.67717
v 11599 195 -13195
vt -519.488 7.67717
vt -519.488 0
vt -504.134 0
f 536/856/1 537/857/1 336/858/1 335/859/1 

v 11599 195 -13205
vt -519.882 7.67717
v 11599 195 -13595
vt -535.236 7.67717
vt -535.236 0
vt -519.882 0
f 538/860/1 539/861/1 338/862/1 337/863/1 

v 11599 195 -13605
vt -535.63 7.67717
v 11599 195 -13995
vt -550.984 7.67717
vt -550.984 0
vt -535.63 0
f 540/864/1 541/865/1 340/866/1 339/867/1 

v 11599 195 -14005
vt -551.378 7.67717
v 11599 195 -14395
vt -566.732 7.67717
vt -566.732 0
vt -551.378 0
f 542/868/1 543/869/1 342/870/1 341/871/1 

v 11599 195 -14405
vt -567.126 7.67717
v 11599 195 -14795
vt -582.48 7.67717
vt -582.48 0
vt -567.126 0
f 544/872/1 545/873/1 344/874/1 343/875/1 

v 11599 195 -14805
vt -582.874 7.67717
v 11599 195 -15195
vt -598.228 7.67717
vt -598.228 0
vt -582.874 0
f 546/876/1 547/877/1 346/878/1 345/879/1 

vt -606.299 0
v 11599 195 -15205
v 11599 195 -15400
vt -606.299 7.67717
f 348/880/1 347/573/1 548/574/1 549/881/1 

vt 456.652 7.67717
v 11404 195 -15400
vt 448.975 7.67717
vt 448.975 0
vt 456.652 0
f 549/882/5 550/883/5 349/884/5 348/885/5 

v 11394 195 -15400
vt 448.582 7.67717
v 11004 195 -15400
vt 433.227 7.67717
vt 433.227 0
vt 448.582 0
f 551/886/5 552/887/5 351/888/5 350/889/5 

v 10994 195 -15400
vt 432.833 7.67717
v 10604 195 -15400
vt 417.479 7.67717
vt 417.479 0
vt 432.833 0
f 553/890/5 554/891/5 353/892/5 352/893/5 

v 10594 195 -15400
vt 417.085 7.67717
v 10204 195 -15400
vt 401.731 7.67717
vt 401.731 0
vt 417.085 0
f 555/894/5 556/895/5 355/896/5 354/897/5 

v 10194 195 -15400
vt 401.337 7.67717
v 9803.97 195 -15400
vt 385.983 7.67717
vt 385.983 0
vt 401.337 0
f 557/898/5 558/899/5 357/900/5 356/901/5 

v 9793.97 195 -15400
vt 385.589 7.67717
v 9403.97 195 -15400
vt 370.235 7.67717
vt 370.235 0
vt 385.589 0
f 559/902/5 560/903/5 359/904/5 358/905/5 

v 9393.97 195 -15400
vt 369.841 7.67717
v 9003.97 195 -15400
vt 354.487 7.67717
vt 354.487 0
vt 369.841 0
f 561/906/5 562/907/5 361/908/5 360/909/5 

v 8993.97 195 -15400
vt 354.093 7.67717
v 8603.97 195 -15400
vt 338.739 7.67717
vt 338.739 0
vt 354.093 0
f 563/910/5 564/911/5 363/912/5 362/913/5 

v 8593.97 195 -15400
vt 338.345 7.67717
v 8203.97 195 -15400
vt 322.991 7.67717
vt 322.991 0
vt 338.345 0
f 565/914/5 566/915/5 365/916/5 364/917/5 

v 8193.97 195 -15400
vt 322.597 7.67717
v 7803.97 195 -15400
vt 307.243 7.67717
vt 307.243 0
vt 322.597 0
f 567/918/5 568/919/5 367/920/5 366/921/5 

v 7793.97 195 -15400
vt 306.849 7.67717
v 7403.97 195 -15400
vt 291.495 7.67717
vt 291.495 0
vt 306.849 0
f 569/922/5 570/923/5 369/924/5 368/925/5 

v 7393.97 195 -15400
vt 291.101 7.67717
v 7003.97 195 -15400
vt 275.747 7.67717
vt 275.747 0
vt 291.101 0
f 571/926/5 572/927/5 371/928/5 370/929/5 

v 6993.97 195 -15400
vt 275.353 7.67717
v 6603.97 195 -15400
vt 259.999 7.67717
vt 259.999 0
vt 275.353 0
f 573/930/5 574/931/5 373/932/5 372/933/5 

v 6593.97 195 -15400
vt 259.605 7.67717
v 6203.97 195 -15400
vt 244.251 7.67717
vt 244.251 0
vt 259.605 0
f 575/934/5 576/935/5 375/936/5 374/937/5 

v 6193.97 195 -15400
vt 243.857 7.67717
v 5803.97 195 -15400
vt 228.503 7.67717
vt 228.503 0
vt 243.857 0
f 577/938/5 578/939/5 377/940/5 376/941/5 

v 5793.97 195 -15400
vt 228.109 7.67717
v 5403.97 195 -15400
vt 212.755 7.67717
vt 212.755 0
vt 228.109 0
f 579/942/5 580/943/5 379/944/5 378/945/5 

v 5393.97 195 -15400
vt 212.361 7.67717
v 5003.97 195 -15400
vt 197.007 7.67717
vt 197.007 0
vt 212.361 0
f 581/946/5 582/947/5 381/948/5 380/949/5 

v 4993.97 195 -15400
vt 196.613 7.67717
vn 2.10117e-15 4.24236e-15 1
v 4603.97 195 -15400
vt 181.259 7.67717
vt 181.259 2.57214e-12
vt 181.331 2.57214e-12
vt 196.613 2.57214e-12
f 583/950/16 584/951/16 384/952/16 383/953/16 382/954/16 

v 4593.97 195 -15400
vt 180.865 7.67717
v 4203.97 195 -15400
vt 165.511 7.67717
vt 165.511 0
vt 180.865 0
f 585/955/5 586/956/5 386/957/5 385/958/5 

v 4193.97 195 -15400
vt 165.117 7.67717
v 3803.97 195 -15400
vt 149.763 7.67717
vt 149.763 0
vt 165.117 0
f 587/959/5 588/960/5 388/961/5 387/962/5 

vt 157.48 0
vt 173.031 0
v 11799 195 -4395
vt 173.031 7.67717
v 11799 195 -4000
vt 157.48 7.67717
f 190/963/6 189/964/6 589/965/6 590/966/6 

vt 464.526 0
vt 464.526 7.67717
f 190/967/5 590/968/5 185/882/5 188/885/5 

g Mesh21 Model

v 11799 600 -4405
vt 464.526 173.425
v 11799 600 -4795
vt 464.526 188.78
v 11599 600 -4795
vt 456.652 188.78
v 11599 600 -4405
vt 456.652 173.425
f 591/969/4 592/970/4 593/971/4 594/972/4 

v 11799 405 -4405
vt 173.425 15.9449
v 11799 405 -4795
vt 188.78 15.9449
vt 188.78 23.622
vt 173.425 23.622
f 595/973/6 596/974/6 592/975/6 591/976/6 

vt -173.425 23.622
vt -188.78 23.622
v 11599 405 -4795
vt -188.78 15.9449
v 11599 405 -4405
vt -173.425 15.9449
f 594/977/1 593/978/1 597/979/1 598/980/1 

g Mesh22 Model

v 11599 600 -4000
vt -157.48 23.622
v 11599 600 -4395
vt -173.031 23.622
v 11599 405 -4395
vt -173.031 15.9449
v 11599 405 -4000
vt -157.48 15.9449
f 599/981/1 600/982/1 601/983/1 602/984/1 

v 11799 600 -4000
vt 464.526 157.48
v 11799 600 -4395
vt 464.526 173.031
vt 456.652 173.031
vt 456.652 157.48
f 603/985/4 604/986/4 600/987/4 599/988/4 

v 11799 405 -4000
vt 157.48 15.9449
v 11799 405 -4395
vt 173.031 15.9449
vt 173.031 23.622
vt 157.48 23.622
f 605/989/6 606/990/6 604/991/6 603/992/6 

vt 456.652 23.622
vt 456.652 15.9449
vt 464.526 15.9449
vt 464.526 23.622
f 599/993/5 602/994/5 605/995/5 603/996/5 

g Mesh23 Model

v 11599 395 -4000
vt -157.48 15.5512
v 11599 395 -4395
vt -173.031 15.5512
v 11599 205 -4395
vt -173.031 8.07087
v 11599 205 -4000
vt -157.48 8.07087
f 607/997/1 608/998/1 609/999/1 610/1000/1 

v 11799 205 -4000
vt 464.526 8.07087
v 11799 395 -4000
vt 464.526 15.5512
vt 456.652 15.5512
vt 456.652 8.07087
f 611/1001/5 612/1002/5 607/1003/5 610/1004/5 

vt 157.48 8.07087
v 11799 205 -4395
vt 173.031 8.07087
v 11799 395 -4395
vt 173.031 15.5512
vt 157.48 15.5512
f 611/1005/6 613/1006/6 614/1007/6 612/1008/6 

g Mesh24 Model

v 11799 205 -4405
vt 173.425 8.07087
v 11799 205 -4795
vt 188.78 8.07087
v 11799 395 -4795
vt 188.78 15.5512
v 11799 395 -4405
vt 173.425 15.5512
f 615/1009/6 616/1010/6 617/1011/6 618/1012/6 

g Mesh25 Model

v 11799 600 -4805
vt 464.526 189.173
v 11799 600 -5195
vt 464.526 204.528
v 11599 600 -5195
vt 456.652 204.528
v 11599 600 -4805
vt 456.652 189.173
f 619/1013/4 620/1014/4 621/1015/4 622/1016/4 

v 11799 405 -4805
vt 189.173 15.9449
v 11799 405 -5195
vt 204.528 15.9449
vt 204.528 23.622
vt 189.173 23.622
f 623/1017/6 624/1018/6 620/1019/6 619/1020/6 

vt -189.173 23.622
vt -204.528 23.622
v 11599 405 -5195
vt -204.528 15.9449
v 11599 405 -4805
vt -189.173 15.9449
f 622/1021/1 621/1022/1 625/1023/1 626/1024/1 

g Mesh26 Model

v 11799 405 -5205
vt 204.921 15.9449
v 11799 405 -5595
vt 220.276 15.9449
v 11799 600 -5595
vt 220.276 23.622
v 11799 600 -5205
vt 204.921 23.622
f 627/1025/6 628/1026/6 629/1027/6 630/1028/6 

vt 464.526 204.921
vt 464.526 220.276
v 11599 600 -5595
vt 456.652 220.276
v 11599 600 -5205
vt 456.652 204.921
f 630/1029/4 629/1030/4 631/1031/4 632/1032/4 

vt -204.921 23.622
vt -220.276 23.622
v 11599 405 -5595
vt -220.276 15.9449
v 11599 405 -5205
vt -204.921 15.9449
f 632/1033/1 631/1034/1 633/1035/1 634/1036/1 

g Mesh27 Model

v 11799 205 -5205
vt 204.921 8.07087
v 11799 205 -5595
vt 220.276 8.07087
v 11799 395 -5595
vt 220.276 15.5512
v 11799 395 -5205
vt 204.921 15.5512
f 635/1037/6 636/1038/6 637/1039/6 638/1040/6 

g Mesh28 Model

v 11599 395 -4405
vt -173.425 15.5512
v 11599 395 -4795
vt -188.78 15.5512
v 11599 205 -4795
vt -188.78 8.07087
v 11599 205 -4405
vt -173.425 8.07087
f 639/1041/1 640/1042/1 641/1043/1 642/1044/1 

g Mesh29 Model

v 11599 395 -4805
vt -189.173 15.5512
v 11599 395 -5195
vt -204.528 15.5512
v 11599 205 -5195
vt -204.528 8.07087
v 11599 205 -4805
vt -189.173 8.07087
f 643/1045/1 644/1046/1 645/1047/1 646/1048/1 

g Mesh30 Model

v 11799 205 -4805
vt 189.173 8.07087
v 11799 205 -5195
vt 204.528 8.07087
v 11799 395 -5195
vt 204.528 15.5512
v 11799 395 -4805
vt 189.173 15.5512
f 647/1049/6 648/1050/6 649/1051/6 650/1052/6 

g Mesh31 Model

v 11799 405 -5605
vt 220.669 15.9449
v 11799 405 -5995
vt 236.024 15.9449
v 11799 600 -5995
vt 236.024 23.622
v 11799 600 -5605
vt 220.669 23.622
f 651/1053/6 652/1054/6 653/1055/6 654/1056/6 

vt 464.526 220.669
vt 464.526 236.024
v 11599 600 -5995
vt 456.652 236.024
v 11599 600 -5605
vt 456.652 220.669
f 654/1057/4 653/1058/4 655/1059/4 656/1060/4 

vt -220.669 23.622
vt -236.024 23.622
v 11599 405 -5995
vt -236.024 15.9449
v 11599 405 -5605
vt -220.669 15.9449
f 656/1061/1 655/1062/1 657/1063/1 658/1064/1 

g Mesh32 Model

v 11599 395 -5205
vt -204.921 15.5512
v 11599 395 -5595
vt -220.276 15.5512
v 11599 205 -5595
vt -220.276 8.07087
v 11599 205 -5205
vt -204.921 8.07087
f 659/1065/1 660/1066/1 661/1067/1 662/1068/1 

g Mesh33 Model

v 11799 205 -5605
vt 220.669 8.07087
v 11799 205 -5995
vt 236.024 8.07087
v 11799 395 -5995
vt 236.024 15.5512
v 11799 395 -5605
vt 220.669 15.5512
f 663/1069/6 664/1070/6 665/1071/6 666/1072/6 

g Mesh34 Model

v 11799 600 -6405
vt 464.526 252.165
v 11799 600 -6795
vt 464.526 267.52
v 11599 600 -6795
vt 456.652 267.52
v 11599 600 -6405
vt 456.652 252.165
f 667/1073/4 668/1074/4 669/1075/4 670/1076/4 

v 11799 405 -6405
vt 252.165 15.9449
v 11799 405 -6795
vt 267.52 15.9449
vt 267.52 23.622
vt 252.165 23.622
f 671/1077/6 672/1078/6 668/1079/6 667/1080/6 

vt -252.165 23.622
vt -267.52 23.622
v 11599 405 -6795
vt -267.52 15.9449
v 11599 405 -6405
vt -252.165 15.9449
f 670/1081/1 669/1082/1 673/1083/1 674/1084/1 

g Mesh35 Model

v 11799 205 -6005
vt 236.417 8.07087
v 11799 205 -6395
vt 251.772 8.07087
v 11799 395 -6395
vt 251.772 15.5512
v 11799 395 -6005
vt 236.417 15.5512
f 675/1085/6 676/1086/6 677/1087/6 678/1088/6 

g Mesh36 Model

v 11799 600 -6005
vt 464.526 236.417
v 11799 600 -6395
vt 464.526 251.772
v 11599 600 -6395
vt 456.652 251.772
v 11599 600 -6005
vt 456.652 236.417
f 679/1089/4 680/1090/4 681/1091/4 682/1092/4 

v 11799 405 -6005
vt 236.417 15.9449
v 11799 405 -6395
vt 251.772 15.9449
vt 251.772 23.622
vt 236.417 23.622
f 683/1093/6 684/1094/6 680/1095/6 679/1096/6 

vt -236.417 23.622
vt -251.772 23.622
v 11599 405 -6395
vt -251.772 15.9449
v 11599 405 -6005
vt -236.417 15.9449
f 682/1097/1 681/1098/1 685/1099/1 686/1100/1 

g Mesh37 Model

v 11599 395 -5605
vt -220.669 15.5512
v 11599 395 -5995
vt -236.024 15.5512
v 11599 205 -5995
vt -236.024 8.07087
v 11599 205 -5605
vt -220.669 8.07087
f 687/1101/1 688/1102/1 689/1103/1 690/1104/1 

g Mesh38 Model

v 11799 205 -6405
vt 252.165 8.07087
v 11799 205 -6795
vt 267.52 8.07087
v 11799 395 -6795
vt 267.52 15.5512
v 11799 395 -6405
vt 252.165 15.5512
f 691/1105/6 692/1106/6 693/1107/6 694/1108/6 

g Mesh39 Model

v 11599 395 -6005
vt -236.417 15.5512
v 11599 395 -6395
vt -251.772 15.5512
v 11599 205 -6395
vt -251.772 8.07087
v 11599 205 -6005
vt -236.417 8.07087
f 695/1109/1 696/1110/1 697/1111/1 698/1112/1 

g Mesh40 Model

v 11799 405 -6805
vt 267.913 15.9449
v 11799 405 -7195
vt 283.268 15.9449
v 11799 600 -7195
vt 283.268 23.622
v 11799 600 -6805
vt 267.913 23.622
f 699/1113/6 700/1114/6 701/1115/6 702/1116/6 

vt 464.526 267.913
vt 464.526 283.268
v 11599 600 -7195
vt 456.652 283.268
v 11599 600 -6805
vt 456.652 267.913
f 702/1117/4 701/1118/4 703/1119/4 704/1120/4 

vt -267.913 23.622
vt -283.268 23.622
v 11599 405 -7195
vt -283.268 15.9449
v 11599 405 -6805
vt -267.913 15.9449
f 704/1121/1 703/1122/1 705/1123/1 706/1124/1 

g Mesh41 Model

v 11799 205 -6805
vt 267.913 8.07087
v 11799 205 -7195
vt 283.268 8.07087
v 11799 395 -7195
vt 283.268 15.5512
v 11799 395 -6805
vt 267.913 15.5512
f 707/1125/6 708/1126/6 709/1127/6 710/1128/6 

g Mesh42 Model

v 11599 395 -6405
vt -252.165 15.5512
v 11599 395 -6795
vt -267.52 15.5512
v 11599 205 -6795
vt -267.52 8.07087
v 11599 205 -6405
vt -252.165 8.07087
f 711/1129/1 712/1130/1 713/1131/1 714/1132/1 

g Mesh43 Model

v 11799 405 -7205
vt 283.661 15.9449
v 11799 405 -7595
vt 299.016 15.9449
v 11799 600 -7595
vt 299.016 23.622
v 11799 600 -7205
vt 283.661 23.622
f 715/1133/6 716/1134/6 717/1135/6 718/1136/6 

vt 464.526 283.661
vt 464.526 299.016
v 11599 600 -7595
vt 456.652 299.016
v 11599 600 -7205
vt 456.652 283.661
f 718/1137/4 717/1138/4 719/1139/4 720/1140/4 

vt -283.661 23.622
vt -299.016 23.622
v 11599 405 -7595
vt -299.016 15.9449
v 11599 405 -7205
vt -283.661 15.9449
f 720/1141/1 719/1142/1 721/1143/1 722/1144/1 

g Mesh44 Model

v 11599 395 -7205
vt -283.661 15.5512
v 11599 395 -7595
vt -299.016 15.5512
v 11599 205 -7595
vt -299.016 8.07087
v 11599 205 -7205
vt -283.661 8.07087
f 723/1145/1 724/1146/1 725/1147/1 726/1148/1 

g Mesh45 Model

v 11799 405 -7605
vt 299.409 15.9449
v 11799 405 -7995
vt 314.764 15.9449
v 11799 600 -7995
vt 314.764 23.622
v 11799 600 -7605
vt 299.409 23.622
f 727/1149/6 728/1150/6 729/1151/6 730/1152/6 

vt 464.526 299.409
vt 464.526 314.764
v 11599 600 -7995
vt 456.652 314.764
v 11599 600 -7605
vt 456.652 299.409
f 730/1153/4 729/1154/4 731/1155/4 732/1156/4 

vt -299.409 23.622
vt -314.764 23.622
v 11599 405 -7995
vt -314.764 15.9449
v 11599 405 -7605
vt -299.409 15.9449
f 732/1157/1 731/1158/1 733/1159/1 734/1160/1 

g Mesh46 Model

v 11799 205 -7605
vt 299.409 8.07087
v 11799 205 -7995
vt 314.764 8.07087
v 11799 395 -7995
vt 314.764 15.5512
v 11799 395 -7605
vt 299.409 15.5512
f 735/1161/6 736/1162/6 737/1163/6 738/1164/6 

g Mesh47 Model

v 11599 395 -6805
vt -267.913 15.5512
v 11599 395 -7195
vt -283.268 15.5512
v 11599 205 -7195
vt -283.268 8.07087
v 11599 205 -6805
vt -267.913 8.07087
f 739/1165/1 740/1166/1 741/1167/1 742/1168/1 

g Mesh48 Model

v 11799 205 -7205
vt 283.661 8.07087
v 11799 205 -7595
vt 299.016 8.07087
v 11799 395 -7595
vt 299.016 15.5512
v 11799 395 -7205
vt 283.661 15.5512
f 743/1169/6 744/1170/6 745/1171/6 746/1172/6 

g Mesh49 Model

v 11799 600 -8005
vt 464.526 315.157
v 11799 600 -8395
vt 464.526 330.512
v 11599 600 -8395
vt 456.652 330.512
v 11599 600 -8005
vt 456.652 315.157
f 747/1173/4 748/1174/4 749/1175/4 750/1176/4 

v 11799 405 -8005
vt 315.157 15.9449
v 11799 405 -8395
vt 330.512 15.9449
vt 330.512 23.622
vt 315.157 23.622
f 751/1177/6 752/1178/6 748/1179/6 747/1180/6 

vt -315.157 23.622
vt -330.512 23.622
v 11599 405 -8395
vt -330.512 15.9449
v 11599 405 -8005
vt -315.157 15.9449
f 750/1181/1 749/1182/1 753/1183/1 754/1184/1 

g Mesh50 Model

v 11599 395 -7605
vt -299.409 15.5512
v 11599 395 -7995
vt -314.764 15.5512
v 11599 205 -7995
vt -314.764 8.07087
v 11599 205 -7605
vt -299.409 8.07087
f 755/1185/1 756/1186/1 757/1187/1 758/1188/1 

g Mesh51 Model

v 11799 205 -8005
vt 315.157 8.07087
v 11799 205 -8395
vt 330.512 8.07087
v 11799 395 -8395
vt 330.512 15.5512
v 11799 395 -8005
vt 315.157 15.5512
f 759/1189/6 760/1190/6 761/1191/6 762/1192/6 

g Mesh52 Model

v 11599 600 -8405
vt -330.906 23.622
v 11599 600 -8795
vt -346.26 23.622
v 11599 405 -8795
vt -346.26 15.9449
v 11599 405 -8405
vt -330.906 15.9449
f 763/1193/1 764/1194/1 765/1195/1 766/1196/1 

v 11799 600 -8405
vt 464.526 330.906
v 11799 600 -8795
vt 464.526 346.26
vt 456.652 346.26
vt 456.652 330.906
f 767/1197/4 768/1198/4 764/1199/4 763/1200/4 

v 11799 405 -8405
vt 330.906 15.9449
v 11799 405 -8795
vt 346.26 15.9449
vt 346.26 23.622
vt 330.906 23.622
f 769/1201/6 770/1202/6 768/1203/6 767/1204/6 

g Mesh53 Model

v 11799 405 -8805
vt 346.654 15.9449
v 11799 405 -9195
vt 362.008 15.9449
v 11799 600 -9195
vt 362.008 23.622
v 11799 600 -8805
vt 346.654 23.622
f 771/1205/6 772/1206/6 773/1207/6 774/1208/6 

vt 464.526 346.654
vt 464.526 362.008
v 11599 600 -9195
vt 456.652 362.008
v 11599 600 -8805
vt 456.652 346.654
f 774/1209/4 773/1210/4 775/1211/4 776/1212/4 

vt -346.654 23.622
vt -362.008 23.622
v 11599 405 -9195
vt -362.008 15.9449
v 11599 405 -8805
vt -346.654 15.9449
f 776/1213/1 775/1214/1 777/1215/1 778/1216/1 

g Mesh54 Model

v 11599 395 -8405
vt -330.906 15.5512
v 11599 395 -8795
vt -346.26 15.5512
v 11599 205 -8795
vt -346.26 8.07087
v 11599 205 -8405
vt -330.906 8.07087
f 779/1217/1 780/1218/1 781/1219/1 782/1220/1 

g Mesh55 Model

v 11799 205 -8405
vt 330.906 8.07087
v 11799 205 -8795
vt 346.26 8.07087
v 11799 395 -8795
vt 346.26 15.5512
v 11799 395 -8405
vt 330.906 15.5512
f 783/1221/6 784/1222/6 785/1223/6 786/1224/6 

g Mesh56 Model

v 11799 205 -8805
vt 346.654 8.07087
v 11799 205 -9195
vt 362.008 8.07087
v 11799 395 -9195
vt 362.008 15.5512
v 11799 395 -8805
vt 346.654 15.5512
f 787/1225/6 788/1226/6 789/1227/6 790/1228/6 

g Mesh57 Model

v 11599 395 -8005
vt -315.157 15.5512
v 11599 395 -8395
vt -330.512 15.5512
v 11599 205 -8395
vt -330.512 8.07087
v 11599 205 -8005
vt -315.157 8.07087
f 791/1229/1 792/1230/1 793/1231/1 794/1232/1 

g Mesh58 Model

v 11799 405 -9205
vt 362.402 15.9449
v 11799 405 -9595
vt 377.756 15.9449
v 11799 600 -9595
vt 377.756 23.622
v 11799 600 -9205
vt 362.402 23.622
f 795/1233/6 796/1234/6 797/1235/6 798/1236/6 

vt 464.526 362.402
vt 464.526 377.756
v 11599 600 -9595
vt 456.652 377.756
v 11599 600 -9205
vt 456.652 362.402
f 798/1237/4 797/1238/4 799/1239/4 800/1240/4 

vt -362.402 23.622
vt -377.756 23.622
v 11599 405 -9595
vt -377.756 15.9449
v 11599 405 -9205
vt -362.402 15.9449
f 800/1241/1 799/1242/1 801/1243/1 802/1244/1 

g Mesh59 Model

v 11599 395 -8805
vt -346.654 15.5512
v 11599 395 -9195
vt -362.008 15.5512
v 11599 205 -9195
vt -362.008 8.07087
v 11599 205 -8805
vt -346.654 8.07087
f 803/1245/1 804/1246/1 805/1247/1 806/1248/1 

g Mesh60 Model

v 11799 205 -9205
vt 362.402 8.07087
v 11799 205 -9595
vt 377.756 8.07087
v 11799 395 -9595
vt 377.756 15.5512
v 11799 395 -9205
vt 362.402 15.5512
f 807/1249/6 808/1250/6 809/1251/6 810/1252/6 

g Mesh61 Model

v 11799 205 -9605
vt 378.15 8.07087
v 11799 205 -9995
vt 393.504 8.07087
v 11799 395 -9995
vt 393.504 15.5512
v 11799 395 -9605
vt 378.15 15.5512
f 811/1253/6 812/1254/6 813/1255/6 814/1256/6 

g Mesh62 Model

v 11599 395 -9205
vt -362.402 15.5512
v 11599 395 -9595
vt -377.756 15.5512
v 11599 205 -9595
vt -377.756 8.07087
v 11599 205 -9205
vt -362.402 8.07087
f 815/1257/1 816/1258/1 817/1259/1 818/1260/1 

g Mesh63 Model

v 11799 600 -9605
vt 464.526 378.15
v 11799 600 -9995
vt 464.526 393.504
v 11599 600 -9995
vt 456.652 393.504
v 11599 600 -9605
vt 456.652 378.15
f 819/1261/4 820/1262/4 821/1263/4 822/1264/4 

v 11799 405 -9605
vt 378.15 15.9449
v 11799 405 -9995
vt 393.504 15.9449
vt 393.504 23.622
vt 378.15 23.622
f 823/1265/6 824/1266/6 820/1267/6 819/1268/6 

vt -378.15 23.622
vt -393.504 23.622
v 11599 405 -9995
vt -393.504 15.9449
v 11599 405 -9605
vt -378.15 15.9449
f 822/1269/1 821/1270/1 825/1271/1 826/1272/1 

g Mesh64 Model

v 11799 600 -10005
vt 464.526 393.898
v 11799 600 -10395
vt 464.526 409.252
v 11599 600 -10395
vt 456.652 409.252
v 11599 600 -10005
vt 456.652 393.898
f 827/1273/4 828/1274/4 829/1275/4 830/1276/4 

v 11799 405 -10005
vt 393.898 15.9449
v 11799 405 -10395
vt 409.252 15.9449
vt 409.252 23.622
vt 393.898 23.622
f 831/1277/6 832/1278/6 828/1279/6 827/1280/6 

vt -393.898 23.622
vt -409.252 23.622
v 11599 405 -10395
vt -409.252 15.9449
v 11599 405 -10005
vt -393.898 15.9449
f 830/1281/1 829/1282/1 833/1283/1 834/1284/1 

g Mesh65 Model

v 11799 205 -10005
vt 393.898 8.07087
v 11799 205 -10395
vt 409.252 8.07087
v 11799 395 -10395
vt 409.252 15.5512
v 11799 395 -10005
vt 393.898 15.5512
f 835/1285/6 836/1286/6 837/1287/6 838/1288/6 

g Mesh66 Model

v 11599 395 -9605
vt -378.15 15.5512
v 11599 395 -9995
vt -393.504 15.5512
v 11599 205 -9995
vt -393.504 8.07087
v 11599 205 -9605
vt -378.15 8.07087
f 839/1289/1 840/1290/1 841/1291/1 842/1292/1 

g Mesh67 Model

v 11799 205 -10405
vt 409.646 8.07087
v 11799 205 -10795
vt 425 8.07087
v 11799 395 -10795
vt 425 15.5512
v 11799 395 -10405
vt 409.646 15.5512
f 843/1293/6 844/1294/6 845/1295/6 846/1296/6 

g Mesh68 Model

v 11599 395 -10005
vt -393.898 15.5512
v 11599 395 -10395
vt -409.252 15.5512
v 11599 205 -10395
vt -409.252 8.07087
v 11599 205 -10005
vt -393.898 8.07087
f 847/1297/1 848/1298/1 849/1299/1 850/1300/1 

g Mesh69 Model

v 11799 405 -10405
vt 409.646 15.9449
v 11799 405 -10795
vt 425 15.9449
v 11799 600 -10795
vt 425 23.622
v 11799 600 -10405
vt 409.646 23.622
f 851/1301/6 852/1302/6 853/1303/6 854/1304/6 

vt 464.526 409.646
vt 464.526 425
v 11599 600 -10795
vt 456.652 425
v 11599 600 -10405
vt 456.652 409.646
f 854/1305/4 853/1306/4 855/1307/4 856/1308/4 

vt -409.646 23.622
vt -425 23.622
v 11599 405 -10795
vt -425 15.9449
v 11599 405 -10405
vt -409.646 15.9449
f 856/1309/1 855/1310/1 857/1311/1 858/1312/1 

g Mesh70 Model

v 11599 395 -10405
vt -409.646 15.5512
v 11599 395 -10795
vt -425 15.5512
v 11599 205 -10795
vt -425 8.07087
v 11599 205 -10405
vt -409.646 8.07087
f 859/1313/1 860/1314/1 861/1315/1 862/1316/1 

g Mesh71 Model

v 11599 395 -10805
vt -425.394 15.5512
v 11599 395 -11195
vt -440.748 15.5512
v 11599 205 -11195
vt -440.748 8.07087
v 11599 205 -10805
vt -425.394 8.07087
f 863/1317/1 864/1318/1 865/1319/1 866/1320/1 

g Mesh72 Model

v 11799 205 -11205
vt 441.142 8.07087
v 11799 205 -11595
vt 456.496 8.07087
v 11799 395 -11595
vt 456.496 15.5512
v 11799 395 -11205
vt 441.142 15.5512
f 867/1321/6 868/1322/6 869/1323/6 870/1324/6 

g Mesh73 Model

v 11799 405 -11205
vt 441.142 15.9449
v 11799 405 -11595
vt 456.496 15.9449
v 11799 600 -11595
vt 456.496 23.622
v 11799 600 -11205
vt 441.142 23.622
f 871/1325/6 872/1326/6 873/1327/6 874/1328/6 

vt 464.526 441.142
vt 464.526 456.496
v 11599 600 -11595
vt 456.652 456.496
v 11599 600 -11205
vt 456.652 441.142
f 874/1329/4 873/1330/4 875/1331/4 876/1332/4 

vt -441.142 23.622
vt -456.496 23.622
v 11599 405 -11595
vt -456.496 15.9449
v 11599 405 -11205
vt -441.142 15.9449
f 876/1333/1 875/1334/1 877/1335/1 878/1336/1 

g Mesh74 Model

v 11799 205 -10805
vt 425.394 8.07087
v 11799 205 -11195
vt 440.748 8.07087
v 11799 395 -11195
vt 440.748 15.5512
v 11799 395 -10805
vt 425.394 15.5512
f 879/1337/6 880/1338/6 881/1339/6 882/1340/6 

g Mesh75 Model

v 11799 600 -10805
vt 464.526 425.394
v 11799 600 -11195
vt 464.526 440.748
v 11599 600 -11195
vt 456.652 440.748
v 11599 600 -10805
vt 456.652 425.394
f 883/1341/4 884/1342/4 885/1343/4 886/1344/4 

v 11799 405 -10805
vt 425.394 15.9449
v 11799 405 -11195
vt 440.748 15.9449
vt 440.748 23.622
vt 425.394 23.622
f 887/1345/6 888/1346/6 884/1347/6 883/1348/6 

vt -425.394 23.622
vt -440.748 23.622
v 11599 405 -11195
vt -440.748 15.9449
v 11599 405 -10805
vt -425.394 15.9449
f 886/1349/1 885/1350/1 889/1351/1 890/1352/1 

g Mesh76 Model

v 11799 405 -11605
vt 456.89 15.9449
v 11799 405 -11995
vt 472.244 15.9449
v 11799 600 -11995
vt 472.244 23.622
v 11799 600 -11605
vt 456.89 23.622
f 891/1353/6 892/1354/6 893/1355/6 894/1356/6 

vt 464.526 456.89
vt 464.526 472.244
v 11599 600 -11995
vt 456.652 472.244
v 11599 600 -11605
vt 456.652 456.89
f 894/1357/4 893/1358/4 895/1359/4 896/1360/4 

vt -456.89 23.622
vt -472.244 23.622
v 11599 405 -11995
vt -472.244 15.9449
v 11599 405 -11605
vt -456.89 15.9449
f 896/1361/1 895/1362/1 897/1363/1 898/1364/1 

g Mesh77 Model

v 11599 395 -11205
vt -441.142 15.5512
v 11599 395 -11595
vt -456.496 15.5512
v 11599 205 -11595
vt -456.496 8.07087
v 11599 205 -11205
vt -441.142 8.07087
f 899/1365/1 900/1366/1 901/1367/1 902/1368/1 

g Mesh78 Model

v 11799 205 -11605
vt 456.89 8.07087
v 11799 205 -11995
vt 472.244 8.07087
v 11799 395 -11995
vt 472.244 15.5512
v 11799 395 -11605
vt 456.89 15.5512
f 903/1369/6 904/1370/6 905/1371/6 906/1372/6 

g Mesh79 Model

v 11799 205 -12005
vt 472.638 8.07087
v 11799 205 -12395
vt 487.992 8.07087
v 11799 395 -12395
vt 487.992 15.5512
v 11799 395 -12005
vt 472.638 15.5512
f 907/1373/6 908/1374/6 909/1375/6 910/1376/6 

g Mesh80 Model

v 11799 405 -12405
vt 488.386 15.9449
v 11799 405 -12795
vt 503.74 15.9449
v 11799 600 -12795
vt 503.74 23.622
v 11799 600 -12405
vt 488.386 23.622
f 911/1377/6 912/1378/6 913/1379/6 914/1380/6 

vt 464.526 488.386
vt 464.526 503.74
v 11599 600 -12795
vt 456.652 503.74
v 11599 600 -12405
vt 456.652 488.386
f 914/1381/4 913/1382/4 915/1383/4 916/1384/4 

vt -488.386 23.622
vt -503.74 23.622
v 11599 405 -12795
vt -503.74 15.9449
v 11599 405 -12405
vt -488.386 15.9449
f 916/1385/1 915/1386/1 917/1387/1 918/1388/1 

g Mesh81 Model

v 11799 405 -12005
vt 472.638 15.9449
v 11799 405 -12395
vt 487.992 15.9449
v 11799 600 -12395
vt 487.992 23.622
v 11799 600 -12005
vt 472.638 23.622
f 919/1389/6 920/1390/6 921/1391/6 922/1392/6 

vt 464.526 472.638
vt 464.526 487.992
v 11599 600 -12395
vt 456.652 487.992
v 11599 600 -12005
vt 456.652 472.638
f 922/1393/4 921/1394/4 923/1395/4 924/1396/4 

vt -472.638 23.622
vt -487.992 23.622
v 11599 405 -12395
vt -487.992 15.9449
v 11599 405 -12005
vt -472.638 15.9449
f 924/1397/1 923/1398/1 925/1399/1 926/1400/1 

g Mesh82 Model

v 11799 205 -12405
vt 488.386 8.07087
v 11799 205 -12795
vt 503.74 8.07087
v 11799 395 -12795
vt 503.74 15.5512
v 11799 395 -12405
vt 488.386 15.5512
f 927/1401/6 928/1402/6 929/1403/6 930/1404/6 

g Mesh83 Model

v 11599 395 -11605
vt -456.89 15.5512
v 11599 395 -11995
vt -472.244 15.5512
v 11599 205 -11995
vt -472.244 8.07087
v 11599 205 -11605
vt -456.89 8.07087
f 931/1405/1 932/1406/1 933/1407/1 934/1408/1 

g Mesh84 Model

v 11799 600 -12805
vt 464.526 504.134
v 11799 600 -13195
vt 464.526 519.488
v 11599 600 -13195
vt 456.652 519.488
v 11599 600 -12805
vt 456.652 504.134
f 935/1409/4 936/1410/4 937/1411/4 938/1412/4 

v 11799 405 -12805
vt 504.134 15.9449
v 11799 405 -13195
vt 519.488 15.9449
vt 519.488 23.622
vt 504.134 23.622
f 939/1413/6 940/1414/6 936/1415/6 935/1416/6 

vt -504.134 23.622
vt -519.488 23.622
v 11599 405 -13195
vt -519.488 15.9449
v 11599 405 -12805
vt -504.134 15.9449
f 938/1417/1 937/1418/1 941/1419/1 942/1420/1 

g Mesh85 Model

v 11599 395 -12005
vt -472.638 15.5512
v 11599 395 -12395
vt -487.992 15.5512
v 11599 205 -12395
vt -487.992 8.07087
v 11599 205 -12005
vt -472.638 8.07087
f 943/1421/1 944/1422/1 945/1423/1 946/1424/1 

g Mesh86 Model

v 11799 205 -12805
vt 504.134 8.07087
v 11799 205 -13195
vt 519.488 8.07087
v 11799 395 -13195
vt 519.488 15.5512
v 11799 395 -12805
vt 504.134 15.5512
f 947/1425/6 948/1426/6 949/1427/6 950/1428/6 

g Mesh87 Model

v 11599 395 -12405
vt -488.386 15.5512
v 11599 395 -12795
vt -503.74 15.5512
v 11599 205 -12795
vt -503.74 8.07087
v 11599 205 -12405
vt -488.386 8.07087
f 951/1429/1 952/1430/1 953/1431/1 954/1432/1 

g Mesh88 Model

v 11799 205 -13205
vt 519.882 8.07087
v 11799 205 -13595
vt 535.236 8.07087
v 11799 395 -13595
vt 535.236 15.5512
v 11799 395 -13205
vt 519.882 15.5512
f 955/1433/6 956/1434/6 957/1435/6 958/1436/6 

g Mesh89 Model

v 11799 600 -13605
vt 464.526 535.63
v 11799 600 -13995
vt 464.526 550.984
v 11599 600 -13995
vt 456.652 550.984
v 11599 600 -13605
vt 456.652 535.63
f 959/1437/4 960/1438/4 961/1439/4 962/1440/4 

v 11799 405 -13605
vt 535.63 15.9449
v 11799 405 -13995
vt 550.984 15.9449
vt 550.984 23.622
vt 535.63 23.622
f 963/1441/6 964/1442/6 960/1443/6 959/1444/6 

vt -535.63 23.622
vt -550.984 23.622
v 11599 405 -13995
vt -550.984 15.9449
v 11599 405 -13605
vt -535.63 15.9449
f 962/1445/1 961/1446/1 965/1447/1 966/1448/1 

g Mesh90 Model

v 11599 395 -13205
vt -519.882 15.5512
v 11599 395 -13595
vt -535.236 15.5512
v 11599 205 -13595
vt -535.236 8.07087
v 11599 205 -13205
vt -519.882 8.07087
f 967/1449/1 968/1450/1 969/1451/1 970/1452/1 

g Mesh91 Model

v 11599 600 -13205
vt -519.882 23.622
v 11599 600 -13595
vt -535.236 23.622
v 11599 405 -13595
vt -535.236 15.9449
v 11599 405 -13205
vt -519.882 15.9449
f 971/1453/1 972/1454/1 973/1455/1 974/1456/1 

v 11799 600 -13205
vt 464.526 519.882
v 11799 600 -13595
vt 464.526 535.236
vt 456.652 535.236
vt 456.652 519.882
f 975/1457/4 976/1458/4 972/1459/4 971/1460/4 

v 11799 405 -13205
vt 519.882 15.9449
v 11799 405 -13595
vt 535.236 15.9449
vt 535.236 23.622
vt 519.882 23.622
f 977/1461/6 978/1462/6 976/1463/6 975/1464/6 

g Mesh92 Model

v 11799 205 -13605
vt 535.63 8.07087
v 11799 205 -13995
vt 550.984 8.07087
v 11799 395 -13995
vt 550.984 15.5512
v 11799 395 -13605
vt 535.63 15.5512
f 979/1465/6 980/1466/6 981/1467/6 982/1468/6 

g Mesh93 Model

v 11599 395 -12805
vt -504.134 15.5512
v 11599 395 -13195
vt -519.488 15.5512
v 11599 205 -13195
vt -519.488 8.07087
v 11599 205 -12805
vt -504.134 8.07087
f 983/1469/1 984/1470/1 985/1471/1 986/1472/1 

g Mesh94 Model

v 11799 600 -14005
vt 464.526 551.378
v 11799 600 -14395
vt 464.526 566.732
v 11599 600 -14395
vt 456.652 566.732
v 11599 600 -14005
vt 456.652 551.378
f 987/1473/4 988/1474/4 989/1475/4 990/1476/4 

v 11799 405 -14005
vt 551.378 15.9449
v 11799 405 -14395
vt 566.732 15.9449
vt 566.732 23.622
vt 551.378 23.622
f 991/1477/6 992/1478/6 988/1479/6 987/1480/6 

vt -551.378 23.622
vt -566.732 23.622
v 11599 405 -14395
vt -566.732 15.9449
v 11599 405 -14005
vt -551.378 15.9449
f 990/1481/1 989/1482/1 993/1483/1 994/1484/1 

g Mesh95 Model

v 11799 205 -14005
vt 551.378 8.07087
v 11799 205 -14395
vt 566.732 8.07087
v 11799 395 -14395
vt 566.732 15.5512
v 11799 395 -14005
vt 551.378 15.5512
f 995/1485/6 996/1486/6 997/1487/6 998/1488/6 

g Mesh96 Model

v 11599 395 -13605
vt -535.63 15.5512
v 11599 395 -13995
vt -550.984 15.5512
v 11599 205 -13995
vt -550.984 8.07087
v 11599 205 -13605
vt -535.63 8.07087
f 999/1489/1 1000/1490/1 1001/1491/1 1002/1492/1 

g Mesh97 Model

v 11799 600 -14805
vt 464.526 582.874
v 11799 600 -15195
vt 464.526 598.228
v 11599 600 -15195
vt 456.652 598.228
v 11599 600 -14805
vt 456.652 582.874
f 1003/1493/4 1004/1494/4 1005/1495/4 1006/1496/4 

v 11799 405 -14805
vt 582.874 15.9449
v 11799 405 -15195
vt 598.228 15.9449
vt 598.228 23.622
vt 582.874 23.622
f 1007/1497/6 1008/1498/6 1004/1499/6 1003/1500/6 

vt -582.874 23.622
vt -598.228 23.622
v 11599 405 -15195
vt -598.228 15.9449
v 11599 405 -14805
vt -582.874 15.9449
f 1006/1501/1 1005/1502/1 1009/1503/1 1010/1504/1 

g Mesh98 Model

v 11599 395 -14005
vt -551.378 15.5512
v 11599 395 -14395
vt -566.732 15.5512
v 11599 205 -14395
vt -566.732 8.07087
v 11599 205 -14005
vt -551.378 8.07087
f 1011/1505/1 1012/1506/1 1013/1507/1 1014/1508/1 

g Mesh99 Model

v 11799 205 -14405
vt 567.126 8.07087
v 11799 205 -14795
vt 582.48 8.07087
v 11799 395 -14795
vt 582.48 15.5512
v 11799 395 -14405
vt 567.126 15.5512
f 1015/1509/6 1016/1510/6 1017/1511/6 1018/1512/6 

g Mesh100 Model

v 11799 405 -14405
vt 567.126 15.9449
v 11799 405 -14795
vt 582.48 15.9449
v 11799 600 -14795
vt 582.48 23.622
v 11799 600 -14405
vt 567.126 23.622
f 1019/1513/6 1020/1514/6 1021/1515/6 1022/1516/6 

vt 464.526 567.126
vt 464.526 582.48
v 11599 600 -14795
vt 456.652 582.48
v 11599 600 -14405
vt 456.652 567.126
f 1022/1517/4 1021/1518/4 1023/1519/4 1024/1520/4 

vt -567.126 23.622
vt -582.48 23.622
v 11599 405 -14795
vt -582.48 15.9449
v 11599 405 -14405
vt -567.126 15.9449
f 1024/1521/1 1023/1522/1 1025/1523/1 1026/1524/1 

g Mesh101 Model

v 11599 395 -14405
vt -567.126 15.5512
v 11599 395 -14795
vt -582.48 15.5512
v 11599 205 -14795
vt -582.48 8.07087
v 11599 205 -14405
vt -567.126 8.07087
f 1027/1525/1 1028/1526/1 1029/1527/1 1030/1528/1 

g Mesh102 Model

v 11799 205 -14805
vt 582.874 8.07087
v 11799 205 -15195
vt 598.228 8.07087
v 11799 395 -15195
vt 598.228 15.5512
v 11799 395 -14805
vt 582.874 15.5512
f 1031/1529/6 1032/1530/6 1033/1531/6 1034/1532/6 

g Mesh103 Model

v 3398.97 205 -4000
vt 133.818 8.07087
v 3398.97 395 -4000
vt 133.818 15.5512
v 3198.97 395 -4000
vt 125.944 15.5512
v 3198.97 205 -4000
vt 125.944 8.07087
f 1035/1533/5 1036/1534/5 1037/1535/5 1038/1536/5 

v 3398.97 205 -4395
v 3398.97 395 -4395
f 1035/1005/6 1039/1006/6 1040/1007/6 1036/1008/6 

v 3198.97 395 -4395
v 3198.97 205 -4395
f 1037/997/1 1041/998/1 1042/999/1 1038/1000/1 

g Mesh104 Model

v 3198.97 600 -4000
vt 125.944 23.622
v 3198.97 405 -4000
vt 125.944 15.9449
v 3398.97 405 -4000
vt 133.818 15.9449
v 3398.97 600 -4000
vt 133.818 23.622
f 1043/1537/5 1044/1538/5 1045/1539/5 1046/1540/5 

v 3198.97 600 -4395
v 3198.97 405 -4395
f 1043/981/1 1047/982/1 1048/983/1 1044/984/1 

v 3398.97 405 -4395
v 3398.97 600 -4395
f 1045/989/6 1049/990/6 1050/991/6 1046/992/6 

g Mesh105 Model

v 11599 395 -14805
vt -582.874 15.5512
v 11599 395 -15195
vt -598.228 15.5512
v 11599 205 -15195
vt -598.228 8.07087
v 11599 205 -14805
vt -582.874 8.07087
f 1051/1541/1 1052/1542/1 1053/1543/1 1054/1544/1 

g Mesh106 Model

v 3198.97 205 -15600
vt -614.173 8.07087
v 3198.97 205 -15205
vt -598.622 8.07087
v 3198.97 395 -15205
vt -598.622 15.5512
v 3198.97 395 -15600
vt -614.173 15.5512
f 1055/1545/1 1056/1546/1 1057/1547/1 1058/1548/1 

vt -125.944 15.5512
v 3393.97 395 -15600
vt -133.621 15.5512
v 3393.97 205 -15600
vt -133.621 8.07087
vt -125.944 8.07087
f 1058/1549/3 1059/1550/3 1060/1551/3 1055/1552/3 

g Mesh107 Model

v 3398.97 0 -4000
vt 133.818 0
v 3398.97 195 -4000
v 3198.97 195 -4000
vt 125.944 7.67717
v 3198.97 0 -4000
vt 125.944 0
f 1061/1553/5 1062/568/5 1063/1554/5 1064/1555/5 

v 3398.97 0 -4155.53
vt 163.603 0
v 3398.97 0 -4395
v 3398.97 195 -4395
f 1065/1556/6 1066/964/6 1067/965/6 1062/966/6 1061/963/6 

usemtl FrontColor
vt -125.944 157.48
v 3198.97 0 -4395
vt -125.944 173.031
vt -133.818 173.031
vt -133.818 163.603
vt -133.818 157.48
f 1064/1557/2 1068/1558/2 1066/1559/2 1065/1560/2 1061/1561/2 

usemtl _Olive_
v 3198.97 195 -4395
f 1063/353/1 1069/354/1 1068/355/1 1064/356/1 

g Mesh108 Model

v 3398.97 405 -4405
v 3398.97 405 -4795
v 3398.97 600 -4795
v 3398.97 600 -4405
f 1070/973/6 1071/974/6 1072/975/6 1073/976/6 

g Mesh109 Model

v 3398.97 205 -4405
v 3398.97 205 -4795
v 3398.97 395 -4795
v 3398.97 395 -4405
f 1074/1009/6 1075/1010/6 1076/1011/6 1077/1012/6 

g Mesh110 Model

v 3198.97 405 -15600
vt -614.173 15.9449
v 3198.97 405 -15205
vt -598.622 15.9449
v 3198.97 600 -15205
vt -598.622 23.622
v 3198.97 600 -15600
vt -614.173 23.622
f 1078/1562/1 1079/1563/1 1080/1564/1 1081/1565/1 

vt -125.944 23.622
v 3393.97 600 -15600
vt -133.621 23.622
v 3393.97 405 -15600
vt -133.621 15.9449
vt -125.944 15.9449
f 1081/1566/3 1082/1567/3 1083/1568/3 1078/1569/3 

g Mesh111 Model

v 3398.97 0 -4405
v 3398.97 0 -4795
v 3398.97 195 -4795
v 3398.97 195 -4405
f 1084/768/6 1085/769/6 1086/770/6 1087/771/6 

usemtl FrontColor
v 3198.97 0 -4405
vt -125.944 173.425
v 3198.97 0 -4795
vt -125.944 188.78
vt -133.818 188.78
vt -133.818 173.425
f 1088/1570/2 1089/1571/2 1085/1572/2 1084/1573/2 

usemtl _Olive_
v 3198.97 195 -4405
v 3198.97 195 -4795
f 1090/772/1 1091/773/1 1089/774/1 1088/775/1 

g Mesh112 Model

v 3198.97 600 -4405
v 3198.97 600 -4795
v 3198.97 405 -4795
v 3198.97 405 -4405
f 1092/977/1 1093/978/1 1094/979/1 1095/980/1 

g Mesh113 Model

v 3398.97 405 -4805
v 3398.97 405 -5195
v 3398.97 600 -5195
v 3398.97 600 -4805
f 1096/1017/6 1097/1018/6 1098/1019/6 1099/1020/6 

g Mesh114 Model

v 3398.97 205 -4805
v 3398.97 205 -5195
v 3398.97 395 -5195
v 3398.97 395 -4805
f 1100/1049/6 1101/1050/6 1102/1051/6 1103/1052/6 

g Mesh115 Model

v 3398.97 0 -4805
v 3398.97 0 -5195
v 3398.97 195 -5195
v 3398.97 195 -4805
f 1104/764/6 1105/765/6 1106/766/6 1107/767/6 

usemtl FrontColor
v 3198.97 0 -4805
vt -125.944 189.173
v 3198.97 0 -5195
vt -125.944 204.528
vt -133.818 204.528
vt -133.818 189.173
f 1108/1574/2 1109/1575/2 1105/1576/2 1104/1577/2 

usemtl _Olive_
v 3198.97 195 -4805
v 3198.97 195 -5195
f 1110/776/1 1111/777/1 1109/778/1 1108/779/1 

g Mesh116 Model

v 3198.97 395 -4405
v 3198.97 395 -4795
v 3198.97 205 -4795
v 3198.97 205 -4405
f 1112/1041/1 1113/1042/1 1114/1043/1 1115/1044/1 

g Mesh117 Model

v 3198.97 195 -5205
v 3198.97 195 -5595
v 3198.97 0 -5595
v 3198.97 0 -5205
f 1116/780/1 1117/781/1 1118/782/1 1119/783/1 

usemtl FrontColor
vt -125.944 204.921
vt -125.944 220.276
v 3398.97 0 -5595
vt -133.818 220.276
v 3398.97 0 -5205
vt -133.818 204.921
f 1119/1578/2 1118/1579/2 1120/1580/2 1121/1581/2 

usemtl _Olive_
v 3398.97 195 -5595
v 3398.97 195 -5205
f 1121/760/6 1120/761/6 1122/762/6 1123/763/6 

g Mesh118 Model

v 3198.97 600 -4805
v 3198.97 600 -5195
v 3198.97 405 -5195
v 3198.97 405 -4805
f 1124/1021/1 1125/1022/1 1126/1023/1 1127/1024/1 

g Mesh119 Model

v 3398.97 405 -5605
v 3398.97 405 -5995
v 3398.97 600 -5995
v 3398.97 600 -5605
f 1128/1053/6 1129/1054/6 1130/1055/6 1131/1056/6 

g Mesh120 Model

v 3198.97 395 -5205
v 3198.97 395 -5595
v 3198.97 205 -5595
v 3198.97 205 -5205
f 1132/1065/1 1133/1066/1 1134/1067/1 1135/1068/1 

g Mesh121 Model

v 3198.97 395 -4805
v 3198.97 395 -5195
v 3198.97 205 -5195
v 3198.97 205 -4805
f 1136/1045/1 1137/1046/1 1138/1047/1 1139/1048/1 

g Mesh122 Model

v 3198.97 600 -5205
v 3198.97 600 -5595
v 3198.97 405 -5595
v 3198.97 405 -5205
f 1140/1033/1 1141/1034/1 1142/1035/1 1143/1036/1 

g Mesh123 Model

v 3398.97 205 -5605
v 3398.97 205 -5995
v 3398.97 395 -5995
v 3398.97 395 -5605
f 1144/1069/6 1145/1070/6 1146/1071/6 1147/1072/6 

g Mesh124 Model

v 3398.97 405 -5205
v 3398.97 405 -5595
v 3398.97 600 -5595
v 3398.97 600 -5205
f 1148/1025/6 1149/1026/6 1150/1027/6 1151/1028/6 

g Mesh125 Model

v 3398.97 205 -5205
v 3398.97 205 -5595
v 3398.97 395 -5595
v 3398.97 395 -5205
f 1152/1037/6 1153/1038/6 1154/1039/6 1155/1040/6 

g Mesh126 Model

usemtl FrontColor
v 3198.97 0 -5605
vt -125.944 220.669
v 3198.97 0 -5995
vt -125.944 236.024
v 3398.97 0 -5995
vt -133.818 236.024
v 3398.97 0 -5605
vt -133.818 220.669
f 1156/1582/2 1157/1583/2 1158/1584/2 1159/1585/2 

usemtl _Olive_
v 3198.97 195 -5605
v 3198.97 195 -5995
f 1160/784/1 1161/785/1 1157/786/1 1156/787/1 

v 3398.97 195 -5995
v 3398.97 195 -5605
f 1159/756/6 1158/757/6 1162/758/6 1163/759/6 

g Mesh127 Model

v 3398.97 0 -6005
v 3398.97 0 -6395
v 3398.97 195 -6395
v 3398.97 195 -6005
f 1164/752/6 1165/753/6 1166/754/6 1167/755/6 

usemtl FrontColor
v 3198.97 0 -6005
vt -125.944 236.417
v 3198.97 0 -6395
vt -125.944 251.772
vt -133.818 251.772
vt -133.818 236.417
f 1168/1586/2 1169/1587/2 1165/1588/2 1164/1589/2 

usemtl _Olive_
v 3198.97 195 -6005
v 3198.97 195 -6395
f 1170/788/1 1171/789/1 1169/790/1 1168/791/1 

g Mesh128 Model

v 3398.97 405 -6005
v 3398.97 405 -6395
v 3398.97 600 -6395
v 3398.97 600 -6005
f 1172/1093/6 1173/1094/6 1174/1095/6 1175/1096/6 

g Mesh129 Model

v 3198.97 395 -5605
v 3198.97 395 -5995
v 3198.97 205 -5995
v 3198.97 205 -5605
f 1176/1101/1 1177/1102/1 1178/1103/1 1179/1104/1 

g Mesh130 Model

v 3198.97 600 -5605
v 3198.97 600 -5995
v 3198.97 405 -5995
v 3198.97 405 -5605
f 1180/1061/1 1181/1062/1 1182/1063/1 1183/1064/1 

g Mesh131 Model

v 3398.97 205 -6005
v 3398.97 205 -6395
v 3398.97 395 -6395
v 3398.97 395 -6005
f 1184/1085/6 1185/1086/6 1186/1087/6 1187/1088/6 

g Mesh132 Model

v 3398.97 205 -6405
v 3398.97 205 -6795
v 3398.97 395 -6795
v 3398.97 395 -6405
f 1188/1105/6 1189/1106/6 1190/1107/6 1191/1108/6 

g Mesh133 Model

v 3198.97 395 -6005
v 3198.97 395 -6395
v 3198.97 205 -6395
v 3198.97 205 -6005
f 1192/1109/1 1193/1110/1 1194/1111/1 1195/1112/1 

g Mesh134 Model

usemtl FrontColor
v 3198.97 0 -6405
vt -125.944 252.165
v 3198.97 0 -6795
vt -125.944 267.52
v 3398.97 0 -6795
vt -133.818 267.52
v 3398.97 0 -6405
vt -133.818 252.165
f 1196/1590/2 1197/1591/2 1198/1592/2 1199/1593/2 

usemtl _Olive_
v 3198.97 195 -6405
v 3198.97 195 -6795
f 1200/792/1 1201/793/1 1197/794/1 1196/795/1 

v 3398.97 195 -6795
v 3398.97 195 -6405
f 1199/748/6 1198/749/6 1202/750/6 1203/751/6 

g Mesh135 Model

v 3398.97 405 -6805
v 3398.97 405 -7195
v 3398.97 600 -7195
v 3398.97 600 -6805
f 1204/1113/6 1205/1114/6 1206/1115/6 1207/1116/6 

g Mesh136 Model

v 3398.97 405 -6405
v 3398.97 405 -6795
v 3398.97 600 -6795
v 3398.97 600 -6405
f 1208/1077/6 1209/1078/6 1210/1079/6 1211/1080/6 

g Mesh137 Model

v 3198.97 600 -6005
v 3198.97 600 -6395
v 3198.97 405 -6395
v 3198.97 405 -6005
f 1212/1097/1 1213/1098/1 1214/1099/1 1215/1100/1 

g Mesh138 Model

v 3398.97 405 -7205
v 3398.97 405 -7595
v 3398.97 600 -7595
v 3398.97 600 -7205
f 1216/1133/6 1217/1134/6 1218/1135/6 1219/1136/6 

g Mesh139 Model

v 3198.97 195 -6805
v 3198.97 195 -7195
v 3198.97 0 -7195
v 3198.97 0 -6805
f 1220/796/1 1221/797/1 1222/798/1 1223/799/1 

usemtl FrontColor
vt -125.944 267.913
vt -125.944 283.268
v 3398.97 0 -7195
vt -133.818 283.268
v 3398.97 0 -6805
vt -133.818 267.913
f 1223/1594/2 1222/1595/2 1224/1596/2 1225/1597/2 

usemtl _Olive_
v 3398.97 195 -7195
v 3398.97 195 -6805
f 1225/744/6 1224/745/6 1226/746/6 1227/747/6 

g Mesh140 Model

v 3398.97 205 -6805
v 3398.97 205 -7195
v 3398.97 395 -7195
v 3398.97 395 -6805
f 1228/1125/6 1229/1126/6 1230/1127/6 1231/1128/6 

g Mesh141 Model

v 3398.97 205 -7205
v 3398.97 205 -7595
v 3398.97 395 -7595
v 3398.97 395 -7205
f 1232/1169/6 1233/1170/6 1234/1171/6 1235/1172/6 

g Mesh142 Model

v 3198.97 600 -6405
v 3198.97 600 -6795
v 3198.97 405 -6795
v 3198.97 405 -6405
f 1236/1081/1 1237/1082/1 1238/1083/1 1239/1084/1 

g Mesh143 Model

v 3198.97 395 -6405
v 3198.97 395 -6795
v 3198.97 205 -6795
v 3198.97 205 -6405
f 1240/1129/1 1241/1130/1 1242/1131/1 1243/1132/1 

g Mesh144 Model

v 3398.97 0 -7205
v 3398.97 0 -7595
v 3398.97 195 -7595
v 3398.97 195 -7205
f 1244/740/6 1245/741/6 1246/742/6 1247/743/6 

usemtl FrontColor
v 3198.97 0 -7205
vt -125.944 283.661
v 3198.97 0 -7595
vt -125.944 299.016
vt -133.818 299.016
vt -133.818 283.661
f 1248/1598/2 1249/1599/2 1245/1600/2 1244/1601/2 

usemtl _Olive_
v 3198.97 195 -7205
v 3198.97 195 -7595
f 1250/800/1 1251/801/1 1249/802/1 1248/803/1 

g Mesh145 Model

v 3198.97 395 -6805
v 3198.97 395 -7195
v 3198.97 205 -7195
v 3198.97 205 -6805
f 1252/1165/1 1253/1166/1 1254/1167/1 1255/1168/1 

g Mesh146 Model

v 3198.97 600 -6805
v 3198.97 600 -7195
v 3198.97 405 -7195
v 3198.97 405 -6805
f 1256/1121/1 1257/1122/1 1258/1123/1 1259/1124/1 

g Mesh147 Model

v 3198.97 395 -7205
v 3198.97 395 -7595
v 3198.97 205 -7595
v 3198.97 205 -7205
f 1260/1145/1 1261/1146/1 1262/1147/1 1263/1148/1 

g Mesh148 Model

v 3398.97 405 -7605
v 3398.97 405 -7995
v 3398.97 600 -7995
v 3398.97 600 -7605
f 1264/1149/6 1265/1150/6 1266/1151/6 1267/1152/6 

g Mesh149 Model

v 3398.97 205 -7605
v 3398.97 205 -7995
v 3398.97 395 -7995
v 3398.97 395 -7605
f 1268/1161/6 1269/1162/6 1270/1163/6 1271/1164/6 

g Mesh150 Model

v 3398.97 0 -7605
v 3398.97 0 -7995
v 3398.97 195 -7995
v 3398.97 195 -7605
f 1272/736/6 1273/737/6 1274/738/6 1275/739/6 

usemtl FrontColor
v 3198.97 0 -7605
vt -125.944 299.409
v 3198.97 0 -7995
vt -125.944 314.764
vt -133.818 314.764
vt -133.818 299.409
f 1276/1602/2 1277/1603/2 1273/1604/2 1272/1605/2 

usemtl _Olive_
v 3198.97 195 -7605
v 3198.97 195 -7995
f 1278/804/1 1279/805/1 1277/806/1 1276/807/1 

g Mesh151 Model

v 3198.97 600 -7205
v 3198.97 600 -7595
v 3198.97 405 -7595
v 3198.97 405 -7205
f 1280/1141/1 1281/1142/1 1282/1143/1 1283/1144/1 

g Mesh152 Model

v 3198.97 600 -7605
v 3198.97 600 -7995
v 3198.97 405 -7995
v 3198.97 405 -7605
f 1284/1157/1 1285/1158/1 1286/1159/1 1287/1160/1 

g Mesh153 Model

v 3198.97 395 -7605
v 3198.97 395 -7995
v 3198.97 205 -7995
v 3198.97 205 -7605
f 1288/1185/1 1289/1186/1 1290/1187/1 1291/1188/1 

g Mesh154 Model

v 3398.97 0 -8005
v 3398.97 0 -8395
v 3398.97 195 -8395
v 3398.97 195 -8005
f 1292/732/6 1293/733/6 1294/734/6 1295/735/6 

usemtl FrontColor
v 3198.97 0 -8005
vt -125.944 315.157
v 3198.97 0 -8395
vt -125.944 330.512
vt -133.818 330.512
vt -133.818 315.157
f 1296/1606/2 1297/1607/2 1293/1608/2 1292/1609/2 

usemtl _Olive_
v 3198.97 195 -8005
v 3198.97 195 -8395
f 1298/808/1 1299/809/1 1297/810/1 1296/811/1 

g Mesh155 Model

v 3398.97 405 -8005
v 3398.97 405 -8395
v 3398.97 600 -8395
v 3398.97 600 -8005
f 1300/1177/6 1301/1178/6 1302/1179/6 1303/1180/6 

g Mesh156 Model

v 3398.97 205 -8005
v 3398.97 205 -8395
v 3398.97 395 -8395
v 3398.97 395 -8005
f 1304/1189/6 1305/1190/6 1306/1191/6 1307/1192/6 

g Mesh157 Model

v 3398.97 205 -8405
v 3398.97 205 -8795
v 3398.97 395 -8795
v 3398.97 395 -8405
f 1308/1221/6 1309/1222/6 1310/1223/6 1311/1224/6 

g Mesh158 Model

v 3198.97 600 -8005
v 3198.97 600 -8395
v 3198.97 405 -8395
v 3198.97 405 -8005
f 1312/1181/1 1313/1182/1 1314/1183/1 1315/1184/1 

g Mesh159 Model

usemtl FrontColor
v 3198.97 0 -8405
vt -125.944 330.906
v 3198.97 0 -8795
vt -125.944 346.26
v 3398.97 0 -8795
vt -133.818 346.26
v 3398.97 0 -8405
vt -133.818 330.906
f 1316/1610/2 1317/1611/2 1318/1612/2 1319/1613/2 

usemtl _Olive_
v 3198.97 195 -8405
v 3198.97 195 -8795
f 1320/812/1 1321/813/1 1317/814/1 1316/815/1 

v 3398.97 195 -8795
v 3398.97 195 -8405
f 1319/728/6 1318/729/6 1322/730/6 1323/731/6 

g Mesh160 Model

v 3198.97 600 -8405
v 3198.97 600 -8795
v 3198.97 405 -8795
v 3198.97 405 -8405
f 1324/1193/1 1325/1194/1 1326/1195/1 1327/1196/1 

g Mesh161 Model

v 3198.97 395 -8005
v 3198.97 395 -8395
v 3198.97 205 -8395
v 3198.97 205 -8005
f 1328/1229/1 1329/1230/1 1330/1231/1 1331/1232/1 

g Mesh162 Model

v 3198.97 395 -8405
v 3198.97 395 -8795
v 3198.97 205 -8795
v 3198.97 205 -8405
f 1332/1217/1 1333/1218/1 1334/1219/1 1335/1220/1 

g Mesh163 Model

v 3398.97 205 -8805
v 3398.97 205 -9195
v 3398.97 395 -9195
v 3398.97 395 -8805
f 1336/1225/6 1337/1226/6 1338/1227/6 1339/1228/6 

g Mesh164 Model

v 3398.97 405 -8405
v 3398.97 405 -8795
v 3398.97 600 -8795
v 3398.97 600 -8405
f 1340/1201/6 1341/1202/6 1342/1203/6 1343/1204/6 

g Mesh165 Model

v 3398.97 0 -8805
v 3398.97 0 -9195
v 3398.97 195 -9195
v 3398.97 195 -8805
f 1344/724/6 1345/725/6 1346/726/6 1347/727/6 

usemtl FrontColor
v 3198.97 0 -8805
vt -125.944 346.654
v 3198.97 0 -9195
vt -125.944 362.008
vt -133.818 362.008
vt -133.818 346.654
f 1348/1614/2 1349/1615/2 1345/1616/2 1344/1617/2 

usemtl _Olive_
v 3198.97 195 -8805
v 3198.97 195 -9195
f 1350/816/1 1351/817/1 1349/818/1 1348/819/1 

g Mesh166 Model

v 3398.97 405 -8805
v 3398.97 405 -9195
v 3398.97 600 -9195
v 3398.97 600 -8805
f 1352/1205/6 1353/1206/6 1354/1207/6 1355/1208/6 

g Mesh167 Model

v 3198.97 395 -8805
v 3198.97 395 -9195
v 3198.97 205 -9195
v 3198.97 205 -8805
f 1356/1245/1 1357/1246/1 1358/1247/1 1359/1248/1 

g Mesh168 Model

v 3198.97 600 -8805
v 3198.97 600 -9195
v 3198.97 405 -9195
v 3198.97 405 -8805
f 1360/1213/1 1361/1214/1 1362/1215/1 1363/1216/1 

g Mesh169 Model

v 3198.97 600 -9205
v 3198.97 600 -9595
v 3198.97 405 -9595
v 3198.97 405 -9205
f 1364/1241/1 1365/1242/1 1366/1243/1 1367/1244/1 

g Mesh170 Model

v 3398.97 205 -9605
v 3398.97 205 -9995
v 3398.97 395 -9995
v 3398.97 395 -9605
f 1368/1253/6 1369/1254/6 1370/1255/6 1371/1256/6 

g Mesh171 Model

v 3198.97 195 -9605
v 3198.97 195 -9995
v 3198.97 0 -9995
v 3198.97 0 -9605
f 1372/824/1 1373/825/1 1374/826/1 1375/827/1 

g Mesh172 Model

v 3198.97 395 -9605
v 3198.97 395 -9995
v 3198.97 205 -9995
v 3198.97 205 -9605
f 1376/1289/1 1377/1290/1 1378/1291/1 1379/1292/1 

g Mesh173 Model

v 3398.97 0 -9605
v 3398.97 0 -9995
v 3398.97 195 -9995
v 3398.97 195 -9605
f 1380/716/6 1381/717/6 1382/718/6 1383/719/6 

usemtl FrontColor
vt -133.818 378.15
v 3388.97 0 -9605
vt -133.424 378.15
v 3388.97 0 -9995
vt -133.424 393.504
vt -133.818 393.504
f 1380/1618/2 1384/1619/2 1385/1620/2 1381/1621/2 

g Mesh174 Model

usemtl _Olive_
v 3398.97 405 -10405
v 3398.97 405 -10795
v 3398.97 600 -10795
v 3398.97 600 -10405
f 1386/1301/6 1387/1302/6 1388/1303/6 1389/1304/6 

g Mesh175 Model

v 3398.97 205 -10405
v 3398.97 205 -10795
v 3398.97 395 -10795
v 3398.97 395 -10405
f 1390/1293/6 1391/1294/6 1392/1295/6 1393/1296/6 

g Mesh176 Model

v 3398.97 0 -10405
v 3398.97 0 -10795
v 3398.97 195 -10795
v 3398.97 195 -10405
f 1394/708/6 1395/709/6 1396/710/6 1397/711/6 

usemtl FrontColor
v 3198.97 0 -10405
vt -125.944 409.646
v 3198.97 0 -10795
vt -125.944 425
vt -133.818 425
vt -133.818 409.646
f 1398/1622/2 1399/1623/2 1395/1624/2 1394/1625/2 

usemtl _Olive_
v 3198.97 195 -10405
v 3198.97 195 -10795
f 1400/832/1 1401/833/1 1399/834/1 1398/835/1 

g Mesh177 Model

v 3398.97 0 -10805
v 3398.97 0 -11195
v 3398.97 195 -11195
v 3398.97 195 -10805
f 1402/704/6 1403/705/6 1404/706/6 1405/707/6 

usemtl FrontColor
v 3198.97 0 -10805
vt -125.944 425.394
v 3198.97 0 -11195
vt -125.944 440.748
vt -133.818 440.748
vt -133.818 425.394
f 1406/1626/2 1407/1627/2 1403/1628/2 1402/1629/2 

usemtl _Olive_
v 3198.97 195 -10805
v 3198.97 195 -11195
f 1408/836/1 1409/837/1 1407/838/1 1406/839/1 

g Mesh178 Model

v 3198.97 395 -10805
v 3198.97 395 -11195
v 3198.97 205 -11195
v 3198.97 205 -10805
f 1410/1317/1 1411/1318/1 1412/1319/1 1413/1320/1 

g Mesh179 Model

v 3198.97 600 -10805
v 3198.97 600 -11195
v 3198.97 405 -11195
v 3198.97 405 -10805
f 1414/1349/1 1415/1350/1 1416/1351/1 1417/1352/1 

g Mesh180 Model

v 3398.97 0 -11205
v 3398.97 0 -11595
v 3398.97 195 -11595
v 3398.97 195 -11205
f 1418/700/6 1419/701/6 1420/702/6 1421/703/6 

usemtl FrontColor
v 3198.97 0 -11205
vt -125.944 441.142
v 3198.97 0 -11595
vt -125.944 456.496
vt -133.818 456.496
vt -133.818 441.142
f 1422/1630/2 1423/1631/2 1419/1632/2 1418/1633/2 

usemtl _Olive_
v 3198.97 195 -11205
v 3198.97 195 -11595
f 1424/840/1 1425/841/1 1423/842/1 1422/843/1 

g Mesh181 Model

v 3198.97 600 -10405
v 3198.97 600 -10795
v 3198.97 405 -10795
v 3198.97 405 -10405
f 1426/1309/1 1427/1310/1 1428/1311/1 1429/1312/1 

g Mesh182 Model

v 3398.97 405 -10805
v 3398.97 405 -11195
v 3398.97 600 -11195
v 3398.97 600 -10805
f 1430/1345/6 1431/1346/6 1432/1347/6 1433/1348/6 

g Mesh183 Model

v 3398.97 405 -11205
v 3398.97 405 -11595
v 3398.97 600 -11595
v 3398.97 600 -11205
f 1434/1325/6 1435/1326/6 1436/1327/6 1437/1328/6 

g Mesh184 Model

v 3398.97 205 -10805
v 3398.97 205 -11195
v 3398.97 395 -11195
v 3398.97 395 -10805
f 1438/1337/6 1439/1338/6 1440/1339/6 1441/1340/6 

g Mesh185 Model

v 3198.97 395 -10405
v 3198.97 395 -10795
v 3198.97 205 -10795
v 3198.97 205 -10405
f 1442/1313/1 1443/1314/1 1444/1315/1 1445/1316/1 

g Mesh186 Model

v 3398.97 405 -11605
v 3398.97 405 -11995
v 3398.97 600 -11995
v 3398.97 600 -11605
f 1446/1353/6 1447/1354/6 1448/1355/6 1449/1356/6 

g Mesh187 Model

v 3198.97 395 -11205
v 3198.97 395 -11595
v 3198.97 205 -11595
v 3198.97 205 -11205
f 1450/1365/1 1451/1366/1 1452/1367/1 1453/1368/1 

g Mesh188 Model

v 3398.97 205 -11205
v 3398.97 205 -11595
v 3398.97 395 -11595
v 3398.97 395 -11205
f 1454/1321/6 1455/1322/6 1456/1323/6 1457/1324/6 

g Mesh189 Model

v 3198.97 600 -11205
v 3198.97 600 -11595
v 3198.97 405 -11595
v 3198.97 405 -11205
f 1458/1333/1 1459/1334/1 1460/1335/1 1461/1336/1 

g Mesh190 Model

v 3398.97 0 -11605
v 3398.97 0 -11995
v 3398.97 195 -11995
v 3398.97 195 -11605
f 1462/696/6 1463/697/6 1464/698/6 1465/699/6 

usemtl FrontColor
v 3198.97 0 -11605
vt -125.944 456.89
v 3198.97 0 -11995
vt -125.944 472.244
vt -133.818 472.244
vt -133.818 456.89
f 1466/1634/2 1467/1635/2 1463/1636/2 1462/1637/2 

usemtl _Olive_
v 3198.97 195 -11605
v 3198.97 195 -11995
f 1468/844/1 1469/845/1 1467/846/1 1466/847/1 

g Mesh191 Model

v 3398.97 205 -11605
v 3398.97 205 -11995
v 3398.97 395 -11995
v 3398.97 395 -11605
f 1470/1369/6 1471/1370/6 1472/1371/6 1473/1372/6 

g Mesh192 Model

v 3398.97 0 -12005
v 3398.97 0 -12395
v 3398.97 195 -12395
v 3398.97 195 -12005
f 1474/692/6 1475/693/6 1476/694/6 1477/695/6 

usemtl FrontColor
v 3198.97 0 -12005
vt -125.944 472.638
v 3198.97 0 -12395
vt -125.944 487.992
vt -133.818 487.992
vt -133.818 472.638
f 1478/1638/2 1479/1639/2 1475/1640/2 1474/1641/2 

usemtl _Olive_
v 3198.97 195 -12005
v 3198.97 195 -12395
f 1480/848/1 1481/849/1 1479/850/1 1478/851/1 

g Mesh193 Model

v 3198.97 395 -11605
v 3198.97 395 -11995
v 3198.97 205 -11995
v 3198.97 205 -11605
f 1482/1405/1 1483/1406/1 1484/1407/1 1485/1408/1 

g Mesh194 Model

v 3198.97 600 -12005
v 3198.97 600 -12395
v 3198.97 405 -12395
v 3198.97 405 -12005
f 1486/1397/1 1487/1398/1 1488/1399/1 1489/1400/1 

g Mesh195 Model

v 3398.97 405 -12405
v 3398.97 405 -12795
v 3398.97 600 -12795
v 3398.97 600 -12405
f 1490/1377/6 1491/1378/6 1492/1379/6 1493/1380/6 

g Mesh196 Model

v 3198.97 600 -11605
v 3198.97 600 -11995
v 3198.97 405 -11995
v 3198.97 405 -11605
f 1494/1361/1 1495/1362/1 1496/1363/1 1497/1364/1 

g Mesh197 Model

v 3398.97 405 -12005
v 3398.97 405 -12395
v 3398.97 600 -12395
v 3398.97 600 -12005
f 1498/1389/6 1499/1390/6 1500/1391/6 1501/1392/6 

g Mesh198 Model

v 3398.97 205 -12005
v 3398.97 205 -12395
v 3398.97 395 -12395
v 3398.97 395 -12005
f 1502/1373/6 1503/1374/6 1504/1375/6 1505/1376/6 

g Mesh199 Model

v 3398.97 405 -12805
v 3398.97 405 -13195
v 3398.97 600 -13195
v 3398.97 600 -12805
f 1506/1413/6 1507/1414/6 1508/1415/6 1509/1416/6 

g Mesh200 Model

v 3398.97 0 -12405
v 3398.97 0 -12795
v 3398.97 195 -12795
v 3398.97 195 -12405
f 1510/688/6 1511/689/6 1512/690/6 1513/691/6 

usemtl FrontColor
v 3198.97 0 -12405
vt -125.944 488.386
v 3198.97 0 -12795
vt -125.944 503.74
vt -133.818 503.74
vt -133.818 488.386
f 1514/1642/2 1515/1643/2 1511/1644/2 1510/1645/2 

usemtl _Olive_
v 3198.97 195 -12405
v 3198.97 195 -12795
f 1516/852/1 1517/853/1 1515/854/1 1514/855/1 

g Mesh201 Model

v 3198.97 395 -12005
v 3198.97 395 -12395
v 3198.97 205 -12395
v 3198.97 205 -12005
f 1518/1421/1 1519/1422/1 1520/1423/1 1521/1424/1 

g Mesh202 Model

v 3198.97 395 -12405
v 3198.97 395 -12795
v 3198.97 205 -12795
v 3198.97 205 -12405
f 1522/1429/1 1523/1430/1 1524/1431/1 1525/1432/1 

g Mesh203 Model

v 3398.97 205 -12405
v 3398.97 205 -12795
v 3398.97 395 -12795
v 3398.97 395 -12405
f 1526/1401/6 1527/1402/6 1528/1403/6 1529/1404/6 

g Mesh204 Model

v 3198.97 600 -12405
v 3198.97 600 -12795
v 3198.97 405 -12795
v 3198.97 405 -12405
f 1530/1385/1 1531/1386/1 1532/1387/1 1533/1388/1 

g Mesh205 Model

v 3398.97 0 -12805
v 3398.97 0 -13195
v 3398.97 195 -13195
v 3398.97 195 -12805
f 1534/684/6 1535/685/6 1536/686/6 1537/687/6 

usemtl FrontColor
v 3198.97 0 -12805
vt -125.944 504.134
v 3198.97 0 -13195
vt -125.944 519.488
vt -133.818 519.488
vt -133.818 504.134
f 1538/1646/2 1539/1647/2 1535/1648/2 1534/1649/2 

usemtl _Olive_
v 3198.97 195 -12805
v 3198.97 195 -13195
f 1540/856/1 1541/857/1 1539/858/1 1538/859/1 

g Mesh206 Model

v 3398.97 205 -12805
v 3398.97 205 -13195
v 3398.97 395 -13195
v 3398.97 395 -12805
f 1542/1425/6 1543/1426/6 1544/1427/6 1545/1428/6 

g Mesh207 Model

v 3398.97 405 -13205
v 3398.97 405 -13595
v 3398.97 600 -13595
v 3398.97 600 -13205
f 1546/1461/6 1547/1462/6 1548/1463/6 1549/1464/6 

g Mesh208 Model

v 3198.97 600 -12805
v 3198.97 600 -13195
v 3198.97 405 -13195
v 3198.97 405 -12805
f 1550/1417/1 1551/1418/1 1552/1419/1 1553/1420/1 

g Mesh209 Model

v 3398.97 0 -13205
v 3398.97 0 -13595
v 3398.97 195 -13595
v 3398.97 195 -13205
f 1554/680/6 1555/681/6 1556/682/6 1557/683/6 

usemtl FrontColor
v 3198.97 0 -13205
vt -125.944 519.882
v 3198.97 0 -13595
vt -125.944 535.236
vt -133.818 535.236
vt -133.818 519.882
f 1558/1650/2 1559/1651/2 1555/1652/2 1554/1653/2 

usemtl _Olive_
v 3198.97 195 -13205
v 3198.97 195 -13595
f 1560/860/1 1561/861/1 1559/862/1 1558/863/1 

g Mesh210 Model

v 3398.97 205 -13205
v 3398.97 205 -13595
v 3398.97 395 -13595
v 3398.97 395 -13205
f 1562/1433/6 1563/1434/6 1564/1435/6 1565/1436/6 

g Mesh211 Model

v 3198.97 395 -12805
v 3198.97 395 -13195
v 3198.97 205 -13195
v 3198.97 205 -12805
f 1566/1469/1 1567/1470/1 1568/1471/1 1569/1472/1 

g Mesh212 Model

v 3398.97 405 -14005
v 3398.97 405 -14395
v 3398.97 600 -14395
v 3398.97 600 -14005
f 1570/1477/6 1571/1478/6 1572/1479/6 1573/1480/6 

g Mesh213 Model

v 3198.97 195 -13605
v 3198.97 195 -13995
v 3198.97 0 -13995
v 3198.97 0 -13605
f 1574/864/1 1575/865/1 1576/866/1 1577/867/1 

usemtl FrontColor
vt -125.944 535.63
vt -125.944 550.984
v 3398.97 0 -13995
vt -133.818 550.984
v 3398.97 0 -13605
vt -133.818 535.63
f 1577/1654/2 1576/1655/2 1578/1656/2 1579/1657/2 

usemtl _Olive_
v 3398.97 195 -13995
v 3398.97 195 -13605
f 1579/676/6 1578/677/6 1580/678/6 1581/679/6 

g Mesh214 Model

v 3198.97 600 -13205
v 3198.97 600 -13595
v 3198.97 405 -13595
v 3198.97 405 -13205
f 1582/1453/1 1583/1454/1 1584/1455/1 1585/1456/1 

g Mesh215 Model

v 3398.97 205 -13605
v 3398.97 205 -13995
v 3398.97 395 -13995
v 3398.97 395 -13605
f 1586/1465/6 1587/1466/6 1588/1467/6 1589/1468/6 

g Mesh216 Model

v 3198.97 395 -13205
v 3198.97 395 -13595
v 3198.97 205 -13595
v 3198.97 205 -13205
f 1590/1449/1 1591/1450/1 1592/1451/1 1593/1452/1 

g Mesh217 Model

v 3398.97 205 -14005
v 3398.97 205 -14395
v 3398.97 395 -14395
v 3398.97 395 -14005
f 1594/1485/6 1595/1486/6 1596/1487/6 1597/1488/6 

g Mesh218 Model

v 3198.97 600 -13605
v 3198.97 600 -13995
v 3198.97 405 -13995
v 3198.97 405 -13605
f 1598/1445/1 1599/1446/1 1600/1447/1 1601/1448/1 

g Mesh219 Model

v 3198.97 395 -13605
v 3198.97 395 -13995
v 3198.97 205 -13995
v 3198.97 205 -13605
f 1602/1489/1 1603/1490/1 1604/1491/1 1605/1492/1 

g Mesh220 Model

v 3398.97 405 -13605
v 3398.97 405 -13995
v 3398.97 600 -13995
v 3398.97 600 -13605
f 1606/1441/6 1607/1442/6 1608/1443/6 1609/1444/6 

g Mesh221 Model

v 3198.97 195 -14005
v 3198.97 195 -14395
v 3198.97 0 -14395
v 3198.97 0 -14005
f 1610/868/1 1611/869/1 1612/870/1 1613/871/1 

usemtl FrontColor
vt -125.944 551.378
vt -125.944 566.732
v 3398.97 0 -14395
vt -133.818 566.732
v 3398.97 0 -14005
vt -133.818 551.378
f 1613/1658/2 1612/1659/2 1614/1660/2 1615/1661/2 

usemtl _Olive_
v 3398.97 195 -14395
v 3398.97 195 -14005
f 1615/672/6 1614/673/6 1616/674/6 1617/675/6 

g Mesh222 Model

v 3198.97 395 -14005
v 3198.97 395 -14395
v 3198.97 205 -14395
v 3198.97 205 -14005
f 1618/1505/1 1619/1506/1 1620/1507/1 1621/1508/1 

g Mesh223 Model

v 3398.97 205 -14405
v 3398.97 205 -14795
v 3398.97 395 -14795
v 3398.97 395 -14405
f 1622/1509/6 1623/1510/6 1624/1511/6 1625/1512/6 

g Mesh224 Model

v 3198.97 600 -14005
v 3198.97 600 -14395
v 3198.97 405 -14395
v 3198.97 405 -14005
f 1626/1481/1 1627/1482/1 1628/1483/1 1629/1484/1 

g Mesh225 Model

v 3398.97 405 -14405
v 3398.97 405 -14795
v 3398.97 600 -14795
v 3398.97 600 -14405
f 1630/1513/6 1631/1514/6 1632/1515/6 1633/1516/6 

g Mesh226 Model

v 3398.97 395 -15400
vt 606.299 15.5512
v 3398.97 395 -15205
vt 598.622 15.5512
v 3398.97 205 -15205
vt 598.622 8.07087
v 3398.97 205 -15400
vt 606.299 8.07087
f 1634/1662/6 1635/1663/6 1636/1664/6 1637/1665/6 

usemtl FrontColor
vn 5.77529e-13 0 1
v 3403.97 205 -15400
vt 134.015 8.07087
v 3403.97 395 -15400
vt 134.015 15.5512
f 1637/1533/17 1638/1666/17 1639/1667/17 1634/1534/17 

usemtl _Olive_
v 3793.97 395 -15400
vt 149.369 15.5512
v 3793.97 205 -15400
vt 149.369 8.07087
f 1640/1668/5 1639/1667/5 1638/1666/5 1641/1669/5 

g Mesh227 Model

v 3398.97 600 -15400
vt 606.299 23.622
v 3398.97 600 -15205
vt 598.622 23.622
v 3398.97 405 -15205
vt 598.622 15.9449
v 3398.97 405 -15400
vt 606.299 15.9449
f 1642/1670/6 1643/1671/6 1644/1672/6 1645/1673/6 

usemtl FrontColor
vn 5.77529e-13 -4.94712e-43 1
v 3403.97 405 -15400
vt 134.015 15.9449
v 3403.97 600 -15400
vt 134.015 23.622
f 1645/1539/18 1646/1674/18 1647/1675/18 1642/1540/18 

usemtl _Olive_
v 3793.97 600 -15400
vt 149.369 23.622
v 3793.97 405 -15400
vt 149.369 15.9449
f 1648/1676/5 1647/1675/5 1646/1674/5 1649/1677/5 

g Mesh228 Model

v 3398.97 0 -14805
v 3398.97 0 -15195
v 3398.97 195 -15195
v 3398.97 195 -14805
f 1650/664/6 1651/665/6 1652/666/6 1653/667/6 

usemtl FrontColor
v 3198.97 0 -14805
vt -125.944 582.874
v 3198.97 0 -15195
vt -125.944 598.228
vt -133.818 598.228
vt -133.818 582.874
f 1654/1678/2 1655/1679/2 1651/1680/2 1650/1681/2 

usemtl _Olive_
v 3198.97 195 -14805
v 3198.97 195 -15195
f 1656/876/1 1657/877/1 1655/878/1 1654/879/1 

g Mesh229 Model

v 3198.97 195 -14405
v 3198.97 195 -14795
v 3198.97 0 -14795
v 3198.97 0 -14405
f 1658/872/1 1659/873/1 1660/874/1 1661/875/1 

usemtl FrontColor
vt -125.944 567.126
vt -125.944 582.48
v 3398.97 0 -14795
vt -133.818 582.48
v 3398.97 0 -14405
vt -133.818 567.126
f 1661/1682/2 1660/1683/2 1662/1684/2 1663/1685/2 

usemtl _Olive_
v 3398.97 195 -14795
v 3398.97 195 -14405
f 1663/668/6 1662/669/6 1664/670/6 1665/671/6 

g Mesh230 Model

v 3198.97 600 -14405
v 3198.97 600 -14795
v 3198.97 405 -14795
v 3198.97 405 -14405
f 1666/1521/1 1667/1522/1 1668/1523/1 1669/1524/1 

g Mesh231 Model

v 3398.97 205 -14805
v 3398.97 205 -15195
v 3398.97 395 -15195
v 3398.97 395 -14805
f 1670/1529/6 1671/1530/6 1672/1531/6 1673/1532/6 

g Mesh232 Model

v 3198.97 395 -14805
v 3198.97 395 -15195
v 3198.97 205 -15195
v 3198.97 205 -14805
f 1674/1541/1 1675/1542/1 1676/1543/1 1677/1544/1 

g Mesh233 Model

v 3198.97 600 -14805
v 3198.97 600 -15195
v 3198.97 405 -15195
v 3198.97 405 -14805
f 1678/1501/1 1679/1502/1 1680/1503/1 1681/1504/1 

g Mesh234 Model

v 11599 205 -15400
vt -606.299 8.07087
v 11599 205 -15205
v 11599 395 -15205
v 11599 395 -15400
vt -606.299 15.5512
f 1682/1686/1 1683/1546/1 1684/1547/1 1685/1687/1 

v 11404 395 -15400
vt 448.975 15.5512
v 11404 205 -15400
vt 448.975 8.07087
f 1685/1003/5 1686/1688/5 1687/1689/5 1682/1004/5 

g Mesh235 Model

v 11599 405 -15400
vt -606.299 15.9449
v 11599 405 -15205
v 11599 600 -15205
v 11599 600 -15400
vt -606.299 23.622
f 1688/1690/1 1689/1563/1 1690/1564/1 1691/1691/1 

v 11404 600 -15400
vt 448.975 23.622
v 11404 405 -15400
vt 448.975 15.9449
f 1691/993/5 1692/1692/5 1693/1693/5 1688/994/5 

g Mesh236 Model

v 3198.97 395 -14405
v 3198.97 395 -14795
v 3198.97 205 -14795
v 3198.97 205 -14405
f 1694/1525/1 1695/1526/1 1696/1527/1 1697/1528/1 

g Mesh237 Model

v 3398.97 405 -14805
v 3398.97 405 -15195
v 3398.97 600 -15195
v 3398.97 600 -14805
f 1698/1497/6 1699/1498/6 1700/1499/6 1701/1500/6 

g Mesh238 Model

v 3398.97 205 -10005
v 3398.97 205 -10395
v 3398.97 395 -10395
v 3398.97 395 -10005
f 1702/1285/6 1703/1286/6 1704/1287/6 1705/1288/6 

g Mesh239 Model

usemtl FrontColor
v 3198.97 0 -10005
vt -125.944 393.898
v 3198.97 0 -10395
vt -125.944 409.252
v 3398.97 0 -10395
vt -133.818 409.252
v 3398.97 0 -10005
vt -133.818 393.898
v 3388.97 0 -10005
vt -133.424 393.898
f 1706/1694/2 1707/1695/2 1708/1696/2 1709/1697/2 1710/1698/2 

usemtl _Olive_
v 3198.97 195 -10005
v 3198.97 195 -10395
f 1711/828/1 1712/829/1 1707/830/1 1706/831/1 

v 3398.97 195 -10395
v 3398.97 195 -10005
f 1709/712/6 1708/713/6 1713/714/6 1714/715/6 

g Mesh240 Model

v 11799 205 -15600
vt -464.526 8.07087
v 11404 205 -15600
vt -448.975 8.07087
v 11404 395 -15600
vt -448.975 15.5512
v 11799 395 -15600
vt -464.526 15.5512
f 1715/1699/3 1716/1700/3 1717/1701/3 1718/1702/3 

g Mesh241 Model

v 3398.97 205 -9205
v 3398.97 205 -9595
v 3398.97 395 -9595
v 3398.97 395 -9205
f 1719/1249/6 1720/1250/6 1721/1251/6 1722/1252/6 

g Mesh242 Model

v 3198.97 600 -10005
v 3198.97 600 -10395
v 3198.97 405 -10395
v 3198.97 405 -10005
f 1723/1281/1 1724/1282/1 1725/1283/1 1726/1284/1 

g Mesh243 Model

v 3198.97 195 -9205
v 3198.97 195 -9595
v 3198.97 0 -9595
v 3198.97 0 -9205
f 1727/820/1 1728/821/1 1729/822/1 1730/823/1 

usemtl FrontColor
vt -125.944 362.402
vt -125.944 377.756
v 3388.97 0 -9595
vt -133.424 377.756
v 3398.97 0 -9595
vt -133.818 377.756
v 3398.97 0 -9205
vt -133.818 362.402
f 1730/1703/2 1729/1704/2 1731/1705/2 1732/1706/2 1733/1707/2 

usemtl _Olive_
v 3398.97 195 -9595
v 3398.97 195 -9205
f 1733/720/6 1732/721/6 1734/722/6 1735/723/6 

g Mesh244 Model

v 3398.97 405 -10005
v 3398.97 405 -10395
v 3398.97 600 -10395
v 3398.97 600 -10005
f 1736/1277/6 1737/1278/6 1738/1279/6 1739/1280/6 

g Mesh245 Model

v 3198.97 600 -9605
v 3198.97 600 -9995
v 3198.97 405 -9995
v 3198.97 405 -9605
f 1740/1269/1 1741/1270/1 1742/1271/1 1743/1272/1 

g Mesh246 Model

v 3398.97 405 -9205
v 3398.97 405 -9595
v 3398.97 600 -9595
v 3398.97 600 -9205
f 1744/1233/6 1745/1234/6 1746/1235/6 1747/1236/6 

g Mesh247 Model

v 3198.97 395 -10005
v 3198.97 395 -10395
v 3198.97 205 -10395
v 3198.97 205 -10005
f 1748/1297/1 1749/1298/1 1750/1299/1 1751/1300/1 

g Mesh248 Model

v 11799 405 -15600
vt -464.526 15.9449
v 11404 405 -15600
vt -448.975 15.9449
v 11404 600 -15600
vt -448.975 23.622
v 11799 600 -15600
vt -464.526 23.622
f 1752/1708/3 1753/1709/3 1754/1710/3 1755/1711/3 

g Mesh249 Model

v 3198.97 395 -9205
v 3198.97 395 -9595
v 3198.97 205 -9595
v 3198.97 205 -9205
f 1756/1257/1 1757/1258/1 1758/1259/1 1759/1260/1 

g Mesh250 Model

v 3398.97 405 -9605
v 3398.97 405 -9995
v 3398.97 600 -9995
v 3398.97 600 -9605
f 1760/1265/6 1761/1266/6 1762/1267/6 1763/1268/6 

g Mesh251 Model

v 11394 405 -15600
vt -448.582 15.9449
v 11004 405 -15600
vt -433.227 15.9449
v 11004 600 -15600
vt -433.227 23.622
v 11394 600 -15600
vt -448.582 23.622
f 1764/1712/3 1765/1713/3 1766/1714/3 1767/1715/3 

g Mesh252 Model

v 11394 205 -15600
vt -448.582 8.07087
v 11004 205 -15600
vt -433.227 8.07087
v 11004 395 -15600
vt -433.227 15.5512
v 11394 395 -15600
vt -448.582 15.5512
f 1768/1716/3 1769/1717/3 1770/1718/3 1771/1719/3 

g Mesh253 Model

v 10994 205 -15600
vt -432.833 8.07087
v 10604 205 -15600
vt -417.479 8.07087
v 10604 395 -15600
vt -417.479 15.5512
v 10994 395 -15600
vt -432.833 15.5512
f 1772/1720/3 1773/1721/3 1774/1722/3 1775/1723/3 

g Mesh254 Model

v 10994 405 -15600
vt -432.833 15.9449
v 10604 405 -15600
vt -417.479 15.9449
v 10604 600 -15600
vt -417.479 23.622
v 10994 600 -15600
vt -432.833 23.622
f 1776/1724/3 1777/1725/3 1778/1726/3 1779/1727/3 

g Mesh255 Model

v 10994 395 -15400
vt 432.833 15.5512
v 10604 395 -15400
vt 417.479 15.5512
v 10604 205 -15400
vt 417.479 8.07087
v 10994 205 -15400
vt 432.833 8.07087
f 1780/1728/5 1781/1729/5 1782/1730/5 1783/1731/5 

g Mesh256 Model

v 11394 600 -15400
vt 448.582 23.622
v 11004 600 -15400
vt 433.227 23.622
v 11004 405 -15400
vt 433.227 15.9449
v 11394 405 -15400
vt 448.582 15.9449
f 1784/1732/5 1785/1733/5 1786/1734/5 1787/1735/5 

g Mesh257 Model

v 11394 395 -15400
vt 448.582 15.5512
v 11004 395 -15400
vt 433.227 15.5512
v 11004 205 -15400
vt 433.227 8.07087
v 11394 205 -15400
vt 448.582 8.07087
f 1788/1736/5 1789/1737/5 1790/1738/5 1791/1739/5 

g Mesh258 Model

v 10994 600 -15400
vt 432.833 23.622
v 10604 600 -15400
vt 417.479 23.622
v 10604 405 -15400
vt 417.479 15.9449
v 10994 405 -15400
vt 432.833 15.9449
f 1792/1740/5 1793/1741/5 1794/1742/5 1795/1743/5 

g Mesh259 Model

v 10594 405 -15600
vt -417.085 15.9449
v 10204 405 -15600
vt -401.731 15.9449
v 10204 600 -15600
vt -401.731 23.622
v 10594 600 -15600
vt -417.085 23.622
f 1796/1744/3 1797/1745/3 1798/1746/3 1799/1747/3 

g Mesh260 Model

v 10594 205 -15600
vt -417.085 8.07087
v 10204 205 -15600
vt -401.731 8.07087
v 10204 395 -15600
vt -401.731 15.5512
v 10594 395 -15600
vt -417.085 15.5512
f 1800/1748/3 1801/1749/3 1802/1750/3 1803/1751/3 

g Mesh261 Model

v 10594 395 -15400
vt 417.085 15.5512
v 10204 395 -15400
vt 401.731 15.5512
v 10204 205 -15400
vt 401.731 8.07087
v 10594 205 -15400
vt 417.085 8.07087
f 1804/1752/5 1805/1753/5 1806/1754/5 1807/1755/5 

g Mesh262 Model

v 10594 600 -15400
vt 417.085 23.622
v 10204 600 -15400
vt 401.731 23.622
v 10204 405 -15400
vt 401.731 15.9449
v 10594 405 -15400
vt 417.085 15.9449
f 1808/1756/5 1809/1757/5 1810/1758/5 1811/1759/5 

g Mesh263 Model

v 10194 405 -15600
vt -401.337 15.9449
v 9803.97 405 -15600
vt -385.983 15.9449
v 9803.97 600 -15600
vt -385.983 23.622
v 10194 600 -15600
vt -401.337 23.622
f 1812/1760/3 1813/1761/3 1814/1762/3 1815/1763/3 

g Mesh264 Model

v 10194 205 -15600
vt -401.337 8.07087
v 9803.97 205 -15600
vt -385.983 8.07087
v 9803.97 395 -15600
vt -385.983 15.5512
v 10194 395 -15600
vt -401.337 15.5512
f 1816/1764/3 1817/1765/3 1818/1766/3 1819/1767/3 

g Mesh265 Model

v 9793.97 405 -15600
vt -385.589 15.9449
v 9403.97 405 -15600
vt -370.235 15.9449
v 9403.97 600 -15600
vt -370.235 23.622
v 9793.97 600 -15600
vt -385.589 23.622
f 1820/1768/3 1821/1769/3 1822/1770/3 1823/1771/3 

g Mesh266 Model

v 10194 395 -15400
vt 401.337 15.5512
v 9803.97 395 -15400
vt 385.983 15.5512
v 9803.97 205 -15400
vt 385.983 8.07087
v 10194 205 -15400
vt 401.337 8.07087
f 1824/1772/5 1825/1773/5 1826/1774/5 1827/1775/5 

g Mesh267 Model

v 9793.97 395 -15400
vt 385.589 15.5512
v 9403.97 395 -15400
vt 370.235 15.5512
v 9403.97 205 -15400
vt 370.235 8.07087
v 9793.97 205 -15400
vt 385.589 8.07087
f 1828/1776/5 1829/1777/5 1830/1778/5 1831/1779/5 

g Mesh268 Model

v 10194 600 -15400
vt 401.337 23.622
v 9803.97 600 -15400
vt 385.983 23.622
v 9803.97 405 -15400
vt 385.983 15.9449
v 10194 405 -15400
vt 401.337 15.9449
f 1832/1780/5 1833/1781/5 1834/1782/5 1835/1783/5 

g Mesh269 Model

v 9393.97 395 -15400
vt 369.841 15.5512
v 9003.97 395 -15400
vt 354.487 15.5512
v 9003.97 205 -15400
vt 354.487 8.07087
v 9393.97 205 -15400
vt 369.841 8.07087
f 1836/1784/5 1837/1785/5 1838/1786/5 1839/1787/5 

g Mesh270 Model

v 9393.97 405 -15600
vt -369.841 15.9449
v 9003.97 405 -15600
vt -354.487 15.9449
v 9003.97 600 -15600
vt -354.487 23.622
v 9393.97 600 -15600
vt -369.841 23.622
f 1840/1788/3 1841/1789/3 1842/1790/3 1843/1791/3 

g Mesh271 Model

v 9393.97 600 -15400
vt 369.841 23.622
v 9003.97 600 -15400
vt 354.487 23.622
v 9003.97 405 -15400
vt 354.487 15.9449
v 9393.97 405 -15400
vt 369.841 15.9449
f 1844/1792/5 1845/1793/5 1846/1794/5 1847/1795/5 

g Mesh272 Model

v 9793.97 205 -15600
vt -385.589 8.07087
v 9403.97 205 -15600
vt -370.235 8.07087
v 9403.97 395 -15600
vt -370.235 15.5512
v 9793.97 395 -15600
vt -385.589 15.5512
f 1848/1796/3 1849/1797/3 1850/1798/3 1851/1799/3 

g Mesh273 Model

v 9393.97 205 -15600
vt -369.841 8.07087
v 9003.97 205 -15600
vt -354.487 8.07087
v 9003.97 395 -15600
vt -354.487 15.5512
v 9393.97 395 -15600
vt -369.841 15.5512
f 1852/1800/3 1853/1801/3 1854/1802/3 1855/1803/3 

g Mesh274 Model

v 9793.97 600 -15400
vt 385.589 23.622
v 9403.97 600 -15400
vt 370.235 23.622
v 9403.97 405 -15400
vt 370.235 15.9449
v 9793.97 405 -15400
vt 385.589 15.9449
f 1856/1804/5 1857/1805/5 1858/1806/5 1859/1807/5 

g Mesh275 Model

v 8993.97 395 -15400
vt 354.093 15.5512
v 8603.97 395 -15400
vt 338.739 15.5512
v 8603.97 205 -15400
vt 338.739 8.07087
v 8993.97 205 -15400
vt 354.093 8.07087
f 1860/1808/5 1861/1809/5 1862/1810/5 1863/1811/5 

g Mesh276 Model

v 8993.97 205 -15600
vt -354.093 8.07087
v 8603.97 205 -15600
vt -338.739 8.07087
v 8603.97 395 -15600
vt -338.739 15.5512
v 8993.97 395 -15600
vt -354.093 15.5512
f 1864/1812/3 1865/1813/3 1866/1814/3 1867/1815/3 

g Mesh277 Model

v 8593.97 405 -15600
vt -338.345 15.9449
v 8203.97 405 -15600
vt -322.991 15.9449
v 8203.97 600 -15600
vt -322.991 23.622
v 8593.97 600 -15600
vt -338.345 23.622
f 1868/1816/3 1869/1817/3 1870/1818/3 1871/1819/3 

g Mesh278 Model

v 8993.97 600 -15400
vt 354.093 23.622
v 8603.97 600 -15400
vt 338.739 23.622
v 8603.97 405 -15400
vt 338.739 15.9449
v 8993.97 405 -15400
vt 354.093 15.9449
f 1872/1820/5 1873/1821/5 1874/1822/5 1875/1823/5 

g Mesh279 Model

v 8593.97 395 -15400
vt 338.345 15.5512
v 8203.97 395 -15400
vt 322.991 15.5512
v 8203.97 205 -15400
vt 322.991 8.07087
v 8593.97 205 -15400
vt 338.345 8.07087
f 1876/1824/5 1877/1825/5 1878/1826/5 1879/1827/5 

g Mesh280 Model

v 8993.97 405 -15600
vt -354.093 15.9449
v 8603.97 405 -15600
vt -338.739 15.9449
v 8603.97 600 -15600
vt -338.739 23.622
v 8993.97 600 -15600
vt -354.093 23.622
f 1880/1828/3 1881/1829/3 1882/1830/3 1883/1831/3 

g Mesh281 Model

v 8593.97 600 -15400
vt 338.345 23.622
v 8203.97 600 -15400
vt 322.991 23.622
v 8203.97 405 -15400
vt 322.991 15.9449
v 8593.97 405 -15400
vt 338.345 15.9449
f 1884/1832/5 1885/1833/5 1886/1834/5 1887/1835/5 

g Mesh282 Model

v 8193.97 405 -15600
vt -322.597 15.9449
v 7803.97 405 -15600
vt -307.243 15.9449
v 7803.97 600 -15600
vt -307.243 23.622
v 8193.97 600 -15600
vt -322.597 23.622
f 1888/1836/3 1889/1837/3 1890/1838/3 1891/1839/3 

g Mesh283 Model

v 8193.97 395 -15400
vt 322.597 15.5512
v 7803.97 395 -15400
vt 307.243 15.5512
v 7803.97 205 -15400
vt 307.243 8.07087
v 8193.97 205 -15400
vt 322.597 8.07087
f 1892/1840/5 1893/1841/5 1894/1842/5 1895/1843/5 

g Mesh284 Model

v 8193.97 205 -15600
vt -322.597 8.07087
v 7803.97 205 -15600
vt -307.243 8.07087
v 7803.97 395 -15600
vt -307.243 15.5512
v 8193.97 395 -15600
vt -322.597 15.5512
f 1896/1844/3 1897/1845/3 1898/1846/3 1899/1847/3 

g Mesh285 Model

v 8193.97 600 -15400
vt 322.597 23.622
v 7803.97 600 -15400
vt 307.243 23.622
v 7803.97 405 -15400
vt 307.243 15.9449
v 8193.97 405 -15400
vt 322.597 15.9449
f 1900/1848/5 1901/1849/5 1902/1850/5 1903/1851/5 

g Mesh286 Model

v 8593.97 205 -15600
vt -338.345 8.07087
v 8203.97 205 -15600
vt -322.991 8.07087
v 8203.97 395 -15600
vt -322.991 15.5512
v 8593.97 395 -15600
vt -338.345 15.5512
f 1904/1852/3 1905/1853/3 1906/1854/3 1907/1855/3 

g Mesh287 Model

v 7793.97 205 -15600
vt -306.849 8.07087
v 7403.97 205 -15600
vt -291.495 8.07087
v 7403.97 395 -15600
vt -291.495 15.5512
v 7793.97 395 -15600
vt -306.849 15.5512
f 1908/1856/3 1909/1857/3 1910/1858/3 1911/1859/3 

g Mesh288 Model

v 7393.97 405 -15600
vt -291.101 15.9449
v 7003.97 405 -15600
vt -275.747 15.9449
v 7003.97 600 -15600
vt -275.747 23.622
v 7393.97 600 -15600
vt -291.101 23.622
f 1912/1860/3 1913/1861/3 1914/1862/3 1915/1863/3 

g Mesh289 Model

v 7793.97 395 -15400
vt 306.849 15.5512
v 7403.97 395 -15400
vt 291.495 15.5512
v 7403.97 205 -15400
vt 291.495 8.07087
v 7793.97 205 -15400
vt 306.849 8.07087
f 1916/1864/5 1917/1865/5 1918/1866/5 1919/1867/5 

g Mesh290 Model

v 7793.97 405 -15600
vt -306.849 15.9449
v 7403.97 405 -15600
vt -291.495 15.9449
v 7403.97 600 -15600
vt -291.495 23.622
v 7793.97 600 -15600
vt -306.849 23.622
f 1920/1868/3 1921/1869/3 1922/1870/3 1923/1871/3 

g Mesh291 Model

v 7793.97 600 -15400
vt 306.849 23.622
v 7403.97 600 -15400
vt 291.495 23.622
v 7403.97 405 -15400
vt 291.495 15.9449
v 7793.97 405 -15400
vt 306.849 15.9449
f 1924/1872/5 1925/1873/5 1926/1874/5 1927/1875/5 

g Mesh292 Model

v 7393.97 395 -15400
vt 291.101 15.5512
v 7003.97 395 -15400
vt 275.747 15.5512
v 7003.97 205 -15400
vt 275.747 8.07087
v 7393.97 205 -15400
vt 291.101 8.07087
f 1928/1876/5 1929/1877/5 1930/1878/5 1931/1879/5 

g Mesh293 Model

v 6993.97 600 -15400
vt 275.353 23.622
v 6603.97 600 -15400
vt 259.999 23.622
v 6603.97 405 -15400
vt 259.999 15.9449
v 6993.97 405 -15400
vt 275.353 15.9449
f 1932/1880/5 1933/1881/5 1934/1882/5 1935/1883/5 

g Mesh294 Model

v 6993.97 205 -15600
vt -275.353 8.07087
v 6603.97 205 -15600
vt -259.999 8.07087
v 6603.97 395 -15600
vt -259.999 15.5512
v 6993.97 395 -15600
vt -275.353 15.5512
f 1936/1884/3 1937/1885/3 1938/1886/3 1939/1887/3 

g Mesh295 Model

v 6993.97 405 -15600
vt -275.353 15.9449
v 6603.97 405 -15600
vt -259.999 15.9449
v 6603.97 600 -15600
vt -259.999 23.622
v 6993.97 600 -15600
vt -275.353 23.622
f 1940/1888/3 1941/1889/3 1942/1890/3 1943/1891/3 

g Mesh296 Model

v 7393.97 600 -15400
vt 291.101 23.622
v 7003.97 600 -15400
vt 275.747 23.622
v 7003.97 405 -15400
vt 275.747 15.9449
v 7393.97 405 -15400
vt 291.101 15.9449
f 1944/1892/5 1945/1893/5 1946/1894/5 1947/1895/5 

g Mesh297 Model

v 7393.97 205 -15600
vt -291.101 8.07087
v 7003.97 205 -15600
vt -275.747 8.07087
v 7003.97 395 -15600
vt -275.747 15.5512
v 7393.97 395 -15600
vt -291.101 15.5512
f 1948/1896/3 1949/1897/3 1950/1898/3 1951/1899/3 

g Mesh298 Model

v 6993.97 395 -15400
vt 275.353 15.5512
v 6603.97 395 -15400
vt 259.999 15.5512
v 6603.97 205 -15400
vt 259.999 8.07087
v 6993.97 205 -15400
vt 275.353 8.07087
f 1952/1900/5 1953/1901/5 1954/1902/5 1955/1903/5 

g Mesh299 Model

v 6593.97 600 -15400
vt 259.605 23.622
v 6203.97 600 -15400
vt 244.251 23.622
v 6203.97 405 -15400
vt 244.251 15.9449
v 6593.97 405 -15400
vt 259.605 15.9449
f 1956/1904/5 1957/1905/5 1958/1906/5 1959/1907/5 

g Mesh300 Model

v 6593.97 205 -15600
vt -259.605 8.07087
v 6203.97 205 -15600
vt -244.251 8.07087
v 6203.97 395 -15600
vt -244.251 15.5512
v 6593.97 395 -15600
vt -259.605 15.5512
f 1960/1908/3 1961/1909/3 1962/1910/3 1963/1911/3 

g Mesh301 Model

v 6193.97 405 -15600
vt -243.857 15.9449
v 5803.97 405 -15600
vt -228.503 15.9449
v 5803.97 600 -15600
vt -228.503 23.622
v 6193.97 600 -15600
vt -243.857 23.622
f 1964/1912/3 1965/1913/3 1966/1914/3 1967/1915/3 

g Mesh302 Model

v 6593.97 395 -15400
vt 259.605 15.5512
v 6203.97 395 -15400
vt 244.251 15.5512
v 6203.97 205 -15400
vt 244.251 8.07087
v 6593.97 205 -15400
vt 259.605 8.07087
f 1968/1916/5 1969/1917/5 1970/1918/5 1971/1919/5 

g Mesh303 Model

v 6593.97 405 -15600
vt -259.605 15.9449
v 6203.97 405 -15600
vt -244.251 15.9449
v 6203.97 600 -15600
vt -244.251 23.622
v 6593.97 600 -15600
vt -259.605 23.622
f 1972/1920/3 1973/1921/3 1974/1922/3 1975/1923/3 

g Mesh304 Model

v 5793.97 395 -15400
vt 228.109 15.5512
v 5403.97 395 -15400
vt 212.755 15.5512
v 5403.97 205 -15400
vt 212.755 8.07087
v 5793.97 205 -15400
vt 228.109 8.07087
f 1976/1924/5 1977/1925/5 1978/1926/5 1979/1927/5 

g Mesh305 Model

v 5793.97 405 -15600
vt -228.109 15.9449
v 5403.97 405 -15600
vt -212.755 15.9449
v 5403.97 600 -15600
vt -212.755 23.622
v 5793.97 600 -15600
vt -228.109 23.622
f 1980/1928/3 1981/1929/3 1982/1930/3 1983/1931/3 

g Mesh306 Model

v 6193.97 205 -15600
vt -243.857 8.07087
v 5803.97 205 -15600
vt -228.503 8.07087
v 5803.97 395 -15600
vt -228.503 15.5512
v 6193.97 395 -15600
vt -243.857 15.5512
f 1984/1932/3 1985/1933/3 1986/1934/3 1987/1935/3 

g Mesh307 Model

v 6193.97 395 -15400
vt 243.857 15.5512
v 5803.97 395 -15400
vt 228.503 15.5512
v 5803.97 205 -15400
vt 228.503 8.07087
v 6193.97 205 -15400
vt 243.857 8.07087
f 1988/1936/5 1989/1937/5 1990/1938/5 1991/1939/5 

g Mesh308 Model

v 5793.97 600 -15400
vt 228.109 23.622
v 5403.97 600 -15400
vt 212.755 23.622
v 5403.97 405 -15400
vt 212.755 15.9449
v 5793.97 405 -15400
vt 228.109 15.9449
f 1992/1940/5 1993/1941/5 1994/1942/5 1995/1943/5 

g Mesh309 Model

v 5793.97 205 -15600
vt -228.109 8.07087
v 5403.97 205 -15600
vt -212.755 8.07087
v 5403.97 395 -15600
vt -212.755 15.5512
v 5793.97 395 -15600
vt -228.109 15.5512
f 1996/1944/3 1997/1945/3 1998/1946/3 1999/1947/3 

g Mesh310 Model

v 6193.97 600 -15400
vt 243.857 23.622
v 5803.97 600 -15400
vt 228.503 23.622
v 5803.97 405 -15400
vt 228.503 15.9449
v 6193.97 405 -15400
vt 243.857 15.9449
f 2000/1948/5 2001/1949/5 2002/1950/5 2003/1951/5 

g Mesh311 Model

v 5393.97 205 -15600
vt -212.361 8.07087
v 5003.97 205 -15600
vt -197.007 8.07087
v 5003.97 395 -15600
vt -197.007 15.5512
v 5393.97 395 -15600
vt -212.361 15.5512
f 2004/1952/3 2005/1953/3 2006/1954/3 2007/1955/3 

g Mesh312 Model

v 5393.97 600 -15400
vt 212.361 23.622
v 5003.97 600 -15400
vt 197.007 23.622
v 5003.97 405 -15400
vt 197.007 15.9449
v 5393.97 405 -15400
vt 212.361 15.9449
f 2008/1956/5 2009/1957/5 2010/1958/5 2011/1959/5 

g Mesh313 Model

v 5393.97 405 -15600
vt -212.361 15.9449
v 5003.97 405 -15600
vt -197.007 15.9449
v 5003.97 600 -15600
vt -197.007 23.622
v 5393.97 600 -15600
vt -212.361 23.622
f 2012/1960/3 2013/1961/3 2014/1962/3 2015/1963/3 

g Mesh314 Model

v 5393.97 395 -15400
vt 212.361 15.5512
v 5003.97 395 -15400
vt 197.007 15.5512
v 5003.97 205 -15400
vt 197.007 8.07087
v 5393.97 205 -15400
vt 212.361 8.07087
f 2016/1964/5 2017/1965/5 2018/1966/5 2019/1967/5 

g Mesh315 Model

v 4993.97 395 -15400
vt 196.613 15.5512
v 4603.97 395 -15400
vt 181.259 15.5512
v 4603.97 205 -15400
vt 181.259 8.07087
v 4993.97 205 -15400
vt 196.613 8.07087
f 2020/1968/5 2021/1969/5 2022/1970/5 2023/1971/5 

g Mesh316 Model

v 4993.97 405 -15600
vt -196.613 15.9449
v 4603.97 405 -15600
vt -181.259 15.9449
v 4603.97 600 -15600
vt -181.259 23.622
v 4993.97 600 -15600
vt -196.613 23.622
f 2024/1972/3 2025/1973/3 2026/1974/3 2027/1975/3 

g Mesh317 Model

v 4993.97 600 -15400
vt 196.613 23.622
v 4603.97 600 -15400
vt 181.259 23.622
v 4603.97 405 -15400
vt 181.259 15.9449
v 4993.97 405 -15400
vt 196.613 15.9449
f 2028/1976/5 2029/1977/5 2030/1978/5 2031/1979/5 

g Mesh318 Model

v 4993.97 205 -15600
vt -196.613 8.07087
v 4603.97 205 -15600
vt -181.259 8.07087
v 4603.97 395 -15600
vt -181.259 15.5512
v 4993.97 395 -15600
vt -196.613 15.5512
f 2032/1980/3 2033/1981/3 2034/1982/3 2035/1983/3 

g Mesh319 Model

v 4593.97 395 -15400
vt 180.865 15.5512
v 4203.97 395 -15400
vt 165.511 15.5512
v 4203.97 205 -15400
vt 165.511 8.07087
v 4593.97 205 -15400
vt 180.865 8.07087
f 2036/1984/5 2037/1985/5 2038/1986/5 2039/1987/5 

g Mesh320 Model

v 4593.97 205 -15600
vt -180.865 8.07087
v 4203.97 205 -15600
vt -165.511 8.07087
v 4203.97 395 -15600
vt -165.511 15.5512
v 4593.97 395 -15600
vt -180.865 15.5512
f 2040/1988/3 2041/1989/3 2042/1990/3 2043/1991/3 

g Mesh321 Model

v 4593.97 600 -15400
vt 180.865 23.622
v 4203.97 600 -15400
vt 165.511 23.622
v 4203.97 405 -15400
vt 165.511 15.9449
v 4593.97 405 -15400
vt 180.865 15.9449
f 2044/1992/5 2045/1993/5 2046/1994/5 2047/1995/5 

g Mesh322 Model

v 4593.97 405 -15600
vt -180.865 15.9449
v 4203.97 405 -15600
vt -165.511 15.9449
v 4203.97 600 -15600
vt -165.511 23.622
v 4593.97 600 -15600
vt -180.865 23.622
f 2048/1996/3 2049/1997/3 2050/1998/3 2051/1999/3 

g Mesh323 Model

v 4193.97 205 -15600
vt -165.117 8.07087
v 3803.97 205 -15600
vt -149.763 8.07087
v 3803.97 395 -15600
vt -149.763 15.5512
v 4193.97 395 -15600
vt -165.117 15.5512
f 2052/2000/3 2053/2001/3 2054/2002/3 2055/2003/3 

g Mesh324 Model

v 3793.97 405 -15600
vt -149.369 15.9449
v 3403.97 405 -15600
vt -134.015 15.9449
v 3403.97 600 -15600
vt -134.015 23.622
v 3793.97 600 -15600
vt -149.369 23.622
f 2056/2004/3 2057/2005/3 2058/2006/3 2059/2007/3 

g Mesh325 Model

v 3793.97 205 -15600
vt -149.369 8.07087
v 3403.97 205 -15600
vt -134.015 8.07087
v 3403.97 395 -15600
vt -134.015 15.5512
v 3793.97 395 -15600
vt -149.369 15.5512
f 2060/2008/3 2061/2009/3 2062/2010/3 2063/2011/3 

g Mesh326 Model

v 4193.97 405 -15600
vt -165.117 15.9449
v 3803.97 405 -15600
vt -149.763 15.9449
v 3803.97 600 -15600
vt -149.763 23.622
v 4193.97 600 -15600
vt -165.117 23.622
f 2064/2012/3 2065/2013/3 2066/2014/3 2067/2015/3 

g Mesh327 Model

v 4193.97 600 -15400
vt 165.117 23.622
v 3803.97 600 -15400
vt 149.763 23.622
v 3803.97 405 -15400
vt 149.763 15.9449
v 4193.97 405 -15400
vt 165.117 15.9449
f 2068/2016/5 2069/2017/5 2070/2018/5 2071/2019/5 

g Mesh328 Model

v 4193.97 395 -15400
vt 165.117 15.5512
v 3803.97 395 -15400
vt 149.763 15.5512
v 3803.97 205 -15400
vt 149.763 8.07087
v 4193.97 205 -15400
vt 165.117 8.07087
f 2072/2020/5 2073/2021/5 2074/2022/5 2075/2023/5 

